<?xml version='1.0' encoding='utf-8'?>
<kml xmlns="http://www.opengis.net/kml/2.2"><Document><name>Харків — Усі автобусні маршрути (Перекладено)</name><Folder><name>Автобус №102</name><Placemark>
        <name>Основянське озеро</name>
        <description>Автобус-32, 102. Маршрутка – 220е, 259е.</description>
        <styleUrl>#icon-1499-A52714</styleUrl>
        <Point>
          <coordinates>
            36.2253485,49.9395872,0
          </coordinates>
        </Point>
      </Placemark>
      <Placemark>
        <name>Остановка пров. Заводський</name>
        <description>Автобус-32, 102, 123. Маршрутка – 220е, 259е.</description>
        <styleUrl>#icon-1532-A52714</styleUrl>
        <Point>
          <coordinates>
            36.2376848,49.9419916,0
          </coordinates>
        </Point>
      </Placemark>
      <Placemark>
        <name>Станція Основа</name>
        <description>Автобус-102. Маршрутка – 259е.</description>
        <styleUrl>#icon-1662-A52714</styleUrl>
        <Point>
          <coordinates>
            36.242184,49.936355,0
          </coordinates>
        </Point>
      </Placemark>
      <Placemark>
        <name>вул. Алексєєва</name>
        <description>Автобус-102, 107, 260. Маршрутка – 259е. Тролейбус-6.</description>
        <styleUrl>#icon-1532-A52714</styleUrl>
        <Point>
          <coordinates>
            36.244095,49.9343015,0
          </coordinates>
        </Point>
      </Placemark>
      <Placemark>
        <name>вул. Деповська</name>
        <description>Автобус-102, 107, 260. Маршрутка – 259е. Тролейбус-6.</description>
        <styleUrl>#icon-1532-A52714</styleUrl>
        <Point>
          <coordinates>
            36.2500063,49.9313525,0
          </coordinates>
        </Point>
      </Placemark>
      <Placemark>
        <name>вул. Естакадна</name>
        <description>Автобус-102, 107, 260. Маршрутка – 259е. Тролейбус-6.</description>
        <styleUrl>#icon-1532-A52714</styleUrl>
        <Point>
          <coordinates>
            36.2538656,49.9301139,0
          </coordinates>
        </Point>
      </Placemark>
      <Placemark>
        <name>вул. Південнопроектна</name>
        <description>Автобус-102, 107, 260. Маршрутка – 259е. Тролейбус-6, 49, 58.</description>
        <styleUrl>#icon-1532-A52714</styleUrl>
        <Point>
          <coordinates>
            36.2625707,49.9315133,0
          </coordinates>
        </Point>
      </Placemark>
      <Placemark>
        <name>вул. Льговська</name>
        <description>Автобус-102, 107, 260. Маршрутка – 259е. Тролейбус-6, 49, 58.</description>
        <styleUrl>#icon-1532-A52714</styleUrl>
        <Point>
          <coordinates>
            36.2615359,49.9365211,0
          </coordinates>
        </Point>
      </Placemark>
      <Placemark>
        <name>вул. Пільчикова</name>
        <description>Автобус-102, 107, 260. Маршрутка – 259е. Тролейбус-6, 49, 58.</description>
        <styleUrl>#icon-1542-A52714</styleUrl>
        <Point>
          <coordinates>
            36.2609274,49.9405557,0
          </coordinates>
        </Point>
      </Placemark>
      <Placemark>
        <name>вул. Одеська</name>
        <description>Автобус-102, 107, 260. Маршрутка – 259е. Тролейбус-6, 49, 58.</description>
        <styleUrl>#icon-1532-A52714</styleUrl>
        <Point>
          <coordinates>
            36.2609507,49.9462794,0
          </coordinates>
        </Point>
      </Placemark>
      <Placemark>
        <name>вул. Монюшка</name>
        <description>Автобус-102, 107, 260. Маршрутка – 259е. Тролейбус-3, 19, 35, 59.</description>
        <styleUrl>#icon-1532-A52714</styleUrl>
        <Point>
          <coordinates>
            36.2684066,49.9448979,0
          </coordinates>
        </Point>
      </Placemark>
      <Placemark>
        <name>вул. Миколи Кравченка</name>
        <description>Автобус-102, 107, 260. Маршрутка – 259е. Тролейбус-3, 19, 35, 59.</description>
        <styleUrl>#icon-1532-A52714</styleUrl>
        <Point>
          <coordinates>
            36.2751887,49.9440054,0
          </coordinates>
        </Point>
      </Placemark>
      <Placemark>
        <name>вул. Морозова</name>
        <description>Автобус-102, 107, 260. Маршрутка – 259е. Тролейбус-3, 19, 35, 59.</description>
        <styleUrl>#icon-1532-A52714</styleUrl>
        <Point>
          <coordinates>
            36.280692,49.9439226,0
          </coordinates>
        </Point>
      </Placemark>
      <Placemark>
        <name>вул. Павла Чубинського</name>
        <description>Автобус-102, 107. Троллейбус-3, 19, 35, 59.</description>
        <styleUrl>#icon-1532-A52714</styleUrl>
        <Point>
          <coordinates>
            36.290798,49.9438957,0
          </coordinates>
        </Point>
      </Placemark>
      <Placemark>
        <name>Остановка 28 мікрорайон</name>
        <description>Автобус-102, 107. Троллейбус-19, 35.</description>
        <styleUrl>#icon-1546-A52714</styleUrl>
        <Point>
          <coordinates>
            36.30172,49.9446385,0
          </coordinates>
        </Point>
      </Placemark>
      <Placemark>
        <name>Зупинка проїзд Садовий</name>
        <description>Автобус-102, 107. Троллейбус-19, 35.</description>
        <styleUrl>#icon-1582-A52714</styleUrl>
        <Point>
          <coordinates>
            36.3020141,49.9483619,0
          </coordinates>
        </Point>
      </Placemark>
      <Placemark>
        <name>вул. Киргизька</name>
        <description>Автобус-102, 107. Троллейбус-19, 35.</description>
        <styleUrl>#icon-1532-A52714</styleUrl>
        <Point>
          <coordinates>
            36.3021755,49.9519395,0
          </coordinates>
        </Point>
      </Placemark>
      <Placemark>
        <name>вул. Ковтуна</name>
        <description>Автобус-102, 107. Троллейбус-19, 35.</description>
        <styleUrl>#icon-1532-A52714</styleUrl>
        <Point>
          <coordinates>
            36.3043156,49.9590736,0
          </coordinates>
        </Point>
      </Placemark>
      <Placemark>
        <name>вул. Олімпійська</name>
        <description>Автобус-102.</description>
        <styleUrl>#icon-1532-A52714</styleUrl>
        <Point>
          <coordinates>
            36.3100018,49.960454,0
          </coordinates>
        </Point>
      </Placemark>
      <Placemark>
        <name>Палац Спорту</name>
        <description>Автобус-102. Троллейбус-1, 25.</description>
        <styleUrl>#icon-1520-A52714</styleUrl>
        <Point>
          <coordinates>
            36.3190208,49.9614845,0
          </coordinates>
        </Point>
      </Placemark>
      <Placemark>
        <name>Станція метро Палац спорту</name>
        <description>Автобус-102.</description>
        <styleUrl>#icon-1626-A52714</styleUrl>
        <Point>
          <coordinates>
            36.3216387,49.9658084,0
          </coordinates>
        </Point>
      </Placemark>
      <Placemark>
        <name>вул. Василя Мельникова</name>
        <description>Автобус-102. Троллейбус-13, 57.</description>
        <styleUrl>#icon-1532-A52714</styleUrl>
        <Point>
          <coordinates>
            36.3262806,49.9647019,0
          </coordinates>
        </Point>
      </Placemark>
      <Placemark>
        <name>Героїв Харкова</name>
        <description>Автобус-102. Троллейбус-13, 57.</description>
        <styleUrl>#icon-1532-A52714</styleUrl>
        <Point>
          <coordinates>
            36.3349209,49.9630238,0
          </coordinates>
        </Point>
      </Placemark>
      <Placemark>
        <name>Станція метро Армійська</name>
        <description>Автобус-102.</description>
        <styleUrl>#icon-1626-A52714</styleUrl>
        <Point>
          <coordinates>
            36.3446075,49.9612146,0
          </coordinates>
        </Point>
      </Placemark>
      <Placemark>
        <name>Остановка бул. Богдана Хмельницького</name>
        <description>Автобус-102. Тролейбус -7, 25.</description>
        <styleUrl>#icon-1532-A52714</styleUrl>
        <Point>
          <coordinates>
            36.3503448,49.9581485,0
          </coordinates>
        </Point>
      </Placemark>
      <Placemark>
        <name>Спорткомплекс ХТЗ</name>
        <description>Автобус-102.</description>
        <styleUrl>#icon-1680-A52714</styleUrl>
        <Point>
          <coordinates>
            36.3489529,49.9550975,0
          </coordinates>
        </Point>
      </Placemark>
      <Placemark>
        <name>вул. Пилипова</name>
        <description>Автобус-102. Троллейбус – 7.</description>
        <styleUrl>#icon-1532-A52714</styleUrl>
        <Point>
          <coordinates>
            36.3480572,49.9531282,0
          </coordinates>
        </Point>
      </Placemark>
      <Placemark>
        <name>вул. Осипенко</name>
        <description>Автобус-102. Троллейбус – 7.</description>
        <styleUrl>#icon-1532-A52714</styleUrl>
        <Point>
          <coordinates>
            36.3466445,49.9498317,0
          </coordinates>
        </Point>
      </Placemark>
      <Placemark>
        <name>вул. Комунальників</name>
        <description>Автобус -102. Троллейбус-3, 7, 59.</description>
        <styleUrl>#icon-1532-A52714</styleUrl>
        <Point>
          <coordinates>
            36.3554284,49.9478838,0
          </coordinates>
        </Point>
      </Placemark>
      <Placemark>
        <name>вул. Северина Потоцького</name>
        <description>Автобус -102. Троллейбус-3, 7, 59.</description>
        <styleUrl>#icon-1532-A52714</styleUrl>
        <Point>
          <coordinates>
            36.3636528,49.9444205,0
          </coordinates>
        </Point>
      </Placemark>
      <Placemark>
        <name>вул. Бекетова</name>
        <description>Автобус -102, 224. Троллейбус-3, 7, 59.</description>
        <styleUrl>#icon-1532-A52714</styleUrl>
        <Point>
          <coordinates>
            36.3710124,49.9419835,0
          </coordinates>
        </Point>
      </Placemark>
      <Placemark>
        <name>Лінія маршруту</name>
        <styleUrl>#line-A52714-5456-nodesc</styleUrl>
        <LineString>
          <tessellate>1</tessellate>
          <coordinates>
            36.2254626,49.9394174,0
            36.2260526,49.9396246,0
            36.2263423,49.9397903,0
            36.2265891,49.9399008,0
            36.2285095,49.9404808,0
            36.2313956,49.9413301,0
            36.2329942,49.9416822,0
            36.2336701,49.9417858,0
            36.2351292,49.9418825,0
            36.2396568,49.9420965,0
            36.2394959,49.9416408,0
            36.23941,49.9411713,0
            36.2393671,49.940833,0
            36.2394208,49.9403082,0
            36.2396568,49.9392241,0
            36.2397534,49.9389893,0
            36.2402362,49.9385129,0
            36.2418669,49.9367037,0
            36.2436157,49.9348116,0
            36.2448925,49.9334718,0
            36.2451392,49.9332577,0
            36.2453645,49.9332577,0
            36.245665,49.9333268,0
            36.2458903,49.9333406,0
            36.2460297,49.9333337,0
            36.2464374,49.9332025,0
            36.2490123,49.9324083,0
            36.2492591,49.9322771,0
            36.249699,49.9317868,0
            36.2504178,49.9310271,0
            36.2506968,49.9306749,0
            36.2510508,49.9303848,0
            36.2513405,49.9302259,0
            36.2515765,49.9301154,0
            36.2518877,49.9300464,0
            36.2523919,49.9300671,0
            36.2600523,49.9306472,0
            36.2624663,49.9308682,0
            36.2628096,49.9309994,0
            36.2626058,49.9312481,0
            36.2622946,49.9317591,0
            36.2621015,49.9322978,0
            36.2619191,49.9332232,0
            36.2613505,49.9368004,0
            36.2608033,49.9402944,0
            36.2603098,49.9433186,0
            36.2602776,49.9439193,0
            36.2603849,49.9466051,0
            36.2605673,49.9465567,0
            36.2611681,49.9462806,0
            36.2622517,49.9458801,0
            36.2632281,49.9455694,0
            36.2639254,49.9454797,0
            36.2653202,49.9453071,0
            36.2678951,49.9449964,0
            36.2715536,49.944589,0
            36.2728947,49.9444164,0
            36.274429,49.9442162,0
            36.2750083,49.9441334,0
            36.2763923,49.9440436,0
            36.2780124,49.9440229,0
            36.2801152,49.9440022,0
            36.2824863,49.9439884,0
            36.2919062,49.9439193,0
            36.3013583,49.9438227,0
            36.3016266,49.9442853,0
            36.301809,49.9452242,0
            36.3018411,49.9461218,0
            36.3018519,49.9483586,0
            36.3019055,49.9514169,0
            36.3021094,49.9534948,0
            36.3023025,49.9540953,0
            36.3027853,49.9554276,0
            36.3035899,49.9575536,0
            36.304695,49.9605561,0
            36.3051456,49.9616052,0
            36.3058966,49.9614671,0
            36.3087183,49.9609978,0
            36.3093621,49.9607838,0
            36.3098556,49.9605906,0
            36.3104135,49.9604249,0
            36.3113254,49.9602593,0
            36.3176018,49.9590514,0
            36.3178378,49.9590238,0
            36.3179773,49.9595138,0
            36.3198656,49.9635514,0
            36.3207883,49.9655322,0
            36.3209814,49.9660636,0
            36.3224727,49.9656702,0
            36.3247365,49.965125,0
            36.326099,49.9648489,0
            36.3273221,49.9646212,0
            36.328674,49.964352,0
            36.3324183,49.9636205,0
            36.3360125,49.9629579,0
            36.3381797,49.9625093,0
            36.3418382,49.9618674,0
            36.3431364,49.9616052,0
            36.3457328,49.9610875,0
            36.3463765,49.9609495,0
            36.3478571,49.9606527,0
            36.3511616,49.9600315,0
            36.3504428,49.9584233,0
            36.3499707,49.9573327,0
            36.3491875,49.9554759,0
            36.3482112,49.9531979,0
            36.3468271,49.9499672,0
            36.3466448,49.949553,0
            36.3469774,49.9494287,0
            36.3475889,49.9493252,0
            36.3539296,49.9482137,0
            36.3549703,49.9480411,0
            36.3559896,49.9477787,0
            36.3563544,49.947613,0
            36.3571805,49.9471436,0
            36.3580281,49.9466948,0
            36.358822,49.9463634,0
            36.3599271,49.9459354,0
            36.3628238,49.9447686,0
            36.3634354,49.9445476,0
            36.3677055,49.9431322,0
            36.369186,49.9426489,0
            36.3749796,49.9407087,0
            36.3750654,49.9407915,0
            36.3744934,49.9410169,0
          </coordinates>
        </LineString>
      </Placemark>
    <Placemark>
        <name>Лінія маршруту</name>
        <styleUrl>#line-000000-5069-nodesc</styleUrl>
        <LineString>
          <tessellate>1</tessellate>
          <coordinates>
            36.3744934,49.9410169,0
            36.3738926,49.9412172,0
            36.3691183,49.9427845,0
            36.3660927,49.9438133,0
            36.3629385,49.9448628,0
            36.3622625,49.9451389,0
            36.3607498,49.9457258,0
            36.3582392,49.9467338,0
            36.357574,49.9470514,0
            36.357102,49.9473137,0
            36.3565977,49.9476244,0
            36.3561042,49.9478315,0
            36.3555141,49.9480179,0
            36.3543769,49.9482388,0
            36.349345,49.9491501,0
            36.3469847,49.9495367,0
            36.3473173,49.9503513,0
            36.3484116,49.9527951,0
            36.3499137,49.9562811,0
            36.3508685,49.9583656,0
            36.3517054,49.9603327,0
            36.3478752,49.9611127,0
            36.3416632,49.9623136,0
            36.3346143,49.9636318,0
            36.3262351,49.9651915,0
            36.3253339,49.9653572,0
            36.3229414,49.9659852,0
            36.3210424,49.9665235,0
            36.3206454,49.9657229,0
            36.3194652,49.9631487,0
            36.3183816,49.9607814,0
            36.3176306,49.9591594,0
            36.310571,49.9604846,0
            36.3099166,49.9606502,0
            36.3095732,49.9608228,0
            36.3088437,49.9610713,0
            36.3064941,49.9614854,0
            36.3048847,49.9617407,0
            36.3039084,49.9593595,0
            36.3027175,49.9559083,0
            36.3020094,49.9539203,0
            36.3018592,49.9534302,0
            36.3017841,49.9529263,0
            36.301709,49.9523464,0
            36.3016339,49.949012,0
            36.3016339,49.9470652,0
            36.3015803,49.945926,0
            36.3015588,49.9453737,0
            36.3013549,49.944559,0
            36.3010975,49.9439514,0
            36.299059,49.943979,0
            36.2893279,49.9440549,0
            36.2811525,49.9441378,0
            36.2774833,49.9441654,0
            36.2757881,49.9442276,0
            36.2740286,49.9444002,0
            36.272709,49.9445797,0
            36.2703486,49.9448904,0
            36.2684174,49.9450906,0
            36.2634071,49.9456567,0
            36.2629564,49.9457741,0
            36.2615724,49.9462781,0
            36.2610145,49.9465612,0
            36.2605532,49.9466993,0
            36.2599095,49.9466854,0
            36.2599738,49.9454979,0
            36.2599738,49.9440549,0
            36.2600811,49.9430814,0
            36.260285,49.9416936,0
            36.2605961,49.9396083,0
            36.260875,49.9377923,0
            36.2611218,49.9361902,0
            36.2615724,49.9333796,0
            36.2617977,49.9321434,0
            36.2621625,49.9314183,0
            36.2624522,49.9309694,0
            36.2614651,49.9308796,0
            36.2582572,49.930631,0
            36.2546523,49.9303271,0
            36.2532039,49.9302511,0
            36.2523564,49.9301682,0
            36.252013,49.930182,0
            36.2516697,49.9302028,0
            36.2514337,49.9302787,0
            36.2509187,49.9307138,0
            36.249996,49.9316945,0
            36.2496098,49.9321365,0
            36.249245,49.9324335,0
            36.2488802,49.9325785,0
            36.2465306,49.9333174,0
            36.2460049,49.9334763,0
            36.2457045,49.9334417,0
            36.2452324,49.9334072,0
            36.2450178,49.9334832,0
            36.2428935,49.9358242,0
            36.2412949,49.9375989,0
            36.2401684,49.9387383,0
            36.2398573,49.9391457,0
            36.2397392,49.9396981,0
            36.2394817,49.9408443,0
            36.2398143,49.9422045,0
            36.2362416,49.9420595,0
            36.2345465,49.9419767,0
            36.2335058,49.9418731,0
            36.2329157,49.941811,0
            36.2305554,49.9412034,0
            36.2264677,49.9400088,0
            36.2260385,49.9397395,0
            36.2256523,49.9396152,0
            36.2251266,49.9394357,0
            36.2248369,49.9393943,0
            36.2241502,49.9393943,0
            36.2225516,49.9393943,0
            36.2219616,49.93927,0
            36.2220581,49.9390628,0
            36.2224014,49.9389592,0
            36.2226267,49.9390421,0
            36.2226911,49.9392078,0
            36.222734,49.9392838,0
            36.2237962,49.9392769,0
            36.2246009,49.9392631,0
            36.225266,49.9393528,0
            36.2255986,49.9394909,0
          </coordinates>
        </LineString>
      </Placemark>
      <Placemark>
        <name>Остановка ринок "ХТЗ"</name>
        <description>Автобус-102.</description>
        <styleUrl>#icon-1499-000000</styleUrl>
        <Point>
          <coordinates>
            36.3742528,49.9410941,0
          </coordinates>
        </Point>
      </Placemark>
      <Placemark>
        <name>вул. Архітектора Альошина</name>
        <description>Автобус -102, 224. Троллейбус-3, 7, 59.</description>
        <styleUrl>#icon-1532-000000</styleUrl>
        <Point>
          <coordinates>
            36.369201,49.9428686,0
          </coordinates>
        </Point>
      </Placemark>
      <Placemark>
        <name>вул. Северина Потоцького</name>
        <description>Автобус -102. Троллейбус-3, 7, 59.</description>
        <styleUrl>#icon-1532-000000</styleUrl>
        <Point>
          <coordinates>
            36.3623131,49.9452575,0
          </coordinates>
        </Point>
      </Placemark>
      <Placemark>
        <name>вул. Комунальників</name>
        <description>Автобус -102. Троллейбус-3, 7, 59.</description>
        <styleUrl>#icon-1532-000000</styleUrl>
        <Point>
          <coordinates>
            36.3541565,49.9483661,0
          </coordinates>
        </Point>
      </Placemark>
      <Placemark>
        <name>вул. Осипенко</name>
        <description>Автобус-102. Троллейбус – 7.</description>
        <styleUrl>#icon-1532-000000</styleUrl>
        <Point>
          <coordinates>
            36.3471537,49.949853,0
          </coordinates>
        </Point>
      </Placemark>
      <Placemark>
        <name>вул. Пилипова</name>
        <description>Автобус-102. Троллейбус – 7.</description>
        <styleUrl>#icon-1532-000000</styleUrl>
        <Point>
          <coordinates>
            36.3483446,49.952283,0
          </coordinates>
        </Point>
      </Placemark>
      <Placemark>
        <name>Остановка спорткомплекс ХТЗ</name>
        <description>Автобус-102. Троллейбус-25.</description>
        <styleUrl>#icon-1680-000000</styleUrl>
        <Point>
          <coordinates>
            36.3497284,49.9554464,0
          </coordinates>
        </Point>
      </Placemark>
      <Placemark>
        <name>Остановка бульвар Богдана Хмельницького</name>
        <description>Автобус-102.</description>
        <styleUrl>#icon-1532-000000</styleUrl>
        <Point>
          <coordinates>
            36.3513485,49.9592428,0
          </coordinates>
        </Point>
      </Placemark>
      <Placemark>
        <name>Станція метро Армійська</name>
        <description>Автобус-102е. Троллейбус-36.</description>
        <styleUrl>#icon-1626-000000</styleUrl>
        <Point>
          <coordinates>
            36.3438107,49.9619656,0
          </coordinates>
        </Point>
      </Placemark>
      <Placemark>
        <name>Героїв Харкова</name>
        <description>Автобус-102. Троллейбус-13, 57.</description>
        <styleUrl>#icon-1532-000000</styleUrl>
        <Point>
          <coordinates>
            36.3335416,49.9639361,0
          </coordinates>
        </Point>
      </Placemark>
      <Placemark>
        <name>вул. Василя Мельникова</name>
        <description>Автобус-102. Троллейбус-13, 57.</description>
        <styleUrl>#icon-1532-000000</styleUrl>
        <Point>
          <coordinates>
            36.3266537,49.965168,0
          </coordinates>
        </Point>
      </Placemark>
      <Placemark>
        <name>Станція метро Палац спорту</name>
        <description>Автобус-102. Троллейбус-1.</description>
        <styleUrl>#icon-1626-000000</styleUrl>
        <Point>
          <coordinates>
            36.320053,49.9646642,0
          </coordinates>
        </Point>
      </Placemark>
      <Placemark>
        <name>Палац спорту</name>
        <description>Автобус-102. Троллейбус-1, 25.</description>
        <styleUrl>#icon-1520-000000</styleUrl>
        <Point>
          <coordinates>
            36.3184312,49.9615323,0
          </coordinates>
        </Point>
      </Placemark>
      <Placemark>
        <name>вул. Олімпійська</name>
        <description>Автобус-102.</description>
        <styleUrl>#icon-1532-000000</styleUrl>
        <Point>
          <coordinates>
            36.3110318,49.9604402,0
          </coordinates>
        </Point>
      </Placemark>
      <Placemark>
        <name>вул. Олімпійська</name>
        <description>Автобус-102, 107. Троллейбус-19, 35.</description>
        <styleUrl>#icon-1532-000000</styleUrl>
        <Point>
          <coordinates>
            36.3046505,49.961201,0
          </coordinates>
        </Point>
      </Placemark>
      <Placemark>
        <name>вул. Ковтуна</name>
        <description>Автобус-102, 107. Троллейбус-19, 35.</description>
        <styleUrl>#icon-1532-000000</styleUrl>
        <Point>
          <coordinates>
            36.3034702,49.958544,0
          </coordinates>
        </Point>
      </Placemark>
      <Placemark>
        <name>Зупинка Енергоремонтне підприємство</name>
        <description>Автобус-102, 107. Троллейбус-19, 35.</description>
        <styleUrl>#icon-1565-000000</styleUrl>
        <Point>
          <coordinates>
            36.3017307,49.9535856,0
          </coordinates>
        </Point>
      </Placemark>
      <Placemark>
        <name>Зупинка проїзд Садовий</name>
        <description>Автобус-102, 107. Троллейбус-19, 35.</description>
        <styleUrl>#icon-1582-000000</styleUrl>
        <Point>
          <coordinates>
            36.3013874,49.9493814,0
          </coordinates>
        </Point>
      </Placemark>
      <Placemark>
        <name>Остановка 28 мікрорайон</name>
        <description>Автобус-102, 107. Троллейбус-3, 19, 35, 59.</description>
        <styleUrl>#icon-1546-000000</styleUrl>
        <Point>
          <coordinates>
            36.3000701,49.9440816,0
          </coordinates>
        </Point>
      </Placemark>
      <Placemark>
        <name>вул. Павла Чубинського</name>
        <description>Автобус-102, 107. Троллейбус-3, 19, 35, 59.</description>
        <styleUrl>#icon-1532-000000</styleUrl>
        <Point>
          <coordinates>
            36.2903694,49.9441578,0
          </coordinates>
        </Point>
      </Placemark>
      <Placemark>
        <name>вул. Морозова</name>
        <description>Автобус-102, 107, 260. Маршрутка – 259е. Тролейбус-3, 19, 35, 59.</description>
        <styleUrl>#icon-1532-000000</styleUrl>
        <Point>
          <coordinates>
            36.2803809,49.9442148,0
          </coordinates>
        </Point>
      </Placemark>
      <Placemark>
        <name>вул. Миколи Кравченка</name>
        <description>Автобус-102, 107, 260. Маршрутка – 259е. Тролейбус-3, 19, 35, 59.</description>
        <styleUrl>#icon-1532-000000</styleUrl>
        <Point>
          <coordinates>
            36.2744013,49.9444031,0
          </coordinates>
        </Point>
      </Placemark>
      <Placemark>
        <name>вул. Манюшка</name>
        <description>Автобус-102, 107, 260. Маршрутка – 259е. Тролейбус-3, 19, 35, 59.</description>
        <styleUrl>#icon-1532-000000</styleUrl>
        <Point>
          <coordinates>
            36.2695304,49.9449624,0
          </coordinates>
        </Point>
      </Placemark>
      <Placemark>
        <name>вул. Одеська</name>
        <description>Автобус-102, 107, 260. Маршрутка – 259е. Тролейбус-6, 49, 58.</description>
        <styleUrl>#icon-1532-000000</styleUrl>
        <Point>
          <coordinates>
            36.2595956,49.9461154,0
          </coordinates>
        </Point>
      </Placemark>
      <Placemark>
        <name>вул. Пільчикова</name>
        <description>Автобус-102, 107, 260. Маршрутка – 259е. Тролейбус-6, 49, 58.</description>
        <styleUrl>#icon-1532-000000</styleUrl>
        <Point>
          <coordinates>
            36.2603788,49.940136,0
          </coordinates>
        </Point>
      </Placemark>
      <Placemark>
        <name>вул. Льговська</name>
        <description>Автобус-102, 107, 260. Маршрутка – 259е. Тролейбус-6, 49, 58.</description>
        <styleUrl>#icon-1532-000000</styleUrl>
        <Point>
          <coordinates>
            36.2611177,49.9353716,0
          </coordinates>
        </Point>
      </Placemark>
      <Placemark>
        <name>вул. Південнопроектна</name>
        <description>Автобус-102, 107, 260. Маршрутка – 259е. Тролейбус-6.</description>
        <styleUrl>#icon-1532-000000</styleUrl>
        <Point>
          <coordinates>
            36.2609803,49.9308736,0
          </coordinates>
        </Point>
      </Placemark>
      <Placemark>
        <name>вул. Лисичанська</name>
        <description>Автобус-102, 107, 260. Маршрутка – 259е. Тролейбус-6.</description>
        <styleUrl>#icon-1532-000000</styleUrl>
        <Point>
          <coordinates>
            36.2562914,49.9304239,0
          </coordinates>
        </Point>
      </Placemark>
      <Placemark>
        <name>вул. Алексєєва</name>
        <description>Автобус-102, 107, 260. Маршрутка – 259е. Тролейбус-6.</description>
        <styleUrl>#icon-1532-000000</styleUrl>
        <Point>
          <coordinates>
            36.2439855,49.9347858,0
          </coordinates>
        </Point>
      </Placemark>
      <Placemark>
        <name>Остановка станція Основа</name>
        <description>Автобус-102. Маршрутка – 259е.</description>
        <styleUrl>#icon-1662-000000</styleUrl>
        <Point>
          <coordinates>
            36.2417155,49.9371828,0
          </coordinates>
        </Point>
      </Placemark>
      <Placemark>
        <name>вул. Деповська</name>
        <description>Автобус-102, 107, 260. Маршрутка – 259е. Тролейбус-6.</description>
        <styleUrl>#icon-1532-000000</styleUrl>
        <Point>
          <coordinates>
            36.2504027,49.9312118,0
          </coordinates>
        </Point>
      </Placemark>
      <Placemark>
        <name>Остановка пров. Заводський</name>
        <description>Автобус-32, 102, 123. Маршрутка – 220е, 259е.</description>
        <styleUrl>#icon-1532-000000</styleUrl>
        <Point>
          <coordinates>
            36.238365,49.9421796,0
          </coordinates>
        </Point>
      </Placemark>
    </Folder><Folder><name>Автобус №107</name><Placemark>
        <name>Лінія маршруту</name>
        <styleUrl>#line-A52714-5263-nodesc</styleUrl>
        <LineString>
          <tessellate>1</tessellate>
          <coordinates>
            36.2408361,49.9366107,0
            36.2403641,49.9365554,0
            36.2402139,49.9364311,0
            36.2403426,49.9362378,0
            36.2406108,49.9361342,0
            36.2409434,49.9362654,0
            36.2412116,49.9365692,0
            36.2414262,49.9366728,0
            36.2418446,49.9367833,0
            36.2435076,49.9349602,0
            36.2449024,49.9334272,0
            36.2450633,49.9332821,0
            36.2452564,49.9332752,0
            36.2455997,49.9332959,0
            36.2458358,49.9333374,0
            36.2460396,49.9333512,0
            36.2463078,49.9332752,0
            36.2472091,49.9329437,0
            36.2485931,49.9325501,0
            36.2490759,49.9323982,0
            36.2494085,49.9321634,0
            36.2498054,49.9317283,0
            36.2499771,49.9314935,0
            36.2510393,49.9303677,0
            36.2514255,49.9301605,0
            36.2518868,49.9300293,0
            36.2523482,49.9300224,0
            36.2548694,49.9302365,0
            36.2564573,49.9303677,0
            36.2577555,49.9304575,0
            36.2584851,49.9305197,0
            36.2608454,49.9307131,0
            36.2620041,49.9307959,0
            36.2624977,49.9308788,0
            36.2628088,49.9310031,0
            36.2624977,49.9314382,0
            36.262326,49.9316523,0
            36.2621114,49.9321495,0
            36.2619827,49.932778,0
            36.2618432,49.9337103,0
            36.2612531,49.9373081,0
            36.2604055,49.9425283,0
            36.2602875,49.9454005,0
            36.2603626,49.9465949,0
            36.2606845,49.9465397,0
            36.2614999,49.9462635,0
            36.2632487,49.9455041,0
            36.2646863,49.9453522,0
            36.266521,49.9451105,0
            36.2678513,49.9449863,0
            36.2719176,49.9445513,0
            36.2746963,49.9441923,0
            36.2762306,49.9440956,0
            36.2785373,49.9440058,0
            36.2828073,49.9439575,0
            36.2933645,49.9438954,0
            36.3013575,49.9438401,0
            36.3015292,49.9443373,0
            36.3017008,49.9449586,0
            36.3018296,49.9458769,0
            36.3018618,49.9470644,0
            36.301851,49.9492253,0
            36.3019583,49.952387,0
            36.3021729,49.9537953,0
            36.3024733,49.9545753,0
            36.3031385,49.9563562,0
            36.3038359,49.9582199,0
            36.3046727,49.9604148,0
            36.3050053,49.9613604,0
            36.3061747,49.9645075,0
            36.3073227,49.9674889,0
            36.3084278,49.9702147,0
            36.3098225,49.9738857,0
            36.3104341,49.9759695,0
            36.3110778,49.9802748,0
            36.3115284,49.9831447,0
            36.3121292,49.9877391,0
            36.3123653,49.9881668,0
            36.3126657,49.9888428,0
            36.314275,49.9937401,0
            36.3158843,49.9983335,0
            36.3197682,49.9980438,0
            36.3290808,49.997299,0
            36.3290379,49.9977128,0
            36.3291237,49.9986231,0
            36.3294241,49.9998369,0
            36.3298104,50.0009955,0
            36.3303468,50.0020575,0
            36.3307116,50.0028436,0
            36.3313553,50.0039332,0
            36.3319025,50.0047193,0
            36.3323638,50.0052709,0
            36.3335869,50.0066362,0
            36.3349495,50.0081394,0
            36.3358185,50.0091323,0
            36.3362799,50.0095115,0
            36.3380287,50.0108009,0
            36.3393161,50.0117662,0
            36.3411615,50.013152,0
            36.3413224,50.0133105,0
            36.3416979,50.0138069,0
            36.3441226,50.016537,0
            36.3461289,50.0188396,0
            36.3480816,50.0211489,0
            36.3485,50.0216176,0
            36.3503024,50.0237131,0
            36.3525662,50.0262773,0
            36.3542614,50.0282347,0
            36.35483,50.028855,0
            36.3569007,50.0312672,0
            36.3592181,50.0339757,0
            36.3595829,50.0342927,0
            36.3613102,50.0363049,0
            36.3637779,50.039144,0
            36.3652799,50.0407771,0
            36.365001,50.0409218,0
            36.3647113,50.0408942,0
            36.3644538,50.0407426,0
            36.3644645,50.0404877,0
            36.3644752,50.040281,0
            36.3644538,50.0401776,0
            36.3643787,50.0400674,0
          </coordinates>
        </LineString>
      </Placemark>
      <Placemark>
        <name>Станція Основа</name>
        <description>Автобус-107, 260. Троллейбус – 6.</description>
        <styleUrl>#icon-1499-A52714</styleUrl>
        <Point>
          <coordinates>
            36.2405336,49.9365864,0
          </coordinates>
        </Point>
      </Placemark>
      <Placemark>
        <name>вул. Алексєєва</name>
        <description>Автобус -102, 107, 260. Маршрутка -259е. Троллейбус-6.</description>
        <styleUrl>#icon-1532-A52714</styleUrl>
        <Point>
          <coordinates>
            36.2440097,49.934349,0
          </coordinates>
        </Point>
      </Placemark>
      <Placemark>
        <name>вул. Деповська</name>
        <description>Автобус -102, 107, 260. Маршрутка -259е. Троллейбус-6.</description>
        <styleUrl>#icon-1532-A52714</styleUrl>
        <Point>
          <coordinates>
            36.2500435,49.9313134,0
          </coordinates>
        </Point>
      </Placemark>
      <Placemark>
        <name>вул. Естакадна</name>
        <description>Автобус -102, 107, 260. Маршрутка -259е. Троллейбус-6.</description>
        <styleUrl>#icon-1532-A52714</styleUrl>
        <Point>
          <coordinates>
            36.2538673,49.930095,0
          </coordinates>
        </Point>
      </Placemark>
      <Placemark>
        <name>вул. Південнопроектна</name>
        <description>Автобус – 68, 102, 107, 260. Маршрутка -259е. Троллейбус-6, 49, 58.</description>
        <styleUrl>#icon-1532-A52714</styleUrl>
        <Point>
          <coordinates>
            36.2625947,49.9315365,0
          </coordinates>
        </Point>
      </Placemark>
      <Placemark>
        <name>вул. Одеська</name>
        <description>Тролейбус-19, 35.</description>
        <styleUrl>#icon-1532-A52714</styleUrl>
        <Point>
          <coordinates>
            36.2618165,49.9463314,0
          </coordinates>
        </Point>
      </Placemark>
      <Placemark>
        <name>вул. Льговська</name>
        <description>Автобус – 68, 102, 107, 260. Маршрутка -259е. Троллейбус-6, 49, 58.</description>
        <styleUrl>#icon-1532-A52714</styleUrl>
        <Point>
          <coordinates>
            36.261554,49.9365095,0
          </coordinates>
        </Point>
      </Placemark>
      <Placemark>
        <name>вул. Пільчикова</name>
        <description>Автобус – 68, 102, 107, 260. Маршрутка -259е. Троллейбус-6, 49, 58.</description>
        <styleUrl>#icon-1542-A52714</styleUrl>
        <Point>
          <coordinates>
            36.2609413,49.9405461,0
          </coordinates>
        </Point>
      </Placemark>
      <Placemark>
        <name>вул. Монюшка</name>
        <description>Маршрутка-259е. Троллейбус-3, 19, 35, 59.</description>
        <styleUrl>#icon-1532-A52714</styleUrl>
        <Point>
          <coordinates>
            36.2681143,49.9448677,0
          </coordinates>
        </Point>
      </Placemark>
      <Placemark>
        <name>вул. Миколи Кравченка</name>
        <description>Маршрутка-259е. Троллейбус-3, 19, 35, 59.</description>
        <styleUrl>#icon-1532-A52714</styleUrl>
        <Point>
          <coordinates>
            36.2754532,49.9440993,0
          </coordinates>
        </Point>
      </Placemark>
      <Placemark>
        <name>вул. Морозова</name>
        <description>Троллейбус-3, 19, 35, 59.</description>
        <styleUrl>#icon-1532-A52714</styleUrl>
        <Point>
          <coordinates>
            36.2820948,49.9439668,0
          </coordinates>
        </Point>
      </Placemark>
      <Placemark>
        <name>вул. Павла Чубинського</name>
        <description>Троллейбус-3, 19, 35, 59.</description>
        <styleUrl>#icon-1532-A52714</styleUrl>
        <Point>
          <coordinates>
            36.2908638,49.9439204,0
          </coordinates>
        </Point>
      </Placemark>
      <Placemark>
        <name>Остановка 28 м/р</name>
        <description>Автобус-102, 107. Троллейбус-19, 35.</description>
        <styleUrl>#icon-1546-A52714</styleUrl>
        <Point>
          <coordinates>
            36.3016542,49.9446271,0
          </coordinates>
        </Point>
      </Placemark>
      <Placemark>
        <name>Зупинка проїзд Садовий</name>
        <description>Автобус-102, 107. Троллейбус-19, 35.</description>
        <styleUrl>#icon-1582-A52714</styleUrl>
        <Point>
          <coordinates>
            36.3019897,49.9484095,0
          </coordinates>
        </Point>
      </Placemark>
      <Placemark>
        <name>вул. Киргизька</name>
        <description>Автобус-102, 107. Троллейбус-19, 35.</description>
        <styleUrl>#icon-1532-A52714</styleUrl>
        <Point>
          <coordinates>
            36.3021215,49.9519449,0
          </coordinates>
        </Point>
      </Placemark>
      <Placemark>
        <name>вул. Олімпійська</name>
        <description>Автобус-102, 107. Троллейбус-19, 35.</description>
        <styleUrl>#icon-1532-A52714</styleUrl>
        <Point>
          <coordinates>
            36.3054283,49.9620467,0
          </coordinates>
        </Point>
      </Placemark>
      <Placemark>
        <name>вул. Ковтуна</name>
        <description>Автобус-102, 107. Троллейбус-19, 35.</description>
        <styleUrl>#icon-1532-A52714</styleUrl>
        <Point>
          <coordinates>
            36.3043971,49.9591133,0
          </coordinates>
        </Point>
      </Placemark>
      <Placemark>
        <name>Героїв Харкова</name>
        <description>Автобус-102, 107. Троллейбус-19, 35.</description>
        <styleUrl>#icon-1532-A52714</styleUrl>
        <Point>
          <coordinates>
            36.3075526,49.9675264,0
          </coordinates>
        </Point>
      </Placemark>
      <Placemark>
        <name>вул. Єдності</name>
        <description>Автобус-249. Маршрутка-259е. Троллейбус-19, 20, 31, 35, 57.</description>
        <styleUrl>#icon-1532-A52714</styleUrl>
        <Point>
          <coordinates>
            36.3115544,49.982705,0
          </coordinates>
        </Point>
      </Placemark>
      <Placemark>
        <name>Остановка ш. Салтівське</name>
        <description>Автобус-249. Маршрутка-259е. Троллейбус-19, 20, 31, 35, 57.</description>
        <styleUrl>#icon-1532-A52714</styleUrl>
        <Point>
          <coordinates>
            36.3127346,49.9885334,0
          </coordinates>
        </Point>
      </Placemark>
      <Placemark>
        <name>вул. Камишева</name>
        <description>Автобус-249. Маршрутка-259е. Троллейбус-19, 20, 31, 35, 57.</description>
        <styleUrl>#icon-1532-A52714</styleUrl>
        <Point>
          <coordinates>
            36.3137216,49.9919045,0
          </coordinates>
        </Point>
      </Placemark>
      <Placemark>
        <name>Остановка пр. Ювілейний</name>
        <description>Автобус-81, 83. Маршрутка-38е, 121е, 259е. Троллейбус-19, 20, 24, 31, 35, 56.</description>
        <styleUrl>#icon-1532-A52714</styleUrl>
        <Point>
          <coordinates>
            36.3170121,49.9981027,0
          </coordinates>
        </Point>
      </Placemark>
      <Placemark>
        <name>вул. Гвардійців Широнінців</name>
        <description>Автобус-107. Маршрутка-259е. Троллейбус-31, 35, 56.</description>
        <styleUrl>#icon-1532-A52714</styleUrl>
        <Point>
          <coordinates>
            36.3291917,49.9979306,0
          </coordinates>
        </Point>
      </Placemark>
      <Placemark>
        <name>вул. Василя Стуса</name>
        <description>Автобус-107. Маршрутка-259е. Троллейбус-31, 35, 56.</description>
        <styleUrl>#icon-1532-A52714</styleUrl>
        <Point>
          <coordinates>
            36.330926,50.0030043,0
          </coordinates>
        </Point>
      </Placemark>
      <Placemark>
        <name>вул. Владислава Зубенка</name>
        <description>Автобус-63, 107. Маршрутка-259е. Троллейбус-31, 35, 56.</description>
        <styleUrl>#icon-1532-A52714</styleUrl>
        <Point>
          <coordinates>
            36.3356335,50.0088711,0
          </coordinates>
        </Point>
      </Placemark>
      <Placemark>
        <name>вул. Валентинівська</name>
        <description>Автобус-63, 107. Маршрутка-259е. Троллейбус-31, 35, 56.</description>
        <styleUrl>#icon-1532-A52714</styleUrl>
        <Point>
          <coordinates>
            36.342209,50.0142619,0
          </coordinates>
        </Point>
      </Placemark>
      <Placemark>
        <name>Остановка 607 мікрорайон</name>
        <description>Автобус-63, 107. Маршрутка-259е. Троллейбус-31, 35.</description>
        <styleUrl>#icon-1546-A52714</styleUrl>
        <Point>
          <coordinates>
            36.3457708,50.0183093,0
          </coordinates>
        </Point>
      </Placemark>
      <Placemark>
        <name>вул. Нескорених</name>
        <description>Автобус-63, 107. Маршрутка-259е. Троллейбус-31, 35.</description>
        <styleUrl>#icon-1532-A52714</styleUrl>
        <Point>
          <coordinates>
            36.3488607,50.0219422,0
          </coordinates>
        </Point>
      </Placemark>
      <Placemark>
        <name>Остановка 524 мікрорайон</name>
        <description>Автобус-107. Маршрутка-259е. Троллейбус-31, 35.</description>
        <styleUrl>#icon-1546-A52714</styleUrl>
        <Point>
          <coordinates>
            36.3512973,50.0246524,0
          </coordinates>
        </Point>
      </Placemark>
      <Placemark>
        <name>вул. Бучми</name>
        <description>Автобус-107. Маршрутка-259е. Троллейбус-31, 35.</description>
        <styleUrl>#icon-1532-A52714</styleUrl>
        <Point>
          <coordinates>
            36.3537852,50.0276697,0
          </coordinates>
        </Point>
      </Placemark>
      <Placemark>
        <name>вул. Джерельна</name>
        <description>Автобус-107. Маршрутка-259е. Троллейбус-31, 35.</description>
        <styleUrl>#icon-1892-A52714</styleUrl>
        <Point>
          <coordinates>
            36.3573221,50.0316608,0
          </coordinates>
        </Point>
      </Placemark>
      <Placemark>
        <name>вул. Соборності України</name>
        <description>Автобус-106, 107. Троллейбус-31, 35.</description>
        <styleUrl>#icon-1532-A52714</styleUrl>
        <Point>
          <coordinates>
            36.3603486,50.0350337,0
          </coordinates>
        </Point>
      </Placemark>
      <Placemark>
        <name>вул. Метробудівників</name>
        <description>Автобус-106, 107. Троллейбус-31, 35.</description>
        <styleUrl>#icon-1532-A52714</styleUrl>
        <Point>
          <coordinates>
            36.3633033,50.0385182,0
          </coordinates>
        </Point>
      </Placemark>
      <Placemark>
        <name>Зупинка Північна Салтівка</name>
        <description>Автобус-106, 107. Троллейбус-31, 35.</description>
        <styleUrl>#icon-1532-A52714</styleUrl>
        <Point>
          <coordinates>
            36.3647486,50.040245,0
          </coordinates>
        </Point>
      </Placemark>
    <Placemark>
        <name>Лінія маршруту</name>
        <styleUrl>#line-000000-5844-nodesc</styleUrl>
        <LineString>
          <tessellate>1</tessellate>
          <coordinates>
            36.3643787,50.0400674,0
            36.3631221,50.0386336,0
            36.3609226,50.036077,0
            36.3593241,50.0342922,0
            36.358852,50.0338373,0
            36.3569852,50.0316458,0
            36.3557406,50.0302192,0
            36.3543888,50.0286615,0
            36.3531013,50.0271935,0
            36.3502689,50.0239401,0
            36.3490673,50.0224926,0
            36.3456019,50.0185289,0
            36.3418468,50.0141787,0
            36.3410958,50.0133445,0
            36.3395401,50.012138,0
            36.335667,50.0091594,0
            36.3349803,50.0084975,0
            36.3320835,50.0051808,0
            36.3314613,50.0044085,0
            36.3312574,50.0041327,0
            36.3304635,50.0027535,0
            36.3299914,50.0018225,0
            36.3293262,50.0001536,0
            36.3290258,49.9992019,0
            36.3288756,49.9984778,0
            36.3288327,49.9974778,0
            36.3270839,49.9976157,0
            36.3191338,49.9982088,0
            36.3157221,49.9985123,0
            36.3155933,49.9982916,0
            36.3151427,49.9970433,0
            36.3145741,49.9954777,0
            36.3140376,49.9940638,0
            36.3130399,49.9910772,0
            36.3122674,49.9886974,0
            36.3119348,49.9878835,0
            36.311688,49.9866418,0
            36.3115271,49.9852207,0
            36.3111408,49.9827786,0
            36.3110228,49.9814402,0
            36.3107975,49.9800052,0
            36.3104327,49.9777905,0
            36.3104327,49.9774938,0
            36.3103684,49.9770798,0
            36.3102718,49.9763554,0
            36.3102074,49.9758655,0
            36.3099714,49.9749202,0
            36.3097032,49.9741405,0
            36.3093491,49.9732435,0
            36.3089844,49.9724706,0
            36.3084694,49.9709181,0
            36.3075896,49.9688271,0
            36.3069244,49.9671157,0
            36.3061412,49.964997,0
            36.3051542,49.9623468,0
            36.3034697,49.9579985,0
            36.3022574,49.9546922,0
            36.3018711,49.953567,0
            36.3017531,49.9531252,0
            36.3016887,49.9522623,0
            36.3016136,49.9491074,0
            36.3016244,49.9472158,0
            36.3015815,49.9461733,0
            36.3015707,49.945545,0
            36.3014205,49.9448615,0
            36.3010987,49.9439915,0
            36.3005408,49.9439639,0
            36.2931057,49.9440261,0
            36.2916573,49.944033,0
            36.2814756,49.944102,0
            36.2797912,49.9441503,0
            36.277463,49.944178,0
            36.2759932,49.9442263,0
            36.2734075,49.9444817,0
            36.269631,49.9449098,0
            36.2666162,49.9452412,0
            36.2636979,49.9455519,0
            36.2632151,49.9456762,0
            36.2618204,49.9462699,0
            36.260769,49.9466289,0
            36.2600072,49.9466842,0
            36.259975,49.9462354,0
            36.2600072,49.9445439,0
            36.2599965,49.9436947,0
            36.2601681,49.942224,0
            36.2607368,49.9388061,0
            36.2611552,49.9358713,0
            36.2617238,49.9323493,0
            36.2620028,49.9316587,0
            36.2624641,49.930975,0
            36.2612088,49.9308576,0
            36.2579258,49.930609,0
            36.2527223,49.9301808,0
            36.2522503,49.930167,0
            36.251864,49.9301739,0
            36.2513812,49.9303465,0
            36.2510272,49.9306435,0
            36.2500509,49.9317278,0
            36.2494393,49.9322872,0
            36.248184,49.9327913,0
            36.2470361,49.9331573,0
            36.2465103,49.9333438,0
            36.2458881,49.9334957,0
            36.2453624,49.9333852,0
            36.2451585,49.9334267,0
            36.2442036,49.9344211,0
            36.2418969,49.9369002,0
            36.2415322,49.9368035,0
            36.2411674,49.9366723,0
            36.2408361,49.9366107,0
          </coordinates>
        </LineString>
      </Placemark>
      <Placemark>
        <name>Зупинка Північна Салтівка</name>
        <description>Троллейбус-31, 35.</description>
        <styleUrl>#icon-1499-000000</styleUrl>
        <Point>
          <coordinates>
            36.3644882,50.0406963,0
          </coordinates>
        </Point>
      </Placemark>
      <Placemark>
        <name>вул. Метробудівників</name>
        <description>Автобус-106, 107. Троллейбус-31, 35.</description>
        <styleUrl>#icon-1532-000000</styleUrl>
        <Point>
          <coordinates>
            36.3627287,50.0383535,0
          </coordinates>
        </Point>
      </Placemark>
      <Placemark>
        <name>вул. Соборності України</name>
        <description>Автобус-106, 107. Троллейбус-31, 35.</description>
        <styleUrl>#icon-1532-000000</styleUrl>
        <Point>
          <coordinates>
            36.3601795,50.0353793,0
          </coordinates>
        </Point>
      </Placemark>
      <Placemark>
        <name>вул. Гвардійців Широнінців</name>
        <description>Автобус-107. Маршрутка-259е. Троллейбус-31, 35.</description>
        <styleUrl>#icon-1532-000000</styleUrl>
        <Point>
          <coordinates>
            36.3584584,50.0334407,0
          </coordinates>
        </Point>
      </Placemark>
      <Placemark>
        <name>вул. Джерельна</name>
        <description>Автобус-107. Маршрутка-259е. Троллейбус-31, 35.</description>
        <styleUrl>#icon-1892-000000</styleUrl>
        <Point>
          <coordinates>
            36.3565917,50.0312973,0
          </coordinates>
        </Point>
      </Placemark>
      <Placemark>
        <name>вул. Бучми</name>
        <description>Автобус-107. Маршрутка-259е. Троллейбус-31, 35.</description>
        <styleUrl>#icon-1532-000000</styleUrl>
        <Point>
          <coordinates>
            36.3533469,50.0276476,0
          </coordinates>
        </Point>
      </Placemark>
      <Placemark>
        <name>Остановка 524 мікрорайон</name>
        <description>Автобус-107. Маршрутка-259е. Троллейбус-31, 35.</description>
        <styleUrl>#icon-1546-000000</styleUrl>
        <Point>
          <coordinates>
            36.3496776,50.0233673,0
          </coordinates>
        </Point>
      </Placemark>
      <Placemark>
        <name>вул. Нескорених</name>
        <description>Автобус-63, 107. Маршрутка-259е. Троллейбус-31, 35.</description>
        <styleUrl>#icon-1532-000000</styleUrl>
        <Point>
          <coordinates>
            36.3471252,50.0204125,0
          </coordinates>
        </Point>
      </Placemark>
      <Placemark>
        <name>Остановка 607 мікрорайон</name>
        <description>Автобус-63, 107. Маршрутка-259е. Троллейбус-31, 35.</description>
        <styleUrl>#icon-1546-000000</styleUrl>
        <Point>
          <coordinates>
            36.344679,50.0176206,0
          </coordinates>
        </Point>
      </Placemark>
      <Placemark>
        <name>вул. Валентинівська</name>
        <description>Автобус-63, 107. Маршрутка-259е. Троллейбус-31, 35, 56.</description>
        <styleUrl>#icon-1532-000000</styleUrl>
        <Point>
          <coordinates>
            36.3403232,50.0128843,0
          </coordinates>
        </Point>
      </Placemark>
      <Placemark>
        <name>вул. Владислава Зубенка</name>
        <description>Автобус-63, 107. Маршрутка-259е. Троллейбус-31, 35, 56.</description>
        <styleUrl>#icon-1532-000000</styleUrl>
        <Point>
          <coordinates>
            36.3350601,50.0086904,0
          </coordinates>
        </Point>
      </Placemark>
      <Placemark>
        <name>Остановка 605 мікрорайон</name>
        <description>Автобус-107. Маршрутка-259е. Троллейбус-31, 35, 56.</description>
        <styleUrl>#icon-1546-000000</styleUrl>
        <Point>
          <coordinates>
            36.3319701,50.0050185,0
          </coordinates>
        </Point>
      </Placemark>
      <Placemark>
        <name>Остановка Василя Стуса</name>
        <description>Автобус-107. Маршрутка-259е. Троллейбус-31, 35, 56.</description>
        <styleUrl>#icon-1532-000000</styleUrl>
        <Point>
          <coordinates>
            36.3300819,50.0025223,0
          </coordinates>
        </Point>
      </Placemark>
      <Placemark>
        <name>вул. Гвардійців Широнінців</name>
        <description>Автобус-107. Маршрутка-259е. Троллейбус-31, 35, 56.</description>
        <styleUrl>#icon-1532-000000</styleUrl>
        <Point>
          <coordinates>
            36.3286013,49.9981362,0
          </coordinates>
        </Point>
      </Placemark>
      <Placemark>
        <name>Остановка ш. Салтівське</name>
        <description>Автобус-249. Маршрутка-259е. Троллейбус-19, 20, 31, 35, 57.</description>
        <styleUrl>#icon-1532-000000</styleUrl>
        <Point>
          <coordinates>
            36.3117785,49.9878295,0
          </coordinates>
        </Point>
      </Placemark>
      <Placemark>
        <name>Остановка пр. Льва Ландау</name>
        <description>Автобус-107. Маршрутка-259е. Троллейбус-19, 20, 31, 35, 57.</description>
        <styleUrl>#icon-1532-000000</styleUrl>
        <Point>
          <coordinates>
            36.3151259,49.997819,0
          </coordinates>
        </Point>
      </Placemark>
      <Placemark>
        <name>вул. Камишева</name>
        <description>Автобус-249. Маршрутка-259е. Троллейбус-19, 20, 31, 35, 57.</description>
        <styleUrl>#icon-1532-000000</styleUrl>
        <Point>
          <coordinates>
            36.3127655,49.9912785,0
          </coordinates>
        </Point>
      </Placemark>
      <Placemark>
        <name>вул. Єдності</name>
        <description>Автобус-249. Маршрутка-259е. Троллейбус-19, 20, 31, 35, 57.</description>
        <styleUrl>#icon-1532-000000</styleUrl>
        <Point>
          <coordinates>
            36.3108129,49.9821314,0
          </coordinates>
        </Point>
      </Placemark>
      <Placemark>
        <name>Героїв Харкова</name>
        <description>Автобус-107. Троллейбус-19, 35.</description>
        <styleUrl>#icon-1532-000000</styleUrl>
        <Point>
          <coordinates>
            36.3069304,49.967485,0
          </coordinates>
        </Point>
      </Placemark>
      <Placemark>
        <name>вул. Олімпійська</name>
        <description>Автобус-102, 107. Троллейбус-19, 35.</description>
        <styleUrl>#icon-1532-000000</styleUrl>
        <Point>
          <coordinates>
            36.3045057,49.9611494,0
          </coordinates>
        </Point>
      </Placemark>
      <Placemark>
        <name>вул. Ковтуна</name>
        <description>Автобус-102, 107. Троллейбус-19, 35.</description>
        <styleUrl>#icon-1532-000000</styleUrl>
        <Point>
          <coordinates>
            36.3034971,49.9585266,0
          </coordinates>
        </Point>
      </Placemark>
      <Placemark>
        <name>вул. Киргизька</name>
        <description>Автобус-102, 107. Троллейбус-19, 35.</description>
        <styleUrl>#icon-1532-000000</styleUrl>
        <Point>
          <coordinates>
            36.3017061,49.9535693,0
          </coordinates>
        </Point>
      </Placemark>
      <Placemark>
        <name>Зупинка проїзд Садовий</name>
        <description>Автобус-102, 107. Троллейбус-19, 35.</description>
        <styleUrl>#icon-1582-000000</styleUrl>
        <Point>
          <coordinates>
            36.3014644,49.9493998,0
          </coordinates>
        </Point>
      </Placemark>
      <Placemark>
        <name>Остановка 28 м/р</name>
        <description>Троллейбус-3, 19, 35, 59.</description>
        <styleUrl>#icon-1546-000000</styleUrl>
        <Point>
          <coordinates>
            36.3000611,49.9440619,0
          </coordinates>
        </Point>
      </Placemark>
      <Placemark>
        <name>вул. Павла Чубинського</name>
        <description>Троллейбус-3, 19, 35, 59.</description>
        <styleUrl>#icon-1532-000000</styleUrl>
        <Point>
          <coordinates>
            36.2903539,49.9441279,0
          </coordinates>
        </Point>
      </Placemark>
      <Placemark>
        <name>вул. Морозова</name>
        <description>Маршрутка-259е. Троллейбус-3, 19, 35, 59.</description>
        <styleUrl>#icon-1532-000000</styleUrl>
        <Point>
          <coordinates>
            36.280395,49.9442198,0
          </coordinates>
        </Point>
      </Placemark>
      <Placemark>
        <name>вул. Миколи Кравченка</name>
        <description>Маршрутка-259е. Троллейбус-3, 19, 35, 59.</description>
        <styleUrl>#icon-1532-000000</styleUrl>
        <Point>
          <coordinates>
            36.2743857,49.9443922,0
          </coordinates>
        </Point>
      </Placemark>
      <Placemark>
        <name>вул. Монюшка</name>
        <description>Маршрутка-259е. Троллейбус-3, 19, 35, 59.</description>
        <styleUrl>#icon-1532-000000</styleUrl>
        <Point>
          <coordinates>
            36.2683074,49.9449367,0
          </coordinates>
        </Point>
      </Placemark>
      <Placemark>
        <name>вул. Одеська</name>
        <description>Автобус – 68, 102, 107, 260. Маршрутка -259е. Троллейбус-6, 49, 58.</description>
        <styleUrl>#icon-1532-000000</styleUrl>
        <Point>
          <coordinates>
            36.2597567,49.9461003,0
          </coordinates>
        </Point>
      </Placemark>
      <Placemark>
        <name>вул. Пільчикова</name>
        <description>Автобус – 68, 102, 107, 260. Маршрутка -259е. Троллейбус-6, 49, 58.</description>
        <styleUrl>#icon-1532-000000</styleUrl>
        <Point>
          <coordinates>
            36.2603083,49.9400696,0
          </coordinates>
        </Point>
      </Placemark>
      <Placemark>
        <name>вул. Льговська</name>
        <description>Автобус – 68, 102, 107, 260. Маршрутка -259е. Троллейбус-6, 49, 58.</description>
        <styleUrl>#icon-1532-000000</styleUrl>
        <Point>
          <coordinates>
            36.2611129,49.9353395,0
          </coordinates>
        </Point>
      </Placemark>
      <Placemark>
        <name>вул. Південнопроектна</name>
        <description>Автобус -102, 107, 260. Маршрутка -259е. Троллейбус-6.</description>
        <styleUrl>#icon-1532-000000</styleUrl>
        <Point>
          <coordinates>
            36.2611199,49.9308076,0
          </coordinates>
        </Point>
      </Placemark>
      <Placemark>
        <name>вул. Лисичанська</name>
        <description>Автобус -102, 107, 260. Маршрутка -259е. Троллейбус-6.</description>
        <styleUrl>#icon-1532-000000</styleUrl>
        <Point>
          <coordinates>
            36.2563462,49.9304473,0
          </coordinates>
        </Point>
      </Placemark>
      <Placemark>
        <name>вул. Деповська</name>
        <description>Автобус -102, 107, 260. Маршрутка -259е. Троллейбус-6.</description>
        <styleUrl>#icon-1532-000000</styleUrl>
        <Point>
          <coordinates>
            36.2504632,49.9311599,0
          </coordinates>
        </Point>
      </Placemark>
      <Placemark>
        <name>вул. Алексєєва</name>
        <description>Автобус -102, 107, 260. Маршрутка -259е. Троллейбус-6.</description>
        <styleUrl>#icon-1532-000000</styleUrl>
        <Point>
          <coordinates>
            36.2440006,49.9347405,0
          </coordinates>
        </Point>
      </Placemark>
    </Folder><Folder><name>Автобус №109</name><Placemark>
        <name>Лінія маршруту</name>
        <styleUrl>#line-A52714-5263-nodesc</styleUrl>
        <LineString>
          <tessellate>1</tessellate>
          <coordinates>
            36.2181631,49.9925188,0
            36.216543,49.9922774,0
            36.215395,49.9923326,0
            36.2111893,49.9935534,0
            36.2111679,49.9930982,0
            36.2114897,49.9916635,0
            36.2120154,49.9891389,0
            36.212391,49.9874006,0
            36.211715,49.9874351,0
            36.2073806,49.9870212,0
            36.2039044,49.986766,0
            36.199055,49.9864142,0
            36.1965015,49.9862141,0
            36.1956432,49.9861175,0
            36.1949351,49.9860624,0
            36.1938301,49.9859451,0
            36.192725,49.9857795,0
            36.1916736,49.9855864,0
            36.1904934,49.9854139,0
            36.1894634,49.9851173,0
            36.1879292,49.9845654,0
            36.1862448,49.9840135,0
            36.1819425,49.9826131,0
            36.1772433,49.9810815,0
            36.1774149,49.9808607,0
            36.1776832,49.9798534,0
            36.1777905,49.9794533,0
            36.1782411,49.9790738,0
            36.1806229,49.9775904,0
            36.1823395,49.9764865,0
            36.1863092,49.9740853,0
            36.1904183,49.9714425,0
            36.1882618,49.9700417,0
            36.184217,49.9673366,0
            36.1824253,49.9661565,0
            36.1813739,49.9654663,0
            36.1780479,49.9633062,0
            36.1761489,49.9620225,0
            36.174325,49.9608353,0
            36.1731341,49.9600554,0
            36.1717716,49.959234,0
            36.1698726,49.9580745,0
            36.1690143,49.9575499,0
            36.1686388,49.9572531,0
            36.1684778,49.9570736,0
            36.1683705,49.9565559,0
            36.167995,49.9552582,0
            36.1676517,49.9539191,0
            36.1674049,49.9530148,0
            36.167244,49.9527731,0
            36.1661711,49.951717,0
            36.1647764,49.9503363,0
            36.1645511,49.9501085,0
            36.1653772,49.9499497,0
            36.1663964,49.9498047,0
            36.1675122,49.9459869,0
            36.1649802,49.9440951,0
            36.1605814,49.9443368,0
            36.1560646,49.9445508,0
            36.1510327,49.9448132,0
            36.1498204,49.9448615,0
            36.1494878,49.9419616,0
            36.149241,49.9396209,0
            36.1489943,49.9392411,0
            36.1485329,49.938813,0
            36.1477068,49.9384815,0
            36.1462906,49.9379084,0
            36.1438659,49.9367069,0
            36.1420205,49.9359266,0
            36.1407867,49.9354224,0
            36.1403897,49.9350634,0
            36.139982,49.9345454,0
            36.1394885,49.9337029,0
            36.1390272,49.9327016,0
            36.1387375,49.9317002,0
            36.1385015,49.930754,0
            36.1384693,49.9302775,0
            36.1386195,49.9302706,0
            36.1386517,49.9305192,0
            36.1385766,49.9306988,0
          </coordinates>
        </LineString>
      </Placemark>
      <Placemark>
        <name>Станція метро Центральний ринок</name>
        <description>Автобус-57, 67, 72, 109, 140. Маршрутка – 40е, 61е.</description>
        <styleUrl>#icon-1499-A52714</styleUrl>
        <Point>
          <coordinates>
            36.2181953,49.992367,0
          </coordinates>
        </Point>
      </Placemark>
      <Placemark>
        <name>вул. Слов'янська</name>
        <description>Автобус-57, 67, 109. Троллейбус – 11.</description>
        <styleUrl>#icon-1532-A52714</styleUrl>
        <Point>
          <coordinates>
            36.2116242,49.990546,0
          </coordinates>
        </Point>
      </Placemark>
      <Placemark>
        <name>вул. Євгена Котляра</name>
        <description>Автобус-57, 58, 109. Маршрутка-258е.</description>
        <styleUrl>#icon-1532-A52714</styleUrl>
        <Point>
          <coordinates>
            36.2074086,49.9867702,0
          </coordinates>
        </Point>
      </Placemark>
      <Placemark>
        <name>Озерянська церква.</name>
        <description>Автобус-57, 58, 109. Маршрутка-258е. Трамвай-3.</description>
        <styleUrl>#icon-1670-A52714</styleUrl>
        <Point>
          <coordinates>
            36.1909357,49.9855145,0
          </coordinates>
        </Point>
      </Placemark>
      <Placemark>
        <name>вул. Петра Болбочана</name>
        <description>Автобус-57, 58, 67, 109. Маршрутка -258е.</description>
        <styleUrl>#icon-1532-A52714</styleUrl>
        <Point>
          <coordinates>
            36.1877484,49.984658,0
          </coordinates>
        </Point>
      </Placemark>
      <Placemark>
        <name>вул. Полтавський шлях</name>
        <description>Автобус-22, 57. Маршрутка -75е, 209е, 220е, 237е. Троллейбус-27.</description>
        <styleUrl>#icon-1532-A52714</styleUrl>
        <Point>
          <coordinates>
            36.1775274,49.9805115,0
          </coordinates>
        </Point>
      </Placemark>
      <Placemark>
        <name>Остановка ш. Григорівське</name>
        <description>Автобус-22, 57. Маршрутка -75е, 209е, 220е, 237е. Троллейбус-27.</description>
        <styleUrl>#icon-1532-A52714</styleUrl>
        <Point>
          <coordinates>
            36.1810036,49.9773482,0
          </coordinates>
        </Point>
      </Placemark>
      <Placemark>
        <name>вул. Цехівська</name>
        <description>Автобус-22, 57. Маршрутка -75е, 209е, 220е, 237е. Троллейбус-27.</description>
        <styleUrl>#icon-1532-A52714</styleUrl>
        <Point>
          <coordinates>
            36.1864431,49.9739074,0
          </coordinates>
        </Point>
      </Placemark>
      <Placemark>
        <name>вул. Кохання Малої</name>
        <description>Автобус-22, 57. Маршрутка -75е, 209е, 220е, 237е. Троллейбус-11, 27.</description>
        <styleUrl>#icon-1532-A52714</styleUrl>
        <Point>
          <coordinates>
            36.1897965,49.9710941,0
          </coordinates>
        </Point>
      </Placemark>
      <Placemark>
        <name>вул. Грушевського</name>
        <description>Автобус-22, 57. Маршрутка -75е, 209е, 220е, 237е. Троллейбус-11, 27.</description>
        <styleUrl>#icon-1532-A52714</styleUrl>
        <Point>
          <coordinates>
            36.1833037,49.9668146,0
          </coordinates>
        </Point>
      </Placemark>
      <Placemark>
        <name>Остановка на вимогу</name>
        <description>Автобус-22, 57. Маршрутка -75е, 209е, 220е, 237е. Троллейбус-11, 27.</description>
        <styleUrl>#icon-1769-A52714</styleUrl>
        <Point>
          <coordinates>
            36.1777242,49.9631638,0
          </coordinates>
        </Point>
      </Placemark>
      <Placemark>
        <name>Остановка Григорівка</name>
        <description>Автобус-22, 57. Маршрутка -75е, 209е, 220е, 237е. Троллейбус-11, 27.</description>
        <styleUrl>#icon-1532-A52714</styleUrl>
        <Point>
          <coordinates>
            36.1714161,49.9590782,0
          </coordinates>
        </Point>
      </Placemark>
      <Placemark>
        <name>вул. Станційна</name>
        <description>Автобус-22, 57. Маршрутка -75е, 209е, 220е, 237е. Троллейбус-11, 27.</description>
        <styleUrl>#icon-1662-A52714</styleUrl>
        <Point>
          <coordinates>
            36.1680331,49.9556054,0
          </coordinates>
        </Point>
      </Placemark>
      <Placemark>
        <name>вул. Китаєнка</name>
        <description>Автобус-22, 57. Маршрутка -75е, 209е, 220е, 237е. Троллейбус-11, 27.</description>
        <styleUrl>#icon-1532-A52714</styleUrl>
        <Point>
          <coordinates>
            36.1649271,49.950504,0
          </coordinates>
        </Point>
      </Placemark>
      <Placemark>
        <name>вул. Ломоносова</name>
        <description>Маршрутка-209е.</description>
        <styleUrl>#icon-1532-A52714</styleUrl>
        <Point>
          <coordinates>
            36.1631115,49.9442629,0
          </coordinates>
        </Point>
      </Placemark>
      <Placemark>
        <name>вул. Врубеля</name>
        <description>Маршрутка-209е.</description>
        <styleUrl>#icon-1532-A52714</styleUrl>
        <Point>
          <coordinates>
            36.1569424,49.9444907,0
          </coordinates>
        </Point>
      </Placemark>
      <Placemark>
        <name>вул. Даргомизького</name>
        <description>Маршрутка-209е.</description>
        <styleUrl>#icon-1532-A52714</styleUrl>
        <Point>
          <coordinates>
            36.1507626,49.9449533,0
          </coordinates>
        </Point>
      </Placemark>
      <Placemark>
        <name>вул. Бєлінського</name>
        <description>Автобус-209е.</description>
        <styleUrl>#icon-1532-A52714</styleUrl>
        <Point>
          <coordinates>
            36.1490889,49.9394227,0
          </coordinates>
        </Point>
      </Placemark>
      <Placemark>
        <name>вул. Петра Набойченка</name>
        <description>Маршрутка-209е.</description>
        <styleUrl>#icon-1532-A52714</styleUrl>
        <Point>
          <coordinates>
            36.1460928,49.937818,0
          </coordinates>
        </Point>
      </Placemark>
      <Placemark>
        <name>Остановка пров. Звенигородський</name>
        <description>Маршрутка-209е.</description>
        <styleUrl>#icon-1532-A52714</styleUrl>
        <Point>
          <coordinates>
            36.1427972,49.9362885,0
          </coordinates>
        </Point>
      </Placemark>
    <Placemark>
        <name>Лінія маршруту</name>
        <styleUrl>#line-000000-6038-nodesc</styleUrl>
        <LineString>
          <tessellate>1</tessellate>
          <coordinates>
            36.1385961,49.9307252,0
            36.1386336,49.93096,0
            36.1387195,49.9313398,0
            36.1391272,49.9326934,0
            36.1392666,49.9330491,0
            36.1398996,49.9342542,0
            36.1400874,49.9345097,0
            36.1404897,49.9350656,0
            36.1408277,49.9353591,0
            36.1410154,49.9354558,0
            36.1421312,49.9358977,0
            36.1433114,49.9363984,0
            36.1453338,49.9373271,0
            36.1461653,49.9377415,0
            36.147029,49.9381213,0
            36.147678,49.9383975,0
            36.1483647,49.9386702,0
            36.1485793,49.9387703,0
            36.1486651,49.9388463,0
            36.1488529,49.9390051,0
            36.1491157,49.9393124,0
            36.1492659,49.9395679,0
            36.1493088,49.9396818,0
            36.1493732,49.9402342,0
            36.1495824,49.9420364,0
            36.1498077,49.9440456,0
            36.1499043,49.9447982,0
            36.1504139,49.9447774,0
            36.1524202,49.9446842,0
            36.1562075,49.9444875,0
            36.1574252,49.9444253,0
            36.1627306,49.9441699,0
            36.1650373,49.9440456,0
            36.1651553,49.9441526,0
            36.1676176,49.9459926,0
            36.1674191,49.9464862,0
            36.1667915,49.9486747,0
            36.1664535,49.9498898,0
            36.1647262,49.9501245,0
            36.1651821,49.950587,0
            36.1662711,49.9516916,0
            36.1674835,49.9529204,0
            36.1675586,49.9531136,0
            36.1680307,49.9548532,0
            36.1684169,49.9563166,0
            36.1686207,49.9570551,0
            36.1687495,49.9572104,0
            36.1689372,49.9573519,0
            36.1695756,49.9577626,0
            36.1709704,49.958622,0
            36.1730732,49.95993,0
            36.1735882,49.9602233,0
            36.1753692,49.9614001,0
            36.1771823,49.9625941,0
            36.1787219,49.9636328,0
            36.1808731,49.9650234,0
            36.1838503,49.9669799,0
            36.1867417,49.9689226,0
            36.1891021,49.9704718,0
            36.1906739,49.971462,0
            36.1887695,49.9726144,0
            36.1865969,49.9740047,0
            36.1833997,49.9759988,0
            36.1813827,49.9772235,0
            36.1803152,49.9778997,0
            36.178502,49.9790588,0
            36.1779763,49.9794279,0
            36.1778529,49.9796866,0
            36.177692,49.9805249,0
            36.1776061,49.9808043,0
            36.1774077,49.9810699,0
            36.1798002,49.9818426,0
            36.1806424,49.9821082,0
            36.1835767,49.9830637,0
            36.1864574,49.9839812,0
            36.1885549,49.9846884,0
            36.1895795,49.9850643,0
            36.1902286,49.9852575,0
            36.1910118,49.9854023,0
            36.1925729,49.9856852,0
            36.1935653,49.9858404,0
            36.1948581,49.9859887,0
            36.1961134,49.9860956,0
            36.1964621,49.986106,0
            36.1983664,49.9862612,0
            36.2007643,49.9863819,0
            36.2019499,49.9864716,0
            36.2029155,49.9865475,0
            36.2053026,49.9867337,0
            36.2080224,49.9869338,0
            36.2077434,49.9883893,0
            36.2102325,49.9886031,0
            36.2158974,49.9890998,0
            36.2153716,49.992252,0
            36.2160797,49.9921968,0
            36.2182362,49.992052,0
            36.2187298,49.9920244,0
            36.2186547,49.9925762,0
            36.2181631,49.9925188,0
          </coordinates>
        </LineString>
      </Placemark>
      <Placemark>
        <name>Остановка селище Лідне</name>
        <description>Маршрутка-209е.</description>
        <styleUrl>#icon-1499-000000</styleUrl>
        <Point>
          <coordinates>
            36.1385486,49.9304219,0
          </coordinates>
        </Point>
      </Placemark>
      <Placemark>
        <name>Остановка пров. Звенигородський</name>
        <description>Маршрутка-209е.</description>
        <styleUrl>#icon-1532-000000</styleUrl>
        <Point>
          <coordinates>
            36.1428858,49.9362051,0
          </coordinates>
        </Point>
      </Placemark>
      <Placemark>
        <name>вул. Петра Набойченка</name>
        <description>Маршрутка-209е.</description>
        <styleUrl>#icon-1532-000000</styleUrl>
        <Point>
          <coordinates>
            36.1468994,49.9380087,0
          </coordinates>
        </Point>
      </Placemark>
      <Placemark>
        <name>вул. Бєлінського</name>
        <description>Маршрутка-209е.</description>
        <styleUrl>#icon-1532-000000</styleUrl>
        <Point>
          <coordinates>
            36.1493635,49.9395665,0
          </coordinates>
        </Point>
      </Placemark>
      <Placemark>
        <name>вул. Даргомизького</name>
        <description>Маршрутка-209е.</description>
        <styleUrl>#icon-1532-000000</styleUrl>
        <Point>
          <coordinates>
            36.150666,49.9446879,0
          </coordinates>
        </Point>
      </Placemark>
      <Placemark>
        <name>вул. Врубеля</name>
        <description>Маршрутка-209е.</description>
        <styleUrl>#icon-1532-000000</styleUrl>
        <Point>
          <coordinates>
            36.1582835,49.9443151,0
          </coordinates>
        </Point>
      </Placemark>
      <Placemark>
        <name>вул. Ломоносова</name>
        <description>Маршрутка-209е.</description>
        <styleUrl>#icon-1532-000000</styleUrl>
        <Point>
          <coordinates>
            36.1645227,49.9440245,0
          </coordinates>
        </Point>
      </Placemark>
      <Placemark>
        <name>вул. Китаєнка</name>
        <description>Автобус-109, 273. Маршрутка -75е, 209е, 220е, 237е.</description>
        <styleUrl>#icon-1532-000000</styleUrl>
        <Point>
          <coordinates>
            36.1651093,49.9501743,0
          </coordinates>
        </Point>
      </Placemark>
      <Placemark>
        <name>вул. Станційна</name>
        <description>Автобус-22, 57. Маршрутка -75е, 209е, 220е, 237е. Троллейбус-11, 27.</description>
        <styleUrl>#icon-1662-000000</styleUrl>
        <Point>
          <coordinates>
            36.1685013,49.955944,0
          </coordinates>
        </Point>
      </Placemark>
      <Placemark>
        <name>Остановка Григорівка</name>
        <description>Автобус-22, 57. Маршрутка -75е, 209е, 220е, 237е. Троллейбус-11, 27.</description>
        <styleUrl>#icon-1532-000000</styleUrl>
        <Point>
          <coordinates>
            36.1723132,49.9592777,0
          </coordinates>
        </Point>
      </Placemark>
      <Placemark>
        <name>Зупинка На вимогу</name>
        <description>Автобус-22, 57. Маршрутка -75е, 209е, 220е, 237е. Троллейбус-11, 27.</description>
        <styleUrl>#icon-1769-000000</styleUrl>
        <Point>
          <coordinates>
            36.1773265,49.9626596,0
          </coordinates>
        </Point>
      </Placemark>
      <Placemark>
        <name>вул. Грушевського</name>
        <description>Автобус-22, 57. Маршрутка -75е, 209е, 220е, 237е. Троллейбус-11, 27.</description>
        <styleUrl>#icon-1532-000000</styleUrl>
        <Point>
          <coordinates>
            36.1829781,49.9663856,0
          </coordinates>
        </Point>
      </Placemark>
      <Placemark>
        <name>вул. Кохання Малої</name>
        <description>Автобус-22, 57. Маршрутка -75е, 209е, 220е, 237е. Троллейбус-11, 27.</description>
        <styleUrl>#icon-1532-000000</styleUrl>
        <Point>
          <coordinates>
            36.1899886,49.9719422,0
          </coordinates>
        </Point>
      </Placemark>
      <Placemark>
        <name>вул. Цехівська</name>
        <description>Автобус-22, 57. Маршрутка -75е, 209е, 220е, 237е. Троллейбус-27.</description>
        <styleUrl>#icon-1532-000000</styleUrl>
        <Point>
          <coordinates>
            36.1863495,49.9742248,0
          </coordinates>
        </Point>
      </Placemark>
      <Placemark>
        <name>Остановка ш. Григорівське</name>
        <description>Автобус-22, 57. Маршрутка -75е, 209е, 220е, 237е. Троллейбус-27.</description>
        <styleUrl>#icon-1532-000000</styleUrl>
        <Point>
          <coordinates>
            36.1801018,49.9782863,0
          </coordinates>
        </Point>
      </Placemark>
      <Placemark>
        <name>Станція метро Холодна гора</name>
        <description>Автобус-57, 58, 67, 109. Маршрутка -258е.</description>
        <styleUrl>#icon-1626-000000</styleUrl>
        <Point>
          <coordinates>
            36.1858142,49.9835824,0
          </coordinates>
        </Point>
      </Placemark>
      <Placemark>
        <name>Озерянська церква.</name>
        <description>Автобус-57, 58, 109. Маршрутка-258е. Трамвай-3.</description>
        <styleUrl>#icon-1670-000000</styleUrl>
        <Point>
          <coordinates>
            36.1914077,49.9853903,0
          </coordinates>
        </Point>
      </Placemark>
      <Placemark>
        <name>Станція залізничного вокзалу</name>
        <description>Автобус-57, 109, 288.</description>
        <styleUrl>#icon-1662-000000</styleUrl>
        <Point>
          <coordinates>
            36.2081319,49.9883186,0
          </coordinates>
        </Point>
      </Placemark>
      <Placemark>
        <name>вул. Благовіщенська</name>
        <description>Автобус-57, 109. Троллейбус – 11.</description>
        <styleUrl>#icon-1532-000000</styleUrl>
        <Point>
          <coordinates>
            36.2130082,49.988656,0
          </coordinates>
        </Point>
      </Placemark>
    </Folder><Folder><name>Автобус №123</name><Placemark>
        <name>Лінія маршруту</name>
        <styleUrl>#line-A52714-5069-nodesc</styleUrl>
        <LineString>
          <tessellate>1</tessellate>
          <coordinates>
            36.2443293,49.9804217,0
            36.246003,49.9797455,0
            36.2472798,49.9792143,0
            36.2498332,49.9780414,0
            36.2518932,49.9771168,0
            36.2528695,49.9766477,0
            36.2533201,49.9763648,0
            36.2537922,49.9760267,0
            36.255144,49.9749365,0
            36.2563564,49.9739981,0
            36.2575902,49.9729907,0
            36.2586738,49.9720867,0
            36.2588562,49.9718176,0
            36.2590386,49.971514,0
            36.2591888,49.9712449,0
            36.2593283,49.970893,0
            36.259339,49.9705686,0
            36.2593712,49.9700718,0
            36.2593283,49.9696715,0
            36.2589957,49.9670837,0
            36.2585987,49.9646683,0
            36.2585665,49.9643922,0
            36.2585772,49.9641645,0
            36.2588025,49.9622803,0
            36.2589956,49.9603478,0
            36.2587704,49.9603547,0
            36.2562169,49.9602304,0
            36.2551762,49.9601407,0
            36.2545003,49.9600855,0
            36.2541999,49.9599337,0
            36.2523545,49.9584566,0
            36.2514426,49.9578009,0
            36.2497045,49.9567379,0
            36.2485887,49.9563444,0
            36.2476553,49.9560821,0
            36.2464537,49.9557301,0
            36.2460352,49.955523,0
            36.2457134,49.9552538,0
            36.2452091,49.9543219,0
            36.2442006,49.9525271,0
            36.2436534,49.9515883,0
            36.2431599,49.9507875,0
            36.2430955,49.9506011,0
            36.2430741,49.9502007,0
            36.2430526,49.9494413,0
            36.2430526,49.94882,0
            36.2430312,49.948461,0
            36.2429346,49.9480399,0
            36.2428059,49.9475152,0
            36.2426342,49.9470802,0
            36.2424625,49.9469214,0
            36.2421836,49.9466522,0
            36.2415399,49.945941,0
            36.2410571,49.9455199,0
            36.2408532,49.9452506,0
            36.2405957,49.9449192,0
            36.2402953,49.9442771,0
            36.2400915,49.943635,0
            36.2396838,49.9422127,0
            36.2371518,49.9421022,0
            36.2358428,49.9420539,0
            36.2334181,49.9418674,0
            36.2323023,49.9416465,0
            36.2309505,49.9413082,0
            36.2280537,49.9404934,0
            36.2265088,49.9399893,0
            36.226026,49.9397546,0
            36.2256826,49.9396372,0
            36.2253179,49.9395129,0
            36.2251247,49.9394438,0
            36.2248887,49.9393886,0
            36.224717,49.9393817,0
            36.2236763,49.9394162,0
            36.2228717,49.9394093,0
            36.2219383,49.9392436,0
            36.2220884,49.9390296,0
            36.2223889,49.9389881,0
            36.2227215,49.9390502,0
            36.2227322,49.9392436,0
            36.2229468,49.9392919,0
            36.2236012,49.9392919,0
            36.2243952,49.9392436,0
            36.2250818,49.9392781,0
            36.2254895,49.93943,0
            36.225865,49.9395543,0
          </coordinates>
        </LineString>
      </Placemark>
      <Placemark>
        <name>Станція метро Левада</name>
        <description>Автобус-32, 68, 123. Троллейбус-3, 6, 49, 58, 59.</description>
        <styleUrl>#icon-1499-A52714</styleUrl>
        <Point>
          <coordinates>
            36.2445045,49.9802262,0
          </coordinates>
        </Point>
      </Placemark>
      <Placemark>
        <name>Автобус Автовокзал</name>
        <description>Автобус-32, 68, 123. Троллейбус-3, 6, 49, 58, 59.</description>
        <styleUrl>#icon-1532-A52714</styleUrl>
        <Point>
          <coordinates>
            36.2475286,49.9789681,0
          </coordinates>
        </Point>
      </Placemark>
      <Placemark>
        <name>вул. Молочна</name>
        <description>Автобус-32, 68, 123. Троллейбус-3, 6, 49, 58, 59.</description>
        <styleUrl>#icon-1532-A52714</styleUrl>
        <Point>
          <coordinates>
            36.2513588,49.977188,0
          </coordinates>
        </Point>
      </Placemark>
      <Placemark>
        <name>вул. Дмитра Коцюбайла</name>
        <description>Автобус-32, 68, 123. Троллейбус-3, 6, 49, 58, 59.</description>
        <styleUrl>#icon-1532-A52714</styleUrl>
        <Point>
          <coordinates>
            36.2577341,49.9726918,0
          </coordinates>
        </Point>
      </Placemark>
      <Placemark>
        <name>вул. Чугуївська</name>
        <description>Автобус-32, 68, 123. Троллейбус-3, 6, 49, 58, 59.</description>
        <styleUrl>#icon-1532-A52714</styleUrl>
        <Point>
          <coordinates>
            36.2588696,49.9673509,0
          </coordinates>
        </Point>
      </Placemark>
      <Placemark>
        <name>вул. Сидоренківська</name>
        <description>Автобус-32, 68, 123. Троллейбус-3, 6, 49, 58, 59.</description>
        <styleUrl>#icon-1532-A52714</styleUrl>
        <Point>
          <coordinates>
            36.258655,49.9614864,0
          </coordinates>
        </Point>
      </Placemark>
      <Placemark>
        <name>вул. Сидоренківська</name>
        <description>Автобус-123.</description>
        <styleUrl>#icon-1532-A52714</styleUrl>
        <Point>
          <coordinates>
            36.2540379,49.9597766,0
          </coordinates>
        </Point>
      </Placemark>
      <Placemark>
        <name>вул. Валдайська</name>
        <description>Автобус-123.</description>
        <styleUrl>#icon-1532-A52714</styleUrl>
        <Point>
          <coordinates>
            36.2458197,49.9554004,0
          </coordinates>
        </Point>
      </Placemark>
      <Placemark>
        <name>Остановка пров. Піщаний</name>
        <description>Автобус-123.</description>
        <styleUrl>#icon-1532-A52714</styleUrl>
        <Point>
          <coordinates>
            36.2438564,49.9520041,0
          </coordinates>
        </Point>
      </Placemark>
      <Placemark>
        <name>вул. Агрономічна</name>
        <description>Автобус-123.</description>
        <styleUrl>#icon-1532-A52714</styleUrl>
        <Point>
          <coordinates>
            36.2417542,49.9463135,0
          </coordinates>
        </Point>
      </Placemark>
      <Placemark>
        <name>вул. Миколи Зерова</name>
        <description>Автобус-123.</description>
        <styleUrl>#icon-1532-A52714</styleUrl>
        <Point>
          <coordinates>
            36.240454,49.9447139,0
          </coordinates>
        </Point>
      </Placemark>
      <Placemark>
        <name>Остановка пров. Заводський</name>
        <description>Автобус-32, 102, 123. Маршрутка – 220е, 259е.</description>
        <styleUrl>#icon-1532-A52714</styleUrl>
        <Point>
          <coordinates>
            36.2382455,49.9421425,0
          </coordinates>
        </Point>
      </Placemark>
      <Placemark>
        <name>Основянське озеро</name>
        <description>Автобус-32, 102, 123. Маршрутка – 220е, 259е.</description>
        <styleUrl>#icon-1697-A52714</styleUrl>
        <Point>
          <coordinates>
            36.225519,49.93958,0
          </coordinates>
        </Point>
      </Placemark>
    <Placemark>
        <name>Лінія маршруту</name>
        <styleUrl>#line-000000-5456-nodesc</styleUrl>
        <LineString>
          <tessellate>1</tessellate>
          <coordinates>
            36.225865,49.9395543,0
            36.2262376,49.9397075,0
            36.2266238,49.9398801,0
            36.2277933,49.9402392,0
            36.2292202,49.940688,0
            36.2302394,49.9409849,0
            36.2318917,49.9414199,0
            36.2330075,49.9416823,0
            36.2341125,49.9418066,0
            36.2354858,49.9419101,0
            36.2398096,49.9420897,0
            36.2400349,49.9428423,0
            36.2403996,49.9440782,0
            36.2406035,49.9445269,0
            36.240861,49.9449757,0
            36.2411614,49.9454452,0
            36.2422879,49.9465015,0
            36.2428136,49.9470262,0
            36.2429746,49.947475,0
            36.2431677,49.9484001,0
            36.2432106,49.948911,0
            36.243275,49.9506093,0
            36.2434359,49.950913,0
            36.2439294,49.9516862,0
            36.2450667,49.9536881,0
            36.2457962,49.9550135,0
            36.2460752,49.9553793,0
            36.2462361,49.9555243,0
            36.246676,49.955683,0
            36.2486823,49.956249,0
            36.2491973,49.9564354,0
            36.250238,49.956891,0
            36.2506993,49.9572154,0
            36.2516435,49.9577607,0
            36.2523623,49.9582301,0
            36.253285,49.9590307,0
            36.254036,49.959576,0
            36.2544115,49.9599142,0
            36.2547119,49.959997,0
            36.2555273,49.9600799,0
            36.2589069,49.9602524,0
            36.259336,49.9567736,0
            36.2597759,49.9568565,0
            36.259615,49.9582301,0
            36.2590571,49.9621573,0
            36.2587889,49.9641588,0
            36.2587674,49.9645798,0
            36.2588532,49.9650905,0
            36.2593039,49.9677268,0
            36.2595828,49.9700868,0
            36.259615,49.9709908,0
            36.2595721,49.9713082,0
            36.2595292,49.971536,0
            36.2590893,49.9720673,0
            36.2576945,49.9731299,0
            36.2547119,49.9755035,0
            36.2536498,49.9763315,0
            36.2529846,49.9768007,0
            36.2522657,49.9770905,0
            36.2469871,49.9794984,0
            36.2438865,49.9807403,0
            36.2397666,49.982603,0
            36.2387152,49.9830652,0
            36.2385972,49.9832929,0
            36.2385757,49.9835067,0
            36.2385114,49.9837206,0
            36.2383504,49.9837827,0
            36.2381144,49.9837758,0
            36.2378784,49.9836792,0
            36.2377496,49.9835343,0
            36.2378784,49.983355,0
            36.2381144,49.9832377,0
            36.2385328,49.9829962,0
            36.2420948,49.9813819,0
            36.2443293,49.9804217,0
          </coordinates>
        </LineString>
      </Placemark>
      <Placemark>
        <name>Основянське озеро</name>
        <description>Автобус-32, 102, 123. Маршрутка – 220е, 259е.</description>
        <styleUrl>#icon-1499-000000</styleUrl>
        <Point>
          <coordinates>
            36.2257692,49.9394502,0
          </coordinates>
        </Point>
      </Placemark>
      <Placemark>
        <name>Остановка пров. Заводський</name>
        <description>Автобус-32, 102, 123. Маршрутка – 220е, 259е.</description>
        <styleUrl>#icon-1532-000000</styleUrl>
        <Point>
          <coordinates>
            36.2377216,49.9419529,0
          </coordinates>
        </Point>
      </Placemark>
      <Placemark>
        <name>вул. Агрономічна</name>
        <description>Автобус-123.</description>
        <styleUrl>#icon-1532-000000</styleUrl>
        <Point>
          <coordinates>
            36.2425986,49.9467353,0
          </coordinates>
        </Point>
      </Placemark>
      <Placemark>
        <name>вул. Миколи Зерова</name>
        <description>Автобус-123.</description>
        <styleUrl>#icon-1532-000000</styleUrl>
        <Point>
          <coordinates>
            36.2407208,49.9446471,0
          </coordinates>
        </Point>
      </Placemark>
      <Placemark>
        <name>Остановка пров. Піщаний</name>
        <description>Автобус-123.</description>
        <styleUrl>#icon-1532-000000</styleUrl>
        <Point>
          <coordinates>
            36.2445306,49.9525763,0
          </coordinates>
        </Point>
      </Placemark>
      <Placemark>
        <name>вул. Валдайська</name>
        <description>Автобус-123.</description>
        <styleUrl>#icon-1532-000000</styleUrl>
        <Point>
          <coordinates>
            36.2459385,49.9551935,0
          </coordinates>
        </Point>
      </Placemark>
      <Placemark>
        <name>вул. Сидоренківська</name>
        <description>Автобус-123.</description>
        <styleUrl>#icon-1532-000000</styleUrl>
        <Point>
          <coordinates>
            36.2550494,49.9600328,0
          </coordinates>
        </Point>
      </Placemark>
      <Placemark>
        <name>Остановка Школа</name>
        <description>Автобус-32, 68, 123. Троллейбус-3, 6, 49, 58, 59.</description>
        <styleUrl>#icon-1682-000000</styleUrl>
        <Point>
          <coordinates>
            36.2598637,49.957492,0
          </coordinates>
        </Point>
      </Placemark>
      <Placemark>
        <name>вул. Сидоренківська</name>
        <description>Автобус-32, 68, 123. Троллейбус-3, 6, 49, 58, 59.</description>
        <styleUrl>#icon-1532-000000</styleUrl>
        <Point>
          <coordinates>
            36.259167,49.9621164,0
          </coordinates>
        </Point>
      </Placemark>
      <Placemark>
        <name>Остановка пров. Золотий</name>
        <description>Автобус-32, 68, 123. Троллейбус-3, 6, 49, 58, 59.</description>
        <styleUrl>#icon-1532-000000</styleUrl>
        <Point>
          <coordinates>
            36.2595592,49.9683072,0
          </coordinates>
        </Point>
      </Placemark>
      <Placemark>
        <name>вул. Дмитра Кацюбайла</name>
        <description>Автобус-32, 68, 123. Троллейбус-3, 6, 49, 58, 59.</description>
        <styleUrl>#icon-1532-000000</styleUrl>
        <Point>
          <coordinates>
            36.2575466,49.9733367,0
          </coordinates>
        </Point>
      </Placemark>
      <Placemark>
        <name>вул. Молочна</name>
        <description>Автобус-32, 68, 123. Троллейбус-3, 6, 49, 58, 59.</description>
        <styleUrl>#icon-1532-000000</styleUrl>
        <Point>
          <coordinates>
            36.2497813,49.9783184,0
          </coordinates>
        </Point>
      </Placemark>
      <Placemark>
        <name>вул. Вернадського</name>
        <description>Автобус-32, 68, 123. Троллейбус-3, 6, 49, 58, 59.</description>
        <styleUrl>#icon-1532-000000</styleUrl>
        <Point>
          <coordinates>
            36.2459302,49.9800322,0
          </coordinates>
        </Point>
      </Placemark>
      <Placemark>
        <name>Станція метро Левада</name>
        <description>Автобус-32, 68, 123. Троллейбус-3, 6, 49, 58, 59.</description>
        <styleUrl>#icon-1626-000000</styleUrl>
        <Point>
          <coordinates>
            36.242844,49.9812276,0
          </coordinates>
        </Point>
      </Placemark>
    </Folder><Folder><name>Автобус №128</name><Placemark>
        <name>Лінія маршруту</name>
        <styleUrl>#line-A52714-5069-nodesc</styleUrl>
        <LineString>
          <tessellate>1</tessellate>
          <coordinates>
            36.2428973,49.980957,0
            36.2452147,49.9800325,0
            36.2500213,49.9778799,0
            36.2492488,49.9771348,0
            36.2486909,49.976707,0
            36.2471245,49.9763482,0
            36.2432621,49.9756858,0
            36.2408374,49.9753684,0
            36.2368892,49.9750924,0
            36.2343464,49.9749061,0
            36.23646,49.973257,0
            36.2378655,49.9722289,0
            36.2394641,49.9710972,0
            36.2412451,49.9696481,0
            36.2420068,49.9690201,0
            36.2426613,49.9684404,0
            36.2429188,49.968123,0
            36.2430797,49.967847,0
            36.2430153,49.9675847,0
            36.2429509,49.9674398,0
            36.2425969,49.9668463,0
            36.2420712,49.9661493,0
            36.2418673,49.9658525,0
            36.241642,49.9653694,0
            36.2412129,49.9643756,0
            36.240494,49.9627745,0
            36.2393675,49.9601172,0
            36.2389813,49.9592683,0
            36.238756,49.9588334,0
            36.2385843,49.95844,0
            36.2381766,49.9574668,0
            36.2375436,49.955893,0
            36.2368677,49.9544227,0
            36.2365244,49.9536081,0
            36.2365136,49.9533596,0
            36.2366209,49.9533734,0
            36.2366639,49.9534977,0
            36.2366746,49.95376,0
          </coordinates>
        </LineString>
      </Placemark>
      <Placemark>
        <name>Станція метро Левада</name>
        <description>Автобус-32, 68, 123. Троллейбус-3, 6, 49, 58, 59.</description>
        <styleUrl>#icon-1499-A52714</styleUrl>
        <Point>
          <coordinates>
            36.2425855,49.9811092,0
          </coordinates>
        </Point>
      </Placemark>
      <Placemark>
        <name>Станція Автовокзал</name>
        <description>Автобус-32, 68, 123. Троллейбус-3, 6, 49, 58, 59.</description>
        <styleUrl>#icon-1532-A52714</styleUrl>
        <Point>
          <coordinates>
            36.2476924,49.9789291,0
          </coordinates>
        </Point>
      </Placemark>
      <Placemark>
        <name>вул. Олександра Невського</name>
        <description>Автобус-128.</description>
        <styleUrl>#icon-1532-A52714</styleUrl>
        <Point>
          <coordinates>
            36.2463788,49.9762014,0
          </coordinates>
        </Point>
      </Placemark>
      <Placemark>
        <name>вул. Єлизаветинська</name>
        <description>Автобус-128.</description>
        <styleUrl>#icon-1532-A52714</styleUrl>
        <Point>
          <coordinates>
            36.241567,49.9754494,0
          </coordinates>
        </Point>
      </Placemark>
      <Placemark>
        <name>вул. Гольдбергівська</name>
        <description>Автобус-128.</description>
        <styleUrl>#icon-1532-A52714</styleUrl>
        <Point>
          <coordinates>
            36.234561,49.9747042,0
          </coordinates>
        </Point>
      </Placemark>
      <Placemark>
        <name>вул. Основ'янська</name>
        <description>Автобус-128.</description>
        <styleUrl>#icon-1532-A52714</styleUrl>
        <Point>
          <coordinates>
            36.238874,49.9715439,0
          </coordinates>
        </Point>
      </Placemark>
      <Placemark>
        <name>вул. Греківська</name>
        <description>Автобус-128.</description>
        <styleUrl>#icon-1532-A52714</styleUrl>
        <Point>
          <coordinates>
            36.2428223,49.9672447,0
          </coordinates>
        </Point>
      </Placemark>
      <Placemark>
        <name>вул. Текстильна</name>
        <description>Автобус-128.</description>
        <styleUrl>#icon-1532-A52714</styleUrl>
        <Point>
          <coordinates>
            36.2417065,49.9656367,0
          </coordinates>
        </Point>
      </Placemark>
      <Placemark>
        <name>Остановка Шиферний завод</name>
        <description>Автобус-128.</description>
        <styleUrl>#icon-1565-A52714</styleUrl>
        <Point>
          <coordinates>
            36.2409018,49.9637802,0
          </coordinates>
        </Point>
      </Placemark>
      <Placemark>
        <name>Остановка пров. Біологічний</name>
        <description>Автобус-128.</description>
        <styleUrl>#icon-1532-A52714</styleUrl>
        <Point>
          <coordinates>
            36.2391039,49.9596325,0
          </coordinates>
        </Point>
      </Placemark>
      <Placemark>
        <name>вул. Саратовська</name>
        <description>Автобус-128.</description>
        <styleUrl>#icon-1532-A52714</styleUrl>
        <Point>
          <coordinates>
            36.237681,49.9564168,0
          </coordinates>
        </Point>
      </Placemark>
    <Placemark>
        <name>Лінія маршруту</name>
        <styleUrl>#line-000000-5650-nodesc</styleUrl>
        <LineString>
          <tessellate>1</tessellate>
          <coordinates>
            36.2366746,49.95376,0
            36.236912,49.9541714,0
            36.2376523,49.9558418,0
            36.2379205,49.9565114,0
            36.2381029,49.9569601,0
            36.2388753,49.9588513,0
            36.2393045,49.9596106,0
            36.2402272,49.9617778,0
            36.2410211,49.9636482,0
            36.2419867,49.9658359,0
            36.2422335,49.9662017,0
            36.2426948,49.9667952,0
            36.2431347,49.9675267,0
            36.2432098,49.9678027,0
            36.243124,49.9679684,0
            36.2429845,49.9682375,0
            36.24071,49.9702111,0
            36.2363541,49.9734543,0
            36.2341117,49.9751517,0
            36.2326848,49.9763178,0
            36.2319982,49.9770009,0
            36.231687,49.9772699,0
            36.2307643,49.9774562,0
            36.2303137,49.977539,0
            36.2308394,49.9792501,0
            36.231054,49.9798227,0
            36.231054,49.9801953,0
            36.230818,49.9810715,0
            36.2307858,49.9814095,0
            36.2309682,49.9816372,0
            36.2311077,49.9819201,0
            36.2311291,49.9822995,0
            36.2310647,49.9826996,0
            36.2311506,49.9828307,0
            36.2316012,49.9827272,0
            36.2328028,49.9825203,0
            36.2336504,49.9824996,0
            36.2343263,49.9825617,0
            36.2354207,49.9827548,0
            36.2362575,49.9829756,0
            36.2371265,49.9832309,0
            36.2377059,49.9833205,0
            36.2380278,49.9832722,0
            36.2395513,49.9825824,0
            36.2428973,49.980957,0
          </coordinates>
        </LineString>
      </Placemark>
      <Placemark>
        <name>Зупинка Диканівка</name>
        <description>Автобус-128.</description>
        <styleUrl>#icon-1499-000000</styleUrl>
        <Point>
          <coordinates>
            36.2367798,49.9536293,0
          </coordinates>
        </Point>
      </Placemark>
      <Placemark>
        <name>вул. Саратовська</name>
        <description>Автобус-128.</description>
        <styleUrl>#icon-1532-000000</styleUrl>
        <Point>
          <coordinates>
            36.2378909,49.9561027,0
          </coordinates>
        </Point>
      </Placemark>
      <Placemark>
        <name>Остановка пров. Біологічний</name>
        <description>Автобус-128.</description>
        <styleUrl>#icon-1532-000000</styleUrl>
        <Point>
          <coordinates>
            36.2397324,49.9604019,0
          </coordinates>
        </Point>
      </Placemark>
      <Placemark>
        <name>Остановка Шиферний завод</name>
        <description>Автобус-128.</description>
        <styleUrl>#icon-1565-000000</styleUrl>
        <Point>
          <coordinates>
            36.2413093,49.9639839,0
          </coordinates>
        </Point>
      </Placemark>
      <Placemark>
        <name>вул. Текстильна</name>
        <description>Автобус-128.</description>
        <styleUrl>#icon-1532-000000</styleUrl>
        <Point>
          <coordinates>
            36.2417042,49.9650824,0
          </coordinates>
        </Point>
      </Placemark>
      <Placemark>
        <name>вул. Греківська</name>
        <description>Автобус-128.</description>
        <styleUrl>#icon-1532-000000</styleUrl>
        <Point>
          <coordinates>
            36.2428338,49.9668632,0
          </coordinates>
        </Point>
      </Placemark>
      <Placemark>
        <name>вул. Основ'янська</name>
        <description>Автобус-128.</description>
        <styleUrl>#icon-1532-000000</styleUrl>
        <Point>
          <coordinates>
            36.2392345,49.9714331,0
          </coordinates>
        </Point>
      </Placemark>
      <Placemark>
        <name>Остановка пров. Рибасівський</name>
        <description>Автобус-128.</description>
        <styleUrl>#icon-1532-000000</styleUrl>
        <Point>
          <coordinates>
            36.2305822,49.9775801,0
          </coordinates>
        </Point>
      </Placemark>
      <Placemark>
        <name>Остановка пров. Ващенківський</name>
        <description>Автобус-128.</description>
        <styleUrl>#icon-1532-000000</styleUrl>
        <Point>
          <coordinates>
            36.2309991,49.9803258,0
          </coordinates>
        </Point>
      </Placemark>
      <Placemark>
        <name>Остановка наб. Гімназійна</name>
        <description>Автобус-128.</description>
        <styleUrl>#icon-1532-000000</styleUrl>
        <Point>
          <coordinates>
            36.2316589,49.9824817,0
          </coordinates>
        </Point>
      </Placemark>
    </Folder><Folder><name>Автобус №140</name><Placemark>
        <name>Лінія маршруту</name>
        <styleUrl>#line-A52714-5456-nodesc</styleUrl>
        <LineString>
          <tessellate>1</tessellate>
          <coordinates>
            36.1874388,50.0141403,0
            36.1871098,50.01448,0
            36.1866163,50.0150039,0
            36.1861764,50.0153762,0
            36.1854254,50.0158864,0
            36.1840521,50.0168309,0
            36.1834191,50.0172996,0
            36.1830222,50.0175961,0
            36.1826681,50.0179615,0
            36.1823141,50.0183337,0
            36.1818313,50.018768,0
            36.1816489,50.01903,0
            36.1815094,50.019354,0
            36.1814772,50.0196918,0
            36.181445,50.0206913,0
            36.1812304,50.0211394,0
            36.1805974,50.022194,0
            36.1793636,50.0243585,0
            36.1787521,50.0254268,0
            36.1785161,50.025675,0
            36.1780762,50.0260816,0
            36.1775826,50.0267227,0
            36.1763596,50.0284458,0
            36.1760055,50.0290867,0
            36.1742352,50.031747,0
            36.1731302,50.0335527,0
            36.1739563,50.0337663,0
            36.17828,50.0348207,0
            36.1787092,50.034862,0
            36.1788057,50.0347518,0
            36.178795,50.0345519,0
            36.1787521,50.034228,0
            36.1787306,50.0338697,0
            36.1788057,50.0335182,0
            36.1788916,50.0332219,0
            36.1791383,50.0328842,0
            36.179707,50.0322984,0
            36.1802327,50.0317057,0
            36.1810266,50.0309545,0
            36.181842,50.0300999,0
            36.1822497,50.0294727,0
            36.1824321,50.0288455,0
            36.1825072,50.0285698,0
            36.1827647,50.0282321,0
            36.18299,50.0279357,0
            36.1833011,50.0277841,0
            36.1836122,50.0276256,0
            36.1837839,50.0273568,0
            36.1838912,50.027088,0
            36.1843204,50.0263573,0
            36.1846959,50.0254889,0
            36.1858224,50.0231039,0
            36.1861657,50.022194,0
            36.1864017,50.0217253,0
            36.1866271,50.0215185,0
            36.1868524,50.0214565,0
            36.1871742,50.0214496,0
            36.1880433,50.0214909,0
            36.1888479,50.0215392,0
            36.189717,50.0215392,0
            36.19035,50.0215185,0
            36.1906074,50.0214703,0
            36.1907577,50.0212979,0
            36.1912726,50.02065,0
            36.1922919,50.0193126,0
            36.1932789,50.0180304,0
            36.1956285,50.0150384,0
            36.1962723,50.0142938,0
            36.1963474,50.0140594,0
            36.1965405,50.0133079,0
            36.1966263,50.0128874,0
            36.1968194,50.0123978,0
            36.1971413,50.0118049,0
            36.1976241,50.0108879,0
            36.1982571,50.0094538,0
            36.1985039,50.0086953,0
            36.1988365,50.0081092,0
            36.1994373,50.0070473,0
            36.1996626,50.0064612,0
            36.2000381,50.0059717,0
            36.2003063,50.0056889,0
            36.2006926,50.0052821,0
            36.2009822,50.0049097,0
            36.2011539,50.0043305,0
            36.2012397,50.0036823,0
            36.2012719,50.0032341,0
            36.2014007,50.0027238,0
            36.2016796,50.00211,0
            36.2018835,50.0017238,0
            36.2023341,50.0010135,0
            36.203364,49.9995929,0
            36.2037074,49.9991446,0
            36.2041258,49.9988205,0
            36.2051987,49.9981032,0
            36.2060892,49.9975239,0
            36.2066685,49.997186,0
            36.207162,49.9971584,0
            36.2080203,49.9970687,0
            36.2104451,49.9968687,0
            36.2111961,49.9968136,0
            36.2117218,49.9967239,0
            36.2120651,49.9966135,0
            36.2125801,49.9963101,0
            36.213138,49.9957928,0
            36.2149404,49.9941444,0
            36.2150585,49.9938823,0
            36.2151765,49.9932685,0
            36.2152623,49.9922545,0
            36.2167429,49.9921649,0
            36.218835,49.9920683,0
            36.2188243,49.9925856,0
            36.2181822,49.9925113,0
          </coordinates>
        </LineString>
      </Placemark>
      <Placemark>
        <name>Зупинка Південний пост</name>
        <description>Маршрутка-40е.</description>
        <styleUrl>#icon-1499-A52714</styleUrl>
        <Point>
          <coordinates>
            36.1873224,50.0140021,0
          </coordinates>
        </Point>
      </Placemark>
      <Placemark>
        <name>Остановка с. Шестопарк</name>
        <description>Маршрутка-40е.</description>
        <styleUrl>#icon-1532-A52714</styleUrl>
        <Point>
          <coordinates>
            36.1820875,50.018558,0
          </coordinates>
        </Point>
      </Placemark>
      <Placemark>
        <name>Остановка пров. 2 керамічний</name>
        <description>Маршрутка-40е.</description>
        <styleUrl>#icon-1532-A52714</styleUrl>
        <Point>
          <coordinates>
            36.1802311,50.022744,0
          </coordinates>
        </Point>
      </Placemark>
      <Placemark>
        <name>Остановка пров. Цегляний</name>
        <description>Маршрутка-40е.</description>
        <styleUrl>#icon-1532-A52714</styleUrl>
        <Point>
          <coordinates>
            36.1790027,50.025079,0
          </coordinates>
        </Point>
      </Placemark>
      <Placemark>
        <name>вул. Лісова</name>
        <description>Маршрутка-40е.</description>
        <styleUrl>#icon-1720-A52714</styleUrl>
        <Point>
          <coordinates>
            36.1767281,50.0278599,0
          </coordinates>
        </Point>
      </Placemark>
      <Placemark>
        <name>вул. Владивостокська</name>
        <description>Маршрутка-40е.</description>
        <styleUrl>#icon-1532-A52714</styleUrl>
        <Point>
          <coordinates>
            36.175135,50.030425,0
          </coordinates>
        </Point>
      </Placemark>
      <Placemark>
        <name>вул. Беркоса</name>
        <description>Маршрутка-40е.</description>
        <styleUrl>#icon-1532-A52714</styleUrl>
        <Point>
          <coordinates>
            36.1732843,50.0336039,0
          </coordinates>
        </Point>
      </Placemark>
      <Placemark>
        <name>Зупинка Північний пост</name>
        <description>Маршрутка-40е.</description>
        <styleUrl>#icon-1662-A52714</styleUrl>
        <Point>
          <coordinates>
            36.1784725,50.034881,0
          </coordinates>
        </Point>
      </Placemark>
      <Placemark>
        <name>Зупинка Військове містечко</name>
        <description>Маршрутка-40е.</description>
        <styleUrl>#icon-1532-A52714</styleUrl>
        <Point>
          <coordinates>
            36.1840096,50.026876,0
          </coordinates>
        </Point>
      </Placemark>
      <Placemark>
        <name>вул. Лук'янівська</name>
        <description>Маршрутка-40е.</description>
        <styleUrl>#icon-1532-A52714</styleUrl>
        <Point>
          <coordinates>
            36.1860061,50.0224622,0
          </coordinates>
        </Point>
      </Placemark>
      <Placemark>
        <name>Остановка пров. Беринговий</name>
        <description>Маршрутка-40е.</description>
        <styleUrl>#icon-1532-A52714</styleUrl>
        <Point>
          <coordinates>
            36.1908344,50.0211821,0
          </coordinates>
        </Point>
      </Placemark>
      <Placemark>
        <name>вул. Комишанська</name>
        <description>Маршрутка-40е.</description>
        <styleUrl>#icon-1532-A52714</styleUrl>
        <Point>
          <coordinates>
            36.1937171,50.0173839,0
          </coordinates>
        </Point>
      </Placemark>
      <Placemark>
        <name>Остановка пров. Динамічний</name>
        <description>Маршрутка-40е.</description>
        <styleUrl>#icon-1532-A52714</styleUrl>
        <Point>
          <coordinates>
            36.1960617,50.0144566,0
          </coordinates>
        </Point>
      </Placemark>
      <Placemark>
        <name>вул. Червономацька</name>
        <description>вул. Червономацька</description>
        <styleUrl>#icon-1532-A52714</styleUrl>
        <Point>
          <coordinates>
            36.1974731,50.0111846,0
          </coordinates>
        </Point>
      </Placemark>
      <Placemark>
        <name>вул. Лозівська</name>
        <description>Маршрутка-40е.</description>
        <styleUrl>#icon-1532-A52714</styleUrl>
        <Point>
          <coordinates>
            36.1991729,50.0074498,0
          </coordinates>
        </Point>
      </Placemark>
      <Placemark>
        <name>вул. Кокчетавська</name>
        <description>Маршрутка-40е.</description>
        <styleUrl>#icon-1532-A52714</styleUrl>
        <Point>
          <coordinates>
            36.201139,50.0039908,0
          </coordinates>
        </Point>
      </Placemark>
      <Placemark>
        <name>Остановка пров. Альбасівський</name>
        <description>Маршрутка-40е.</description>
        <styleUrl>#icon-1532-A52714</styleUrl>
        <Point>
          <coordinates>
            36.2015415,50.0022819,0
          </coordinates>
        </Point>
      </Placemark>
      <Placemark>
        <name>Зупинка Панасівка</name>
        <description>Маршрутка-40е.</description>
        <styleUrl>#icon-1532-A52714</styleUrl>
        <Point>
          <coordinates>
            36.2034928,49.9993615,0
          </coordinates>
        </Point>
      </Placemark>
      <Placemark>
        <name>вул. Мала Панасівка</name>
        <description>Маршрутка-40е.</description>
        <styleUrl>#icon-1532-A52714</styleUrl>
        <Point>
          <coordinates>
            36.2055775,49.9977197,0
          </coordinates>
        </Point>
      </Placemark>
      <Placemark>
        <name>Остановка пров. Резніковський</name>
        <description>Маршрутка-40е.</description>
        <styleUrl>#icon-1532-A52714</styleUrl>
        <Point>
          <coordinates>
            36.2098568,49.9968405,0
          </coordinates>
        </Point>
      </Placemark>
      <Placemark>
        <name>Остановка пров. Лосевський</name>
        <description>Маршрутка-40е.</description>
        <styleUrl>#icon-1532-A52714</styleUrl>
        <Point>
          <coordinates>
            36.2134981,49.9953012,0
          </coordinates>
        </Point>
      </Placemark>
    <Placemark>
        <name>Лінія маршруту</name>
        <styleUrl>#line-000000-5456-nodesc</styleUrl>
        <LineString>
          <tessellate>1</tessellate>
          <coordinates>
            36.2181822,49.9925113,0
            36.2163852,49.9922665,0
            36.2154035,49.992332,0
            36.2153016,49.99297,0
            36.2151728,49.9939977,0
            36.2150011,49.9942253,0
            36.2145184,49.9946667,0
            36.2143574,49.9948668,0
            36.2125442,49.9964806,0
            36.2120722,49.9967979,0
            36.2114928,49.9969151,0
            36.2096045,49.99706,0
            36.2083385,49.9971496,0
            36.2067936,49.9973427,0
            36.2052057,49.9983359,0
            36.2040899,49.9990531,0
            36.2038646,49.9992186,0
            36.2034033,49.9997703,0
            36.201794,50.0021909,0
            36.2015579,50.0027978,0
            36.2014292,50.0032598,0
            36.2013112,50.004439,0
            36.201118,50.0050113,0
            36.200764,50.005363,0
            36.2004207,50.0057354,0
            36.2000022,50.0062525,0
            36.199734,50.0066662,0
            36.1994658,50.007273,0
            36.1990474,50.0079832,0
            36.1985753,50.0089348,0
            36.1984358,50.0094105,0
            36.198114,50.0102379,0
            36.1977599,50.0109481,0
            36.1970089,50.0123408,0
            36.1967514,50.0129062,0
            36.1966763,50.0134233,0
            36.1964081,50.0143126,0
            36.1958394,50.0149745,0
            36.1945413,50.0165739,0
            36.1934898,50.0179734,0
            36.1910329,50.0211444,0
            36.1906145,50.0216269,0
            36.1903463,50.0216545,0
            36.1898742,50.0216269,0
            36.1881898,50.0215994,0
            36.1872349,50.0215373,0
            36.186795,50.0215718,0
            36.186559,50.0217303,0
            36.186323,50.0222542,0
            36.1860118,50.0230676,0
            36.1843274,50.0265829,0
            36.183748,50.0276582,0
            36.1834584,50.027858,0
            36.1830829,50.0280441,0
            36.1828146,50.0283543,0
            36.1826108,50.0286851,0
            36.1825357,50.029078,0
            36.1824177,50.0294846,0
            36.1817096,50.0304564,0
            36.1808513,50.0313455,0
            36.180347,50.031821,0
            36.1797569,50.0324688,0
            36.1794565,50.0327789,0
            36.1792312,50.0329857,0
            36.1790166,50.0333303,0
            36.1789415,50.0337024,0
            36.1789093,50.0342193,0
            36.1789308,50.0344949,0
            36.1789523,50.0348809,0
            36.1787913,50.034998,0
            36.1785768,50.0350118,0
            36.1742745,50.033985,0
            36.1728583,50.0336266,0
            36.1733625,50.0328203,0
            36.1742423,50.0314902,0
            36.1757336,50.029271,0
            36.1764632,50.0280166,0
            36.1774717,50.0266312,0
            36.178094,50.0258661,0
            36.1786197,50.0253905,0
            36.1788235,50.0250114,0
            36.1800681,50.022785,0
            36.1804007,50.0222611,0
            36.1810873,50.0210686,0
            36.1812804,50.0206067,0
            36.1812911,50.0203241,0
            36.1813019,50.0197244,0
            36.181377,50.0192487,0
            36.1817096,50.0187041,0
            36.1824391,50.0180354,0
            36.1830292,50.0174701,0
            36.1837695,50.0169186,0
            36.1847887,50.0162016,0
            36.1854217,50.015788,0
            36.1860762,50.0153261,0
            36.1866448,50.0148366,0
            36.1871491,50.0143057,0
            36.1875031,50.0138645,0
            36.1876212,50.0139472,0
            36.1874388,50.0141403,0
          </coordinates>
        </LineString>
      </Placemark>
      <Placemark>
        <name>Станція метро Центральний ринок</name>
        <description>Автобус-57, 61, 67,109,140. Маршрутка-40е.</description>
        <styleUrl>#icon-1499-000000</styleUrl>
        <Point>
          <coordinates>
            36.2182321,49.9924067,0
          </coordinates>
        </Point>
      </Placemark>
      <Placemark>
        <name>Зупинка Дитяча лікарня №19</name>
        <description>Маршрутка-40е.</description>
        <styleUrl>#icon-1624-000000</styleUrl>
        <Point>
          <coordinates>
            36.214693,49.9945963,0
          </coordinates>
        </Point>
      </Placemark>
      <Placemark>
        <name>Остановка пров. Резніковський</name>
        <description>Маршрутка-40е.</description>
        <styleUrl>#icon-1532-000000</styleUrl>
        <Point>
          <coordinates>
            36.2107555,49.9969621,0
          </coordinates>
        </Point>
      </Placemark>
      <Placemark>
        <name>Зупинка Мала Панасовська</name>
        <description>Маршрутка-40е.</description>
        <styleUrl>#icon-1532-000000</styleUrl>
        <Point>
          <coordinates>
            36.2078052,49.9972275,0
          </coordinates>
        </Point>
      </Placemark>
      <Placemark>
        <name>Зупинка Панасівка</name>
        <description>Маршрутка-40е.</description>
        <styleUrl>#icon-1532-000000</styleUrl>
        <Point>
          <coordinates>
            36.2036855,49.9995447,0
          </coordinates>
        </Point>
      </Placemark>
      <Placemark>
        <name>Остановка пров. Альбасівський</name>
        <description>Маршрутка-40е.</description>
        <styleUrl>#icon-1532-000000</styleUrl>
        <Point>
          <coordinates>
            36.2019777,50.0020411,0
          </coordinates>
        </Point>
      </Placemark>
      <Placemark>
        <name>вул. Кокчетавська</name>
        <description>Маршрутка-40е.</description>
        <styleUrl>#icon-1532-000000</styleUrl>
        <Point>
          <coordinates>
            36.2014412,50.0038617,0
          </coordinates>
        </Point>
      </Placemark>
      <Placemark>
        <name>вул. Лозівська</name>
        <description>Маршрутка-40е.</description>
        <styleUrl>#icon-1532-000000</styleUrl>
        <Point>
          <coordinates>
            36.1993808,50.0074338,0
          </coordinates>
        </Point>
      </Placemark>
      <Placemark>
        <name>Остановка пров. Динамічний</name>
        <description>Маршрутка-40е.</description>
        <styleUrl>#icon-1532-000000</styleUrl>
        <Point>
          <coordinates>
            36.1959995,50.014772,0
          </coordinates>
        </Point>
      </Placemark>
      <Placemark>
        <name>вул. Комишанська</name>
        <description>Маршрутка-40е.</description>
        <styleUrl>#icon-1532-000000</styleUrl>
        <Point>
          <coordinates>
            36.1940789,50.0172607,0
          </coordinates>
        </Point>
      </Placemark>
      <Placemark>
        <name>Остановка пров. Динамічний</name>
        <description>Маршрутка-40е.</description>
        <styleUrl>#icon-1532-000000</styleUrl>
        <Point>
          <coordinates>
            36.1978934,50.0107851,0
          </coordinates>
        </Point>
      </Placemark>
      <Placemark>
        <name>Остановка пров. Беринговий</name>
        <description>Маршрутка-40е.</description>
        <styleUrl>#icon-1532-000000</styleUrl>
        <Point>
          <coordinates>
            36.190941,50.0213635,0
          </coordinates>
        </Point>
      </Placemark>
      <Placemark>
        <name>вул. Лук'янівська</name>
        <description>Маршрутка-40е.</description>
        <styleUrl>#icon-1532-000000</styleUrl>
        <Point>
          <coordinates>
            36.1861785,50.0228918,0
          </coordinates>
        </Point>
      </Placemark>
      <Placemark>
        <name>Зупинка Військове містечко</name>
        <description>Маршрутка-40е.</description>
        <styleUrl>#icon-1532-000000</styleUrl>
        <Point>
          <coordinates>
            36.1841883,50.026955,0
          </coordinates>
        </Point>
      </Placemark>
      <Placemark>
        <name>Зупинка Північний пост</name>
        <description>Маршрутка-40е.</description>
        <styleUrl>#icon-1662-000000</styleUrl>
        <Point>
          <coordinates>
            36.1789687,50.0347498,0
          </coordinates>
        </Point>
      </Placemark>
      <Placemark>
        <name>вул. Беркоса</name>
        <description>Маршрутка-40е.</description>
        <styleUrl>#icon-1532-000000</styleUrl>
        <Point>
          <coordinates>
            36.1729398,50.0335215,0
          </coordinates>
        </Point>
      </Placemark>
      <Placemark>
        <name>вул. Владивостокська</name>
        <description>Маршрутка-40е.</description>
        <styleUrl>#icon-1532-000000</styleUrl>
        <Point>
          <coordinates>
            36.1748924,50.0305029,0
          </coordinates>
        </Point>
      </Placemark>
      <Placemark>
        <name>вул. Лісова</name>
        <description>Маршрутка-40е.</description>
        <styleUrl>#icon-1720-000000</styleUrl>
        <Point>
          <coordinates>
            36.1767699,50.0275531,0
          </coordinates>
        </Point>
      </Placemark>
      <Placemark>
        <name>Остановка пров. Цегляний</name>
        <description>Маршрутка-40е.</description>
        <styleUrl>#icon-1532-000000</styleUrl>
        <Point>
          <coordinates>
            36.1788793,50.0248749,0
          </coordinates>
        </Point>
      </Placemark>
      <Placemark>
        <name>Остановка пров. 2-й Керамічний</name>
        <description>Маршрутка-40е.</description>
        <styleUrl>#icon-1532-000000</styleUrl>
        <Point>
          <coordinates>
            36.1799555,50.02292,0
          </coordinates>
        </Point>
      </Placemark>
      <Placemark>
        <name>Остановка с. Шестопарк</name>
        <description>Маршрутка-40е.</description>
        <styleUrl>#icon-1532-000000</styleUrl>
        <Point>
          <coordinates>
            36.1821216,50.0182266,0
          </coordinates>
        </Point>
      </Placemark>
    </Folder><Folder><name>Автобус №20</name><Placemark>
        <name>Лінія маршруту</name>
        <styleUrl>#line-A52714-5263-nodesc</styleUrl>
        <LineString>
          <tessellate>1</tessellate>
          <coordinates>
            36.2269625,50.0135413,0
            36.2267235,50.0142955,0
            36.2251571,50.019466,0
            36.224567,50.0215271,0
            36.2238911,50.0238018,0
            36.2229898,50.027069,0
            36.2233332,50.0271241,0
            36.2241378,50.0272344,0
            36.2255004,50.0276479,0
            36.225833,50.0278271,0
            36.2261441,50.0279719,0
            36.2264767,50.0280408,0
            36.2270453,50.0281304,0
            36.2276998,50.0283096,0
            36.2290516,50.0289437,0
            36.2303069,50.0296053,0
            36.2309077,50.029943,0
            36.2314012,50.0301636,0
            36.2316587,50.0302532,0
            36.2323454,50.0303979,0
            36.2330428,50.030522,0
            36.2339118,50.0305771,0
            36.2350598,50.0306805,0
            36.2365511,50.0307701,0
            36.2371948,50.0308735,0
            36.2377205,50.031032,0
            36.238096,50.031287,0
            36.2384715,50.0316316,0
            36.2399092,50.0330099,0
            36.2416902,50.0346983,0
            36.2419799,50.0350291,0
            36.2441042,50.0371103,0
            36.2456706,50.0385987,0
            36.2460998,50.0386056,0
            36.2465504,50.0385711,0
            36.2466791,50.0386469,0
            36.2466147,50.0387779,0
            36.2462178,50.0388812,0
            36.2459281,50.0388537,0
            36.2456384,50.0386745,0
          </coordinates>
        </LineString>
      </Placemark>
      <Placemark>
        <name>Станція метро Наукова</name>
        <description>Автобус-20, 33. Троллейбус-2, 18, 58.</description>
        <styleUrl>#icon-1499-A52714</styleUrl>
        <Point>
          <coordinates>
            36.2272435,50.0135505,0
          </coordinates>
        </Point>
      </Placemark>
      <Placemark>
        <name>вул. Космічна</name>
        <description>Автобус-20, 33. Троллейбус-2, 18, 58.</description>
        <styleUrl>#icon-1532-A52714</styleUrl>
        <Point>
          <coordinates>
            36.2255635,50.018839,0
          </coordinates>
        </Point>
      </Placemark>
      <Placemark>
        <name>вул. Європейська</name>
        <description>Автобус-20, 33. Троллейбус-2, 18, 58.</description>
        <styleUrl>#icon-1532-A52714</styleUrl>
        <Point>
          <coordinates>
            36.2247053,50.0216929,0
          </coordinates>
        </Point>
      </Placemark>
      <Placemark>
        <name>Станція метро Ботанічний сад</name>
        <description>Автобус-20, 33. Троллейбус-2, 18, 58.</description>
        <styleUrl>#icon-1626-A52714</styleUrl>
        <Point>
          <coordinates>
            36.2230423,50.0277172,0
          </coordinates>
        </Point>
      </Placemark>
      <Placemark>
        <name>Ботанічний сад</name>
        <description>Автобус 20е.</description>
        <styleUrl>#icon-1720-A52714</styleUrl>
        <Point>
          <coordinates>
            36.2319794,50.0303244,0
          </coordinates>
        </Point>
      </Placemark>
      <Placemark>
        <name>Канатна дорога</name>
        <description>Автобус 20е.</description>
        <styleUrl>#icon-1586-A52714</styleUrl>
        <Point>
          <coordinates>
            36.2359905,50.030734,0
          </coordinates>
        </Point>
      </Placemark>
      <Placemark>
        <name>Зупинка На вимогу</name>
        <description>Автобус-20.</description>
        <styleUrl>#icon-1769-A52714</styleUrl>
        <Point>
          <coordinates>
            36.2393278,50.0324217,0
          </coordinates>
        </Point>
      </Placemark>
      <Placemark>
        <name>вул. Балакірєва</name>
        <description>Автобус-20.</description>
        <styleUrl>#icon-1532-A52714</styleUrl>
        <Point>
          <coordinates>
            36.2421599,50.0351623,0
          </coordinates>
        </Point>
      </Placemark>
      <Placemark>
        <name>Лікарня Швидкої допомоги</name>
        <description>Автобус-20.</description>
        <styleUrl>#icon-1624-A52714</styleUrl>
        <Point>
          <coordinates>
            36.2458629,50.0385078,0
          </coordinates>
        </Point>
      </Placemark>
    <Placemark>
        <name>Лінія маршруту</name>
        <styleUrl>#line-000000-5650-nodesc</styleUrl>
        <LineString>
          <tessellate>1</tessellate>
          <coordinates>
            36.2456683,50.0387234,0
            36.2453518,50.0384237,0
            36.2429002,50.0361186,0
            36.2415323,50.0347679,0
            36.2401644,50.0334517,0
            36.2392578,50.0325592,0
            36.2389359,50.032256,0
            36.2386784,50.032001,0
            36.2383726,50.0317046,0
            36.2381044,50.0314634,0
            36.2379328,50.0313325,0
            36.2375143,50.0311223,0
            36.2372944,50.0310327,0
            36.237053,50.0309465,0
            36.2368277,50.0309052,0
            36.23642,50.0308569,0
            36.2359479,50.0308259,0
            36.2352935,50.0307846,0
            36.234462,50.0307156,0
            36.2333194,50.0306433,0
            36.2328258,50.0305847,0
            36.2323538,50.0305054,0
            36.231651,50.0303538,0
            36.2312809,50.0302298,0
            36.2308356,50.0300678,0
            36.2301329,50.0296784,0
            36.2292907,50.0292097,0
            36.2286148,50.0288444,0
            36.2282178,50.0286446,0
            36.2276063,50.0283999,0
            36.2269786,50.0282207,0
            36.2262491,50.0281173,0
            36.2259433,50.0280312,0
            36.2253586,50.0277107,0
            36.225026,50.02759,0
            36.2239585,50.0273143,0
            36.2226764,50.0271386,0
            36.2228534,50.0265596,0
            36.2231162,50.0257015,0
            36.2234971,50.0244229,0
            36.2238565,50.0231373,0
            36.2243232,50.0214933,0
            36.2243393,50.0213382,0
            36.224908,50.019446,0
            36.225541,50.0173779,0
            36.2262437,50.0150304,0
            36.226866,50.012907,0
            36.2271235,50.0120452,0
            36.2274346,50.0120831,0
            36.2269625,50.0135413,0
          </coordinates>
        </LineString>
      </Placemark>
      <Placemark>
        <name>Зупинка Лікарня швидкої допомоги</name>
        <description>Автобус 20, 77. Маршрутка – 277е. Троллейбус -18.</description>
        <styleUrl>#icon-1499-000000</styleUrl>
        <Point>
          <coordinates>
            36.2457218,50.0387318,0
          </coordinates>
        </Point>
      </Placemark>
      <Placemark>
        <name>вул. Балакірєва</name>
        <description>Автобус-20.</description>
        <styleUrl>#icon-1532-000000</styleUrl>
        <Point>
          <coordinates>
            36.2413528,50.0346028,0
          </coordinates>
        </Point>
      </Placemark>
      <Placemark>
        <name>Зупинка На вимогу</name>
        <description>Автобус-20.</description>
        <styleUrl>#icon-1769-000000</styleUrl>
        <Point>
          <coordinates>
            36.2390167,50.0323872,0
          </coordinates>
        </Point>
      </Placemark>
      <Placemark>
        <name>Канатна дорога</name>
        <description>Автобус-20.</description>
        <styleUrl>#icon-1586-000000</styleUrl>
        <Point>
          <coordinates>
            36.2357577,50.0308681,0
          </coordinates>
        </Point>
      </Placemark>
      <Placemark>
        <name>Ботанічний сад</name>
        <description>Автобус-20.</description>
        <styleUrl>#icon-1720-000000</styleUrl>
        <Point>
          <coordinates>
            36.2310372,50.0301192,0
          </coordinates>
        </Point>
      </Placemark>
      <Placemark>
        <name>Станція метро Ботанічний сад</name>
        <description>Автобус-20, 33. Троллейбус-2, 18, 58.</description>
        <styleUrl>#icon-1626-000000</styleUrl>
        <Point>
          <coordinates>
            36.2226283,50.0265376,0
          </coordinates>
        </Point>
      </Placemark>
      <Placemark>
        <name>вул. Європейська</name>
        <description>Автобус-20, 33. Троллейбус-2, 18, 58.</description>
        <styleUrl>#icon-1532-000000</styleUrl>
        <Point>
          <coordinates>
            36.2241733,50.0210687,0
          </coordinates>
        </Point>
      </Placemark>
      <Placemark>
        <name>вул. Космічна</name>
        <description>Автобус-20, 33. Троллейбус-2, 18, 58.</description>
        <styleUrl>#icon-1532-000000</styleUrl>
        <Point>
          <coordinates>
            36.2251491,50.0182001,0
          </coordinates>
        </Point>
      </Placemark>
      <Placemark>
        <name>Станція метро Наукова</name>
        <description>Автобус-20, 33. Троллейбус-2, 18, 58.</description>
        <styleUrl>#icon-1626-000000</styleUrl>
        <Point>
          <coordinates>
            36.2264655,50.0132756,0
          </coordinates>
        </Point>
      </Placemark>
    </Folder><Folder><name>Автобус №204</name><Placemark>
        <name>Лінія маршруту</name>
        <styleUrl>#line-A52714-5263-nodesc</styleUrl>
        <LineString>
          <tessellate>1</tessellate>
          <coordinates>
            36.398805,49.9450361,0
            36.4003178,49.9445735,0
            36.3987943,49.942661,0
            36.3955971,49.9437243,0
            36.3875934,49.9426472,0
            36.3822075,49.9444562,0
            36.3764891,49.9463479,0
            36.3733992,49.9473421,0
            36.3744935,49.9487229,0
            36.3769504,49.9518156,0
            36.3780984,49.9532653,0
            36.3767144,49.9537623,0
            36.3720151,49.9553845,0
            36.3685068,49.956551,0
            36.3655564,49.957545,0
            36.3616404,49.9586977,0
            36.3621553,49.9593051,0
            36.3618549,49.9594569,0
            36.3597521,49.9601817,0
            36.356115,49.9613826,0
            36.3549241,49.9617691,0
            36.3542482,49.9619762,0
            36.3537654,49.9621487,0
            36.3529178,49.962549,0
            36.3524136,49.9628665,0
            36.3520488,49.9632254,0
            36.3517484,49.9636188,0
            36.3513407,49.9642606,0
            36.3498172,49.9669245,0
            36.3486155,49.9690569,0
            36.3469097,49.9721553,0
            36.3453218,49.9751982,0
            36.3437125,49.9783376,0
            36.3428971,49.9799175,0
            36.3422748,49.9813112,0
            36.3420173,49.9819597,0
            36.3410732,49.9847606,0
            36.3404616,49.9866162,0
            36.3403329,49.9870439,0
            36.3403007,49.9875337,0
            36.3403758,49.9884512,0
            36.3403758,49.9891961,0
            36.3403651,49.9907412,0
            36.3404294,49.9942727,0
            36.3404724,49.9967212,0
            36.3404938,49.9994109,0
            36.3405904,50.0002039,0
            36.340805,50.0008039,0
            36.3414916,50.0022521,0
            36.341792,50.0030107,0
            36.3420173,50.0036796,0
            36.3422212,50.004314,0
            36.3424357,50.0047001,0
            36.3429829,50.0051897,0
            36.3434228,50.0055069,0
            36.343927,50.0057069,0
            36.3446995,50.0059827,0
            36.345075,50.0062723,0
            36.3468024,50.0076652,0
            36.3484224,50.0090166,0
            36.3499996,50.0102991,0
            36.3500639,50.0105542,0
            36.3506755,50.0110713,0
            36.3530144,50.0130639,0
            36.355879,50.0154493,0
            36.3583251,50.0174417,0
            36.3606318,50.0192547,0
            36.3608679,50.0193306,0
            36.3610288,50.0194822,0
            36.3637969,50.0217984,0
            36.3666293,50.0241489,0
            36.3683137,50.0256309,0
            36.3682922,50.0257894,0
            36.3681742,50.0259135,0
            36.3679811,50.026072,0
            36.3674554,50.0262581,0
            36.3669726,50.02652,0
            36.3664898,50.0265407,0
            36.3654491,50.0267061,0
            36.3639256,50.0269749,0
            36.3612434,50.0274092,0
            36.3596984,50.0276642,0
            36.3585397,50.0278641,0
            36.3576707,50.027995,0
            36.3564583,50.0281122,0
            36.3550421,50.0281467,0
            36.354216,50.0282087,0
            36.354495,50.0284775,0
            36.3563296,50.030614,0
            36.3581535,50.0327574,0
            36.3590762,50.0337636,0
            36.3598272,50.0345492,0
            36.3615009,50.0365408,0
            36.3630887,50.038298,0
            36.3646766,50.0400965,0
            36.3652667,50.0407442,0
            36.3646552,50.0408613,0
            36.3643548,50.0407166,0
            36.3643579,50.0405638,0
          </coordinates>
        </LineString>
      </Placemark>
      <Placemark>
        <name>Станція метро Індустріальна</name>
        <description>Автобус-7, 45, 70. Маршрутка-121е. Троллейбус -45, 46, 51, 52, 53.</description>
        <styleUrl>#icon-1499-A52714</styleUrl>
        <Point>
          <coordinates>
            36.3981809,49.945437,0
          </coordinates>
        </Point>
      </Placemark>
      <Placemark>
        <name>Поліклініка №11</name>
        <description>Автобус-45, 70, 204, 252. Маршрутка -121е, 252е. Троллейбус-45, 51, 52.</description>
        <styleUrl>#icon-1624-A52714</styleUrl>
        <Point>
          <coordinates>
            36.3994472,49.9435317,0
          </coordinates>
        </Point>
      </Placemark>
      <Placemark>
        <name>вул. Миру</name>
        <description>Автобус-204.</description>
        <styleUrl>#icon-1532-A52714</styleUrl>
        <Point>
          <coordinates>
            36.3951311,49.943603,0
          </coordinates>
        </Point>
      </Placemark>
      <Placemark>
        <name>вул. 12 Квітня</name>
        <description>Автобус-204.</description>
        <styleUrl>#icon-1532-A52714</styleUrl>
        <Point>
          <coordinates>
            36.3873938,49.9426553,0
          </coordinates>
        </Point>
      </Placemark>
      <Placemark>
        <name>Індустріальний</name>
        <description>Автобус-204.</description>
        <styleUrl>#icon-1532-A52714</styleUrl>
        <Point>
          <coordinates>
            36.3797152,49.9453461,0
          </coordinates>
        </Point>
      </Placemark>
      <Placemark>
        <name>вул. Бекетова</name>
        <description>Автобус-204.</description>
        <styleUrl>#icon-1532-A52714</styleUrl>
        <Point>
          <coordinates>
            36.3762176,49.9464646,0
          </coordinates>
        </Point>
      </Placemark>
      <Placemark>
        <name>вул. Бібліка</name>
        <description>Автобус-64, 204, 224, 280.</description>
        <styleUrl>#icon-1532-A52714</styleUrl>
        <Point>
          <coordinates>
            36.3747155,49.949019,0
          </coordinates>
        </Point>
      </Placemark>
      <Placemark>
        <name>Станція метро Тракторний завод</name>
        <description>Автобус-204. Маршрутка-121е.</description>
        <styleUrl>#icon-1626-A52714</styleUrl>
        <Point>
          <coordinates>
            36.3777153,49.953468,0
          </coordinates>
        </Point>
      </Placemark>
      <Placemark>
        <name>вул. Северина Потоцького</name>
        <description>Автобус-204. Маршрутка-121е.</description>
        <styleUrl>#icon-1532-A52714</styleUrl>
        <Point>
          <coordinates>
            36.37278,49.9551937,0
          </coordinates>
        </Point>
      </Placemark>
      <Placemark>
        <name>вул. Свистуна</name>
        <description>Автобус-204. Маршрутка-121е.</description>
        <styleUrl>#icon-1532-A52714</styleUrl>
        <Point>
          <coordinates>
            36.3666278,49.9572645,0
          </coordinates>
        </Point>
      </Placemark>
      <Placemark>
        <name>Станція метро Масельського</name>
        <description>Автобус-204. Маршрутка-121е.</description>
        <styleUrl>#icon-1626-A52714</styleUrl>
        <Point>
          <coordinates>
            36.3622076,49.958565,0
          </coordinates>
        </Point>
      </Placemark>
      <Placemark>
        <name>вул. Автогенна</name>
        <description>Автобус-204, 228. Маршрутка-121е.</description>
        <styleUrl>#icon-1532-A52714</styleUrl>
        <Point>
          <coordinates>
            36.3568859,49.9611898,0
          </coordinates>
        </Point>
      </Placemark>
      <Placemark>
        <name>Зупинка На вимогу</name>
        <description>Автобус-204, 228. Маршрутка-121е.</description>
        <styleUrl>#icon-1769-A52714</styleUrl>
        <Point>
          <coordinates>
            36.3511664,49.964661,0
          </coordinates>
        </Point>
      </Placemark>
      <Placemark>
        <name>вул. Немишлянська</name>
        <description>Автобус-204, 228. Маршрутка-121е.</description>
        <styleUrl>#icon-1532-A52714</styleUrl>
        <Point>
          <coordinates>
            36.346018,49.9738576,0
          </coordinates>
        </Point>
      </Placemark>
      <Placemark>
        <name>вул. Краснодарська</name>
        <description>Автобус-204, 228. Маршрутка-121е.</description>
        <styleUrl>#icon-1532-A52714</styleUrl>
        <Point>
          <coordinates>
            36.3428589,49.9801184,0
          </coordinates>
        </Point>
      </Placemark>
      <Placemark>
        <name>вул. Амосова</name>
        <description>Автобус-204. Маршрутка-121е.</description>
        <styleUrl>#icon-1532-A52714</styleUrl>
        <Point>
          <coordinates>
            36.3414165,49.9843557,0
          </coordinates>
        </Point>
      </Placemark>
      <Placemark>
        <name>Салтівське шосе</name>
        <description>Автобус-204. Маршрутка-121е.</description>
        <styleUrl>#icon-1532-A52714</styleUrl>
        <Point>
          <coordinates>
            36.340482,49.9888352,0
          </coordinates>
        </Point>
      </Placemark>
      <Placemark>
        <name>Парк Перемоги</name>
        <description>Автобус-83, 204. Маршрутка-121е.</description>
        <styleUrl>#icon-1720-A52714</styleUrl>
        <Point>
          <coordinates>
            36.3404532,49.9932199,0
          </coordinates>
        </Point>
      </Placemark>
      <Placemark>
        <name>Остановка пр. Ювілейний</name>
        <description>Автобус-204.</description>
        <styleUrl>#icon-1532-A52714</styleUrl>
        <Point>
          <coordinates>
            36.340598,49.9972052,0
          </coordinates>
        </Point>
      </Placemark>
      <Placemark>
        <name>вул. Василя Стуса</name>
        <description>Автобус-204.</description>
        <styleUrl>#icon-1532-A52714</styleUrl>
        <Point>
          <coordinates>
            36.340781,50.0006336,0
          </coordinates>
        </Point>
      </Placemark>
      <Placemark>
        <name>вул. Владислава Зубенка</name>
        <description>Автобус-204.</description>
        <styleUrl>#icon-1532-A52714</styleUrl>
        <Point>
          <coordinates>
            36.3418763,50.0028944,0
          </coordinates>
        </Point>
      </Placemark>
      <Placemark>
        <name>Зупинка Сади</name>
        <description>Автобус-204.</description>
        <styleUrl>#icon-1582-A52714</styleUrl>
        <Point>
          <coordinates>
            36.3461084,50.0069254,0
          </coordinates>
        </Point>
      </Placemark>
      <Placemark>
        <name>вул. Валентинівська</name>
        <description>Автобус-204, 272.</description>
        <styleUrl>#icon-1532-A52714</styleUrl>
        <Point>
          <coordinates>
            36.3507771,50.0107191,0
          </coordinates>
        </Point>
      </Placemark>
      <Placemark>
        <name>Остановка 606 м/р</name>
        <description>Автобус-204, 272.</description>
        <styleUrl>#icon-1546-A52714</styleUrl>
        <Point>
          <coordinates>
            36.3565371,50.0158175,0
          </coordinates>
        </Point>
      </Placemark>
      <Placemark>
        <name>Регіональний центр послуг</name>
        <description>Автобус-204, 272.</description>
        <styleUrl>#icon-1548-A52714</styleUrl>
        <Point>
          <coordinates>
            36.359433,50.0182333,0
          </coordinates>
        </Point>
      </Placemark>
      <Placemark>
        <name>Поліклініка №11</name>
        <description>Автобус-204.</description>
        <styleUrl>#icon-1624-A52714</styleUrl>
        <Point>
          <coordinates>
            36.3647788,50.0225486,0
          </coordinates>
        </Point>
      </Placemark>
      <Placemark>
        <name>вул. Бучми</name>
        <description>Автобус-204.</description>
        <styleUrl>#icon-1532-A52714</styleUrl>
        <Point>
          <coordinates>
            36.3681282,50.0254036,0
          </coordinates>
        </Point>
      </Placemark>
      <Placemark>
        <name>Остановка 531 м/р</name>
        <description>Автобус-204.</description>
        <styleUrl>#icon-1546-A52714</styleUrl>
        <Point>
          <coordinates>
            36.3600387,50.0275954,0
          </coordinates>
        </Point>
      </Placemark>
      <Placemark>
        <name>вул. Джерельна</name>
        <description>Автобус-107, 204. Маршрутка - 259е. Троллейбус-31, 35.</description>
        <styleUrl>#icon-1892-A52714</styleUrl>
        <Point>
          <coordinates>
            36.3573539,50.0316755,0
          </coordinates>
        </Point>
      </Placemark>
      <Placemark>
        <name>вул. Соборності України</name>
        <description>Автобус-107, 204. Маршрутка - 259е. Троллейбус-31, 35.</description>
        <styleUrl>#icon-1532-A52714</styleUrl>
        <Point>
          <coordinates>
            36.3603919,50.035011,0
          </coordinates>
        </Point>
      </Placemark>
      <Placemark>
        <name>вул. Метробудівників</name>
        <description>Автобус-107, 204. Маршрутка - 259е. Троллейбус-31, 35.</description>
        <styleUrl>#icon-1532-A52714</styleUrl>
        <Point>
          <coordinates>
            36.3632982,50.0385309,0
          </coordinates>
        </Point>
      </Placemark>
    <Placemark>
        <name>Лінія маршруту</name>
        <styleUrl>#line-000000-5263-nodesc</styleUrl>
        <LineString>
          <tessellate>1</tessellate>
          <coordinates>
            36.3643579,50.0405638,0
            36.364374,50.0405328,0
            36.3644276,50.0403399,0
            36.3645081,50.0401504,0
            36.3640736,50.0396577,0
            36.3626091,50.0379901,0
            36.3613162,50.0365189,0
            36.3604472,50.0355404,0
            36.3597123,50.0346548,0
            36.3588969,50.0338003,0
            36.3584034,50.0332076,0
            36.3561074,50.0305956,0
            36.3546268,50.0288864,0
            36.3539831,50.028142,0
            36.354423,50.0280524,0
            36.3549594,50.0280317,0
            36.3564185,50.0279904,0
            36.357191,50.0279352,0
            36.3587789,50.0277078,0
            36.3607744,50.0273425,0
            36.3622872,50.0270875,0
            36.3637034,50.0268876,0
            36.3649801,50.0266464,0
            36.3662247,50.0264672,0
            36.3667719,50.0263569,0
            36.3672439,50.0262259,0
            36.3680164,50.0258882,0
            36.3681022,50.0256814,0
            36.3680379,50.0255091,0
            36.3671688,50.024806,0
            36.3651733,50.0231724,0
            36.3635103,50.02178,0
            36.3611607,50.019774,0
            36.360753,50.0194018,0
            36.3605384,50.0193604,0
            36.3603775,50.0192363,0
            36.3551311,50.0150034,0
            36.3498739,50.0105634,0
            36.3497881,50.0103289,0
            36.3463978,50.0075295,0
            36.3450889,50.006509,0
            36.3447456,50.0061918,0
            36.3444022,50.0060263,0
            36.3438658,50.0058333,0
            36.3432006,50.0055988,0
            36.3427071,50.0051437,0
            36.3421706,50.0047024,0
            36.3419346,50.0040266,0
            36.3417629,50.0035577,0
            36.3415484,50.0028543,0
            36.3413123,50.0024406,0
            36.3410977,50.0019992,0
            36.3407115,50.0011165,0
            36.3404111,50.0003993,0
            36.3403038,49.9993924,0
            36.3403038,49.9969786,0
            36.3403038,49.9945233,0
            36.3402394,49.9902469,0
            36.3400678,49.987736,0
            36.3402609,49.9867151,0
            36.3406686,49.9854872,0
            36.3410119,49.9842868,0
            36.3415698,49.9827691,0
            36.3420419,49.9814307,0
            36.3424925,49.9803544,0
            36.3431791,49.978947,0
            36.3438443,49.9776775,0
            36.3448099,49.975787,0
            36.3454107,49.9746002,0
            36.346269,49.9731098,0
            36.3467411,49.9721161,0
            36.3474492,49.9709016,0
            36.3478355,49.9701288,0
            36.3486723,49.968652,0
            36.3497452,49.9667887,0
            36.3506464,49.9650634,0
            36.3515476,49.9634761,0
            36.3519768,49.9629654,0
            36.3523416,49.9627031,0
            36.352878,49.9623994,0
            36.3534788,49.9620819,0
            36.3557104,49.9613504,0
            36.3586072,49.9603841,0
            36.3613323,49.9595006,0
            36.3619117,49.9592383,0
            36.3614182,49.9586309,0
            36.3649587,49.9575956,0
            36.3743142,49.9544341,0
            36.37749,49.9533435,0
            36.3778333,49.9532192,0
            36.3769428,49.9520664,0
            36.3731984,49.9473029,0
            36.3804404,49.9449348,0
            36.3874892,49.9425252,0
            36.3956217,49.9435609,0
            36.3988618,49.9424976,0
            36.4005784,49.9445965,0
            36.3974671,49.9455907,0
            36.397349,49.9454526,0
            36.3975851,49.9453007,0
            36.3981322,49.945135,0
            36.398497,49.9451005,0
            36.3987438,49.9450867,0
            36.3989262,49.9450108,0
          </coordinates>
        </LineString>
      </Placemark>
      <Placemark>
        <name>вул. Наталії Ужвій</name>
        <description>Автобус-107, 204. Маршрутка - 259е. Троллейбус-31, 35.</description>
        <styleUrl>#icon-1499-000000</styleUrl>
        <Point>
          <coordinates>
            36.3643594,50.0406493,0
          </coordinates>
        </Point>
      </Placemark>
      <Placemark>
        <name>вул. Метробудівників</name>
        <description>Автобус-107, 204. Маршрутка - 259е. Троллейбус-31, 35.</description>
        <styleUrl>#icon-1532-000000</styleUrl>
        <Point>
          <coordinates>
            36.3627489,50.0382794,0
          </coordinates>
        </Point>
      </Placemark>
      <Placemark>
        <name>вул. Соборності України</name>
        <description>Автобус-107, 204. Маршрутка - 259е. Троллейбус-31, 35.</description>
        <styleUrl>#icon-1532-000000</styleUrl>
        <Point>
          <coordinates>
            36.3600272,50.0353005,0
          </coordinates>
        </Point>
      </Placemark>
      <Placemark>
        <name>вул. Гвардійців Широнінців</name>
        <description>Автобус-107, 204. Маршрутка - 259е.</description>
        <styleUrl>#icon-1532-000000</styleUrl>
        <Point>
          <coordinates>
            36.3584054,50.0333981,0
          </coordinates>
        </Point>
      </Placemark>
      <Placemark>
        <name>вул. Джерельна</name>
        <description>Автобус-107, 204. Маршрутка - 259е. Троллейбус-31, 35.</description>
        <styleUrl>#icon-1892-000000</styleUrl>
        <Point>
          <coordinates>
            36.3566136,50.0312548,0
          </coordinates>
        </Point>
      </Placemark>
      <Placemark>
        <name>вул. Гвардійців Широнінців</name>
        <description>Автобус-204.</description>
        <styleUrl>#icon-1532-000000</styleUrl>
        <Point>
          <coordinates>
            36.355318,50.0279952,0
          </coordinates>
        </Point>
      </Placemark>
      <Placemark>
        <name>Остановка 531 м/р</name>
        <description>Автобус-204.</description>
        <styleUrl>#icon-1546-000000</styleUrl>
        <Point>
          <coordinates>
            36.3610043,50.0272646,0
          </coordinates>
        </Point>
      </Placemark>
      <Placemark>
        <name>Тракторобудівників</name>
        <description>Автобус-204.</description>
        <styleUrl>#icon-1532-000000</styleUrl>
        <Point>
          <coordinates>
            36.3675274,50.0251141,0
          </coordinates>
        </Point>
      </Placemark>
      <Placemark>
        <name>Поліклініка №11</name>
        <description>Автобус-204.</description>
        <styleUrl>#icon-1624-000000</styleUrl>
        <Point>
          <coordinates>
            36.3652509,50.0231222,0
          </coordinates>
        </Point>
      </Placemark>
      <Placemark>
        <name>Регіональний центр послуг</name>
        <description>Автобус-204, 272.</description>
        <styleUrl>#icon-1548-000000</styleUrl>
        <Point>
          <coordinates>
            36.3597549,50.0190398,0
          </coordinates>
        </Point>
      </Placemark>
      <Placemark>
        <name>Остановка 606 м/р</name>
        <description>Автобус-204, 272.</description>
        <styleUrl>#icon-1546-000000</styleUrl>
        <Point>
          <coordinates>
            36.356301,50.0159278,0
          </coordinates>
        </Point>
      </Placemark>
      <Placemark>
        <name>вул. Валентинівська</name>
        <description>Автобус-204, 272.</description>
        <styleUrl>#icon-1532-000000</styleUrl>
        <Point>
          <coordinates>
            36.3504123,50.0111604,0
          </coordinates>
        </Point>
      </Placemark>
      <Placemark>
        <name>Зупинка Сади</name>
        <description>Автобус-204.</description>
        <styleUrl>#icon-1582-000000</styleUrl>
        <Point>
          <coordinates>
            36.345636,50.0071216,0
          </coordinates>
        </Point>
      </Placemark>
      <Placemark>
        <name>вул. Владислва Зубенка</name>
        <description>Автобус-204.</description>
        <styleUrl>#icon-1532-000000</styleUrl>
        <Point>
          <coordinates>
            36.34149,50.0031357,0
          </coordinates>
        </Point>
      </Placemark>
      <Placemark>
        <name>вул. Василя Стуса</name>
        <description>Автобус-204.</description>
        <styleUrl>#icon-1532-000000</styleUrl>
        <Point>
          <coordinates>
            36.3403635,49.9998299,0
          </coordinates>
        </Point>
      </Placemark>
      <Placemark>
        <name>Остановка пр. Ювілейний</name>
        <description>Автобус-83, 204. Маршрутка-121е.</description>
        <styleUrl>#icon-1532-000000</styleUrl>
        <Point>
          <coordinates>
            36.3402878,49.9959711,0
          </coordinates>
        </Point>
      </Placemark>
      <Placemark>
        <name>Парк Перемоги</name>
        <description>Автобус-83, 204. Маршрутка-121е.</description>
        <styleUrl>#icon-1720-000000</styleUrl>
        <Point>
          <coordinates>
            36.3401543,49.9927191,0
          </coordinates>
        </Point>
      </Placemark>
      <Placemark>
        <name>Остановка ш. Салтівське</name>
        <description>Автобус-204. Маршрутка-121е.</description>
        <styleUrl>#icon-1532-000000</styleUrl>
        <Point>
          <coordinates>
            36.3400518,49.987463,0
          </coordinates>
        </Point>
      </Placemark>
      <Placemark>
        <name>вул. Амосова</name>
        <description>Автобус-204. Маршрутка-121е.</description>
        <styleUrl>#icon-1532-000000</styleUrl>
        <Point>
          <coordinates>
            36.3413178,49.9840965,0
          </coordinates>
        </Point>
      </Placemark>
      <Placemark>
        <name>вул. Краснодарська</name>
        <description>Автобус-204, 228. Маршрутка-121е.</description>
        <styleUrl>#icon-1532-000000</styleUrl>
        <Point>
          <coordinates>
            36.3428198,49.9794604,0
          </coordinates>
        </Point>
      </Placemark>
      <Placemark>
        <name>вул. Немишлянська</name>
        <description>Автобус-204, 228. Маршрутка-121е.</description>
        <styleUrl>#icon-1532-000000</styleUrl>
        <Point>
          <coordinates>
            36.3461887,49.972816,0
          </coordinates>
        </Point>
      </Placemark>
      <Placemark>
        <name>Остановка на вимогу</name>
        <description>Автобус-204, 228. Маршрутка-121е.</description>
        <styleUrl>#icon-1769-000000</styleUrl>
        <Point>
          <coordinates>
            36.3511886,49.9642034,0
          </coordinates>
        </Point>
      </Placemark>
      <Placemark>
        <name>вул. Автогенна</name>
        <description>Автобус-204, 228. Маршрутка-121е.</description>
        <styleUrl>#icon-1532-000000</styleUrl>
        <Point>
          <coordinates>
            36.3577118,49.9607318,0
          </coordinates>
        </Point>
      </Placemark>
      <Placemark>
        <name>Станція метро Масельського</name>
        <description>Автобус-204. Маршрутка-121е.</description>
        <styleUrl>#icon-1626-000000</styleUrl>
        <Point>
          <coordinates>
            36.3622158,49.9583217,0
          </coordinates>
        </Point>
      </Placemark>
      <Placemark>
        <name>вул. Свистуна</name>
        <description>Автобус-204. Маршрутка-121е.</description>
        <styleUrl>#icon-1532-000000</styleUrl>
        <Point>
          <coordinates>
            36.3664609,49.9570953,0
          </coordinates>
        </Point>
      </Placemark>
      <Placemark>
        <name>вул. Северина Потоцького</name>
        <description>Автобус-204. Маршрутка-121е.</description>
        <styleUrl>#icon-1532-000000</styleUrl>
        <Point>
          <coordinates>
            36.3723832,49.9550383,0
          </coordinates>
        </Point>
      </Placemark>
      <Placemark>
        <name>Станція метро Тракторний завод</name>
        <description>Автобус-204. Маршрутка-121е.</description>
        <styleUrl>#icon-1626-000000</styleUrl>
        <Point>
          <coordinates>
            36.3777334,49.953062,0
          </coordinates>
        </Point>
      </Placemark>
      <Placemark>
        <name>вул. Бібліка</name>
        <description>Автобус-64, 204, 224, 280.</description>
        <styleUrl>#icon-1532-000000</styleUrl>
        <Point>
          <coordinates>
            36.3742006,49.9485634,0
          </coordinates>
        </Point>
      </Placemark>
      <Placemark>
        <name>вул. Бекетова</name>
        <description>Автобус-204.</description>
        <styleUrl>#icon-1532-000000</styleUrl>
        <Point>
          <coordinates>
            36.3763249,49.946147,0
          </coordinates>
        </Point>
      </Placemark>
      <Placemark>
        <name>Індустріальний</name>
        <description>Автобус-204.</description>
        <styleUrl>#icon-1532-000000</styleUrl>
        <Point>
          <coordinates>
            36.3814318,49.9445867,0
          </coordinates>
        </Point>
      </Placemark>
      <Placemark>
        <name>вул. 12 Квітня</name>
        <description>Автобус-204.</description>
        <styleUrl>#icon-1532-000000</styleUrl>
        <Point>
          <coordinates>
            36.3885109,49.9426707,0
          </coordinates>
        </Point>
      </Placemark>
      <Placemark>
        <name>вул. Миру</name>
        <description>Автобус-204.</description>
        <styleUrl>#icon-1532-000000</styleUrl>
        <Point>
          <coordinates>
            36.3954422,49.9434994,0
          </coordinates>
        </Point>
      </Placemark>
      <Placemark>
        <name>Остановка 18 поліклініка</name>
        <description>Автобус-45, 70, 204, 252. Маршрутка -121е, 252е. Троллейбус-45, 51, 52.</description>
        <styleUrl>#icon-1624-000000</styleUrl>
        <Point>
          <coordinates>
            36.3995146,49.9433631,0
          </coordinates>
        </Point>
      </Placemark>
      <Placemark>
        <name>Станція метро Індустріальна</name>
        <description>Автобус-7, 45, 70. Маршрутка-121е. Троллейбус -45, 46, 51, 52, 53.</description>
        <styleUrl>#icon-1626-000000</styleUrl>
        <Point>
          <coordinates>
            36.397849,49.9451557,0
          </coordinates>
        </Point>
      </Placemark>
    </Folder><Folder><name>Автобус №206</name><Placemark>
        <name>Лінія маршруту</name>
        <styleUrl>#line-A52714-5069-nodesc</styleUrl>
        <LineString>
          <tessellate>1</tessellate>
          <coordinates>
            36.3369028,50.0263709,0
            36.3373641,50.0262158,0
            36.3384853,50.027615,0
            36.3403253,50.0298412,0
            36.3417415,50.0315711,0
            36.3429216,50.0330252,0
            36.3440589,50.0343691,0
            36.3459686,50.0366363,0
            36.3462476,50.0365639,0
            36.3488386,50.0359472,0
            36.349772,50.0357404,0
            36.3533071,50.0349617,0
            36.3547287,50.0346275,0
            36.3585482,50.033766,0
            36.358913,50.0337281,0
            36.3605384,50.0354441,0
            36.3624213,50.0375701,0
            36.3639609,50.0393065,0
            36.3652431,50.0407758,0
            36.364995,50.040895,0
            36.3647576,50.0408971,0
            36.3644565,50.0407707,0
            36.3643379,50.0406787,0
          </coordinates>
        </LineString>
      </Placemark>
      <Placemark>
        <name>Станція метро Салтівська</name>
        <description>Автобус -41е.</description>
        <styleUrl>#icon-1499-A52714</styleUrl>
        <Point>
          <coordinates>
            36.3363087,50.0262558,0
          </coordinates>
        </Point>
      </Placemark>
      <Placemark>
        <name>вул. Бучми</name>
        <description>Автобус -41.</description>
        <styleUrl>#icon-1532-A52714</styleUrl>
        <Point>
          <coordinates>
            36.341657,50.031434,0
          </coordinates>
        </Point>
      </Placemark>
      <Placemark>
        <name>вул. Леся Сердюка</name>
        <description>Автобус-48, 206.</description>
        <styleUrl>#icon-1532-A52714</styleUrl>
        <Point>
          <coordinates>
            36.3468564,50.0363361,0
          </coordinates>
        </Point>
      </Placemark>
      <Placemark>
        <name>вул. Сатиричний</name>
        <description>Автобус -41.</description>
        <styleUrl>#icon-1532-A52714</styleUrl>
        <Point>
          <coordinates>
            36.3435632,50.0337322,0
          </coordinates>
        </Point>
      </Placemark>
      <Placemark>
        <name>Зупинка м/н Північна-2</name>
        <description>Автобус-48, 206.</description>
        <styleUrl>#icon-1546-A52714</styleUrl>
        <Point>
          <coordinates>
            36.3508149,50.0354497,0
          </coordinates>
        </Point>
      </Placemark>
      <Placemark>
        <name>вул. Соборності України</name>
        <description>Автобус-48, 206.</description>
        <styleUrl>#icon-1532-A52714</styleUrl>
        <Point>
          <coordinates>
            36.3537117,50.0347881,0
          </coordinates>
        </Point>
      </Placemark>
      <Placemark>
        <name>вул. Соборності України</name>
        <description>Автобус-107, 204, 206. Троллейбус - 31, 35.</description>
        <styleUrl>#icon-1532-A52714</styleUrl>
        <Point>
          <coordinates>
            36.3603805,50.0350626,0
          </coordinates>
        </Point>
      </Placemark>
      <Placemark>
        <name>вул. Метробудівників</name>
        <description>Автобус-107, 204, 206. Троллейбус - 31, 35.</description>
        <styleUrl>#icon-1532-A52714</styleUrl>
        <Point>
          <coordinates>
            36.3633417,50.0385494,0
          </coordinates>
        </Point>
      </Placemark>
      <Placemark>
        <name>Зупинка Північна Салтівка</name>
        <description>Автобус-206.</description>
        <styleUrl>#icon-1546-A52714</styleUrl>
        <Point>
          <coordinates>
            36.3647914,50.0402384,0
          </coordinates>
        </Point>
      </Placemark>
    <Placemark>
        <name>Лінія маршруту</name>
        <styleUrl>#line-000000-4875-nodesc</styleUrl>
        <LineString>
          <tessellate>1</tessellate>
          <coordinates>
            36.3643578,50.0405951,0
            36.3644249,50.0403642,0
            36.3645456,50.0401954,0
            36.3642988,50.0398785,0
            36.3608012,50.035961,0
            36.3588164,50.0337936,0
            36.3536183,50.0349652,0
            36.3486884,50.0360505,0
            36.3458721,50.0367396,0
            36.3447241,50.0353511,0
            36.3431791,50.0335283,0
            36.3419292,50.0319777,0
            36.3406686,50.0304546,0
            36.3394294,50.0289659,0
            36.3372729,50.0262916,0
            36.3356904,50.0267913,0
            36.3355134,50.0267569,0
            36.335449,50.0266707,0
            36.3355134,50.0266052,0
            36.3357977,50.0265087,0
            36.3359801,50.0264467,0
            36.3360766,50.0264088,0
            36.3363127,50.0263261,0
            36.33642,50.0263192,0
            36.3365541,50.0263571,0
            36.3366345,50.0264329,0
            36.3367204,50.0264295,0
            36.3369028,50.0263709,0
          </coordinates>
        </LineString>
      </Placemark>
      <Placemark>
        <name>Зупинка Північна Салтівка</name>
        <description>Автобус-206.</description>
        <styleUrl>#icon-1499-000000</styleUrl>
        <Point>
          <coordinates>
            36.3643408,50.040638,0
          </coordinates>
        </Point>
      </Placemark>
      <Placemark>
        <name>вул. Метробудівників</name>
        <description>Автобус-107, 204, 206. Троллейбус - 31, 35.</description>
        <styleUrl>#icon-1532-000000</styleUrl>
        <Point>
          <coordinates>
            36.3627731,50.0383151,0
          </coordinates>
        </Point>
      </Placemark>
      <Placemark>
        <name>вул. Соборності України</name>
        <description>Автобус-107, 204, 206. Троллейбус - 31, 35.</description>
        <styleUrl>#icon-1532-000000</styleUrl>
        <Point>
          <coordinates>
            36.3600587,50.0353519,0
          </coordinates>
        </Point>
      </Placemark>
      <Placemark>
        <name>вул. Гвардійців Широнінців</name>
        <description>Автобус-48, 206.</description>
        <styleUrl>#icon-1532-000000</styleUrl>
        <Point>
          <coordinates>
            36.3581597,50.0341047,0
          </coordinates>
        </Point>
      </Placemark>
      <Placemark>
        <name>вул. Соборності України</name>
        <description>Автобус-48, 206.</description>
        <styleUrl>#icon-1532-000000</styleUrl>
        <Point>
          <coordinates>
            36.3536259,50.0350431,0
          </coordinates>
        </Point>
      </Placemark>
      <Placemark>
        <name>Зупинка м/н Північна-2</name>
        <description>Автобус-48, 206.</description>
        <styleUrl>#icon-1546-000000</styleUrl>
        <Point>
          <coordinates>
            36.3501176,50.0358011,0
          </coordinates>
        </Point>
      </Placemark>
      <Placemark>
        <name>вул. Сердюка</name>
        <description>Автобус-48, 206.</description>
        <styleUrl>#icon-1532-000000</styleUrl>
        <Point>
          <coordinates>
            36.3469027,50.0365961,0
          </coordinates>
        </Point>
      </Placemark>
      <Placemark>
        <name>вул. Сатиричний</name>
        <description>Автобус -41.</description>
        <styleUrl>#icon-1532-000000</styleUrl>
        <Point>
          <coordinates>
            36.3430687,50.0334127,0
          </coordinates>
        </Point>
      </Placemark>
      <Placemark>
        <name>вул. Бучми</name>
        <description>Автобус -41.</description>
        <styleUrl>#icon-1532-000000</styleUrl>
        <Point>
          <coordinates>
            36.3405986,50.0305329,0
          </coordinates>
        </Point>
      </Placemark>
      <Placemark>
        <name>Станція метро Салтівська</name>
        <description>Автобус -41.</description>
        <styleUrl>#icon-1626-000000</styleUrl>
        <Point>
          <coordinates>
            36.3369278,50.026452,0
          </coordinates>
        </Point>
      </Placemark>
    </Folder><Folder><name>Автобус №208</name><Placemark>
        <name>Лінія маршруту</name>
        <styleUrl>#line-A52714-5650-nodesc</styleUrl>
        <LineString>
          <tessellate>1</tessellate>
          <coordinates>
            36.3358832,50.0264355,0
            36.3360709,50.0263976,0
            36.3362909,50.0264217,0
            36.3364357,50.0265251,0
            36.3372618,50.0262425,0
            36.3355988,50.0242643,0
            36.3327611,50.0252155,0
            36.3304168,50.0259978,0
            36.3299233,50.0261288,0
            36.3280672,50.0267353,0
            36.3252562,50.0276313,0
            36.3248056,50.0278105,0
            36.3243175,50.0279415,0
            36.3238293,50.0280414,0
            36.3235504,50.0281207,0
            36.3220805,50.0283826,0
            36.3204658,50.0286514,0
            36.3186741,50.0288616,0
            36.3176441,50.0289684,0
            36.3165122,50.029058,0
            36.3146883,50.0291683,0
            36.3126016,50.0292062,0
            36.310311,50.0291649,0
            36.3097477,50.0291545,0
            36.307618,50.0291201,0
            36.306293,50.0290994,0
            36.3042706,50.0292579,0
            36.3027525,50.029444,0
            36.3027257,50.0294957,0
            36.30301,50.0298472,0
            36.3029832,50.0299471,0
            36.3030744,50.0299954,0
            36.3032246,50.0300953,0
            36.3034606,50.0303813,0
            36.3043189,50.0314151,0
            36.3048768,50.0321181,0
            36.305424,50.0327383,0
            36.3057405,50.033014,0
            36.3060034,50.033269,0
            36.3064218,50.0336618,0
            36.3069368,50.0341201,0
            36.3073874,50.034475,0
            36.3075644,50.034599,0
            36.3081116,50.0348781,0
            36.3085085,50.0351159,0
            36.3087446,50.0352709,0
            36.3088465,50.035333,0
            36.3089055,50.0354053,0
            36.308986,50.0355259,0
            36.3090772,50.0356948,0
            36.3091576,50.0359704,0
            36.3093776,50.0365493,0
            36.3096351,50.0371832,0
            36.3099516,50.0379757,0
            36.3104558,50.0391368,0
            36.3109064,50.040198,0
            36.3110995,50.0406011,0
            36.3112605,50.040825,0
            36.3115287,50.0411179,0
            36.3121885,50.0418103,0
            36.3127893,50.0424856,0
            36.3136798,50.0435398,0
            36.3140553,50.0441013,0
            36.3142806,50.0444183,0
            36.314624,50.0450211,0
            36.3149244,50.0455241,0
            36.3150746,50.0457032,0
            36.3151604,50.04581,0
            36.3153321,50.0459444,0
            36.3155091,50.0459926,0
            36.3157827,50.0460443,0
            36.316067,50.0459582,0
            36.3163835,50.0458066,0
            36.3168878,50.0455861,0
            36.3172525,50.0453898,0
            36.3177622,50.0451727,0
            36.3183737,50.0449557,0
            36.3195056,50.0445974,0
            36.3209057,50.0441633,0
            36.3213724,50.0440772,0
            36.3216514,50.0440634,0
            36.3219303,50.0440841,0
            36.3238669,50.0445216,0
            36.3261897,50.0451589,0
            36.3274825,50.0455172,0
            36.3279653,50.0457032,0
            36.3287431,50.0459995,0
            36.3294673,50.046251,0
            36.3300681,50.0463991,0
            36.3306046,50.0465025,0
            36.3315112,50.0466506,0
            36.3329435,50.046778,0
            36.3348371,50.0469365,0
            36.3365752,50.0470984,0
            36.3368809,50.0471329,0
            36.3377124,50.0472844,0
            36.3381362,50.0473912,0
            36.3408345,50.0482352,0
            36.3433397,50.0490378,0
            36.3446272,50.0494925,0
            36.3453192,50.0497784,0
            36.3462848,50.0502847,0
            36.3466388,50.0505259,0
            36.3469231,50.0507842,0
            36.347186,50.0510288,0
            36.3475776,50.0515144,0
            36.3478458,50.0517762,0
            36.3481891,50.052069,0
            36.3485003,50.0523101,0
            36.3489992,50.052689,0
            36.3500613,50.0534399,0
            36.3503993,50.053681,0
            36.3507909,50.0539117,0
            36.350984,50.0539737,0
            36.3512469,50.0539978,0
            36.3512361,50.0541563,0
            36.351279,50.0542941,0
            36.3511771,50.0542183,0
            36.351102,50.0541046,0
            36.3509089,50.0540495,0
            36.3507533,50.0539841,0
          </coordinates>
        </LineString>
      </Placemark>
      <Placemark>
        <name>Станція метро Салтівська</name>
        <description>Автобус-208.</description>
        <styleUrl>#icon-1499-A52714</styleUrl>
        <Point>
          <coordinates>
            36.3358135,50.0264148,0
          </coordinates>
        </Point>
      </Placemark>
      <Placemark>
        <name>Станція метро Салтівська</name>
        <description>Автобус-47, 63, 208.</description>
        <styleUrl>#icon-1626-A52714</styleUrl>
        <Point>
          <coordinates>
            36.3347286,50.0247295,0
          </coordinates>
        </Point>
      </Placemark>
      <Placemark>
        <name>Остановка Піски</name>
        <description>Автобус-47, 63, 208, 272. Троллейбус -12, 17.</description>
        <styleUrl>#icon-1532-A52714</styleUrl>
        <Point>
          <coordinates>
            36.3305604,50.0260942,0
          </coordinates>
        </Point>
      </Placemark>
      <Placemark>
        <name>вул. Барабашова</name>
        <description>Автобус-47, 63, 208, 272.</description>
        <styleUrl>#icon-1532-A52714</styleUrl>
        <Point>
          <coordinates>
            36.3236081,50.0282236,0
          </coordinates>
        </Point>
      </Placemark>
      <Placemark>
        <name>Сосновий бір</name>
        <description>Автобус-47, 63, 208, 272.</description>
        <styleUrl>#icon-1720-A52714</styleUrl>
        <Point>
          <coordinates>
            36.3165486,50.029285,0
          </coordinates>
        </Point>
      </Placemark>
      <Placemark>
        <name>вул. Гінзбурга</name>
        <description>Автобус-31, 208.</description>
        <styleUrl>#icon-1532-A52714</styleUrl>
        <Point>
          <coordinates>
            36.3036873,50.0305712,0
          </coordinates>
        </Point>
      </Placemark>
      <Placemark>
        <name>Остановка пров. Соколовський</name>
        <description>Автобус-31, 208.</description>
        <styleUrl>#icon-1532-A52714</styleUrl>
        <Point>
          <coordinates>
            36.3090947,50.0355882,0
          </coordinates>
        </Point>
      </Placemark>
      <Placemark>
        <name>вул. Нижегородська</name>
        <description>Автобус-31, 208.</description>
        <styleUrl>#icon-1532-A52714</styleUrl>
        <Point>
          <coordinates>
            36.3152751,50.0457881,0
          </coordinates>
        </Point>
      </Placemark>
      <Placemark>
        <name>вул. Челюскіна</name>
        <description>Автобус-31, 208.</description>
        <styleUrl>#icon-1532-A52714</styleUrl>
        <Point>
          <coordinates>
            36.3111251,50.0404442,0
          </coordinates>
        </Point>
      </Placemark>
      <Placemark>
        <name>вул. Генерала Удовіченко</name>
        <description>Автобус-31, 208.</description>
        <styleUrl>#icon-1532-A52714</styleUrl>
        <Point>
          <coordinates>
            36.3220256,50.0440725,0
          </coordinates>
        </Point>
      </Placemark>
      <Placemark>
        <name>вул. Познанська</name>
        <description>Автобус-31, 208.</description>
        <styleUrl>#icon-1532-A52714</styleUrl>
        <Point>
          <coordinates>
            36.3340867,50.046835,0
          </coordinates>
        </Point>
      </Placemark>
      <Placemark>
        <name>Покровський храм</name>
        <description>Автобус-31, 208.</description>
        <styleUrl>#icon-1670-A52714</styleUrl>
        <Point>
          <coordinates>
            36.3285077,50.0458153,0
          </coordinates>
        </Point>
      </Placemark>
      <Placemark>
        <name>вул. Колосиста</name>
        <description>Автобус-31, 208.</description>
        <styleUrl>#icon-1587-A52714</styleUrl>
        <Point>
          <coordinates>
            36.3417765,50.0484965,0
          </coordinates>
        </Point>
      </Placemark>
      <Placemark>
        <name>вул. Січових Стрілків</name>
        <description>Автобус-31е, 308е</description>
        <styleUrl>#icon-1532-A52714</styleUrl>
        <Point>
          <coordinates>
            36.3479135,50.0515278,0
          </coordinates>
        </Point>
      </Placemark>
    <Placemark>
        <name>Лінія маршруту</name>
        <styleUrl>#line-000000-4100-nodesc</styleUrl>
        <LineString>
          <tessellate>1</tessellate>
          <coordinates>
            36.3507533,50.0539841,0
            36.3493693,50.0530939,0
            36.3477815,50.0518746,0
            36.3473416,50.0514474,0
            36.3468373,50.050855,0
            36.3462151,50.0503865,0
            36.3455177,50.0500076,0
            36.3445306,50.049546,0
            36.3428569,50.0489742,0
            36.3400889,50.0481131,0
            36.3378573,50.0474241,0
            36.3369132,50.0472725,0
            36.3360012,50.0471692,0
            36.3342524,50.0469901,0
            36.3328684,50.0468729,0
            36.3312698,50.0467145,0
            36.3303042,50.0465629,0
            36.3291133,50.0462735,0
            36.3283516,50.0459635,0
            36.3267959,50.0454881,0
            36.3254762,50.0450609,0
            36.3238669,50.0446406,0
            36.3225043,50.0443444,0
            36.3216889,50.0441652,0
            36.3212705,50.0441652,0
            36.320777,50.0443237,0
            36.3180841,50.0451574,0
            36.3175262,50.0453848,0
            36.3164747,50.0458877,0
            36.3159705,50.046122,0
            36.3153804,50.0461082,0
            36.3151551,50.0459911,0
            36.3148332,50.0456259,0
            36.3142217,50.04462,0
            36.3135672,50.0435658,0
            36.3130093,50.0428975,0
            36.3117755,50.0415745,0
            36.3111425,50.0408648,0
            36.3108099,50.040472,0
            36.3107241,50.040162,0
            36.3104988,50.03959,0
            36.3098658,50.0381843,0
            36.3092864,50.036751,0
            36.3089216,50.0358069,0
            36.3087285,50.0354417,0
            36.3084496,50.0352349,0
            36.3080526,50.0349937,0
            36.3073552,50.0346629,0
            36.3069475,50.0343391,0
            36.305939,50.0333742,0
            36.3049305,50.032375,0
            36.3041473,50.0314308,0
            36.3031388,50.0301764,0
            36.3028706,50.0300455,0
            36.3027096,50.0299214,0
            36.3024414,50.0294803,0
            36.3026667,50.0293494,0
            36.303407,50.0292805,0
            36.3038737,50.0292253,0
            36.3048662,50.0291013,0
            36.3054723,50.028991,0
            36.3061912,50.0289393,0
            36.3066659,50.0289203,0
            36.3077093,50.0289496,0
            36.3084281,50.0290255,0
            36.3090611,50.0290461,0
            36.3128162,50.0290875,0
            36.3142539,50.0290324,0
            36.3165498,50.0289565,0
            36.3178266,50.0288187,0
            36.3195003,50.0286464,0
            36.3232339,50.0280537,0
            36.324811,50.0276332,0
            36.3259161,50.0272679,0
            36.3301218,50.0259239,0
            36.3308192,50.0256482,0
            36.3345636,50.0244626,0
            36.3356794,50.0241386,0
            36.3374711,50.0263374,0
            36.3355184,50.0268957,0
            36.3352073,50.0269784,0
            36.3351429,50.0267579,0
            36.3354004,50.0266062,0
            36.3355613,50.026558,0
            36.3358135,50.0264512,0
            36.3358832,50.0264355,0
          </coordinates>
        </LineString>
      </Placemark>
      <Placemark>
        <name>вул. Генерала Удовиченка</name>
        <description>Автобус-31, 208.</description>
        <styleUrl>#icon-1499-000000</styleUrl>
        <Point>
          <coordinates>
            36.350939,50.0541869,0
          </coordinates>
        </Point>
      </Placemark>
      <Placemark>
        <name>вул. Січових стрільців</name>
        <description>Автобус-31, 208.</description>
        <styleUrl>#icon-1532-000000</styleUrl>
        <Point>
          <coordinates>
            36.3474774,50.0515727,0
          </coordinates>
        </Point>
      </Placemark>
      <Placemark>
        <name>вул. Колосиста</name>
        <description>Автобус-31, 208.</description>
        <styleUrl>#icon-1587-000000</styleUrl>
        <Point>
          <coordinates>
            36.3412281,50.0484814,0
          </coordinates>
        </Point>
      </Placemark>
      <Placemark>
        <name>вул. Познанська</name>
        <description>Автобус-31, 208.</description>
        <styleUrl>#icon-1532-000000</styleUrl>
        <Point>
          <coordinates>
            36.3335178,50.0470208,0
          </coordinates>
        </Point>
      </Placemark>
      <Placemark>
        <name>Покровський храм</name>
        <description>Автобус-31, 208.</description>
        <styleUrl>#icon-1670-000000</styleUrl>
        <Point>
          <coordinates>
            36.3271463,50.0455777,0
          </coordinates>
        </Point>
      </Placemark>
      <Placemark>
        <name>вул. Генерала Удовиченка</name>
        <description>Автобус-31, 208.</description>
        <styleUrl>#icon-1532-000000</styleUrl>
        <Point>
          <coordinates>
            36.3212184,50.04421,0
          </coordinates>
        </Point>
      </Placemark>
      <Placemark>
        <name>вул. Нижегородська</name>
        <description>Автобус-31, 208.</description>
        <styleUrl>#icon-1532-000000</styleUrl>
        <Point>
          <coordinates>
            36.314998,50.0457889,0
          </coordinates>
        </Point>
      </Placemark>
      <Placemark>
        <name>вул. Челюскіна</name>
        <description>Автобус-31, 208.</description>
        <styleUrl>#icon-1532-000000</styleUrl>
        <Point>
          <coordinates>
            36.3109066,50.0406867,0
          </coordinates>
        </Point>
      </Placemark>
      <Placemark>
        <name>Остановка пров. Соколовський</name>
        <description>Автобус-31, 208.</description>
        <styleUrl>#icon-1532-000000</styleUrl>
        <Point>
          <coordinates>
            36.3088611,50.0356908,0
          </coordinates>
        </Point>
      </Placemark>
      <Placemark>
        <name>вул. Гінзбурга</name>
        <description>Автобус-31, 208.</description>
        <styleUrl>#icon-1532-000000</styleUrl>
        <Point>
          <coordinates>
            36.3031608,50.0302671,0
          </coordinates>
        </Point>
      </Placemark>
      <Placemark>
        <name>Сосновий бір</name>
        <description>Автобус-47, 63, 208, 272.</description>
        <styleUrl>#icon-1720-000000</styleUrl>
        <Point>
          <coordinates>
            36.3161427,50.0288611,0
          </coordinates>
        </Point>
      </Placemark>
      <Placemark>
        <name>вул. Барабашова</name>
        <description>Автобус-47, 63, 208, 272.</description>
        <styleUrl>#icon-1532-000000</styleUrl>
        <Point>
          <coordinates>
            36.3252057,50.0274273,0
          </coordinates>
        </Point>
      </Placemark>
      <Placemark>
        <name>Остановка Піски</name>
        <description>Автобус-47, 63, 208, 272.</description>
        <styleUrl>#icon-1532-000000</styleUrl>
        <Point>
          <coordinates>
            36.3311616,50.025568,0
          </coordinates>
        </Point>
      </Placemark>
      <Placemark>
        <name>Станція метро Салтівська</name>
        <description>Автобус-208.</description>
        <styleUrl>#icon-1626-000000</styleUrl>
        <Point>
          <coordinates>
            36.3362372,50.0266147,0
          </coordinates>
        </Point>
      </Placemark>
    </Folder><Folder><name>Автобус №21</name><Placemark>
        <name>Лінія маршруту</name>
        <styleUrl>#line-A52714-5263-nodesc</styleUrl>
        <LineString>
          <tessellate>1</tessellate>
          <coordinates>
            36.3979648,49.9451792,0
            36.3982437,49.945124,0
            36.3986192,49.9450963,0
            36.3989089,49.9450756,0
            36.4012371,49.9443162,0
            36.4063547,49.9426867,0
            36.412159,49.9408224,0
            36.4128135,49.9405877,0
            36.4130066,49.9404634,0
            36.4166437,49.9393448,0
            36.4244114,49.9369003,0
            36.4253555,49.9365689,0
            36.4271365,49.9360164,0
            36.4346145,49.9336409,0
            36.4348291,49.9334268,0
            36.4349149,49.9332058,0
            36.4349149,49.9329917,0
            36.4347325,49.9327431,0
            36.4345823,49.9326395,0
            36.4342712,49.9325981,0
            36.4338957,49.9326326,0
            36.4335845,49.9327776,0
            36.4334129,49.9329779,0
            36.4333056,49.9332265,0
            36.4334236,49.9334406,0
            36.4339064,49.9341864,0
            36.4349578,49.9359819,0
            36.4356445,49.9374942,0
            36.4358698,49.9380742,0
            36.4360414,49.9387509,0
            36.4363418,49.9401181,0
            36.4364491,49.9407327,0
            36.4364813,49.9431286,0
            36.4364169,49.9438467,0
            36.4361594,49.9450825,0
            36.4359449,49.9457661,0
            36.4344857,49.9497979,0
            36.4342926,49.9500602,0
            36.4340888,49.9504814,0
            36.4337025,49.9514685,0
            36.4317499,49.9567286,0
            36.43131,49.956984,0
            36.4308057,49.9571634,0
            36.4268683,49.958751,0
            36.4266215,49.9586682,0
            36.4261387,49.9586889,0
            36.4228771,49.9588821,0
            36.4223622,49.9581229,0
            36.4220188,49.9576466,0
            36.4219115,49.9572118,0
            36.4209996,49.9563144,0
            36.4204739,49.9560935,0
            36.4200018,49.9559624,0
            36.4178024,49.9553204,0
            36.4155279,49.954713,0
            36.4134358,49.9541435,0
            36.4134787,49.9540986,0
            36.4138649,49.954216,0
          </coordinates>
        </LineString>
      </Placemark>
      <Placemark>
        <name>Станція метро Індустріальна</name>
        <description>Автобус-21.</description>
        <styleUrl>#icon-1499-A52714</styleUrl>
        <Point>
          <coordinates>
            36.397819,49.9451942,0
          </coordinates>
        </Point>
      </Placemark>
      <Placemark>
        <name>вул. Плиткова</name>
        <description>Автобус-21, 70. Троллейбус-46, 53.</description>
        <styleUrl>#icon-1532-A52714</styleUrl>
        <Point>
          <coordinates>
            36.4132793,49.940292,0
          </coordinates>
        </Point>
      </Placemark>
      <Placemark>
        <name>вул. П'ятихатська</name>
        <description>Автобус-21, 70. Троллейбус-46, 53.</description>
        <styleUrl>#icon-1532-A52714</styleUrl>
        <Point>
          <coordinates>
            36.4247236,49.9366115,0
          </coordinates>
        </Point>
      </Placemark>
      <Placemark>
        <name>Остановка м/н Сонячний</name>
        <description>Автобус-21, 70. Троллейбус-46, 53.</description>
        <styleUrl>#icon-1546-A52714</styleUrl>
        <Point>
          <coordinates>
            36.429101,49.9353409,0
          </coordinates>
        </Point>
      </Placemark>
      <Placemark>
        <name>Остановка ТЦ "Перший кілометр"</name>
        <description>Автобус-21.</description>
        <styleUrl>#icon-1685-A52714</styleUrl>
        <Point>
          <coordinates>
            36.4367399,49.9424808,0
          </coordinates>
        </Point>
      </Placemark>
      <Placemark>
        <name>Кладовище</name>
        <description>Автобус-21т.</description>
        <styleUrl>#icon-1542-A52714</styleUrl>
        <Point>
          <coordinates>
            36.4280496,49.9582906,0
          </coordinates>
        </Point>
      </Placemark>
      <Placemark>
        <name>Остановка Пошта</name>
        <description>Автобус-21т.</description>
        <styleUrl>#icon-1659-A52714</styleUrl>
        <Point>
          <coordinates>
            36.4207164,49.9562199,0
          </coordinates>
        </Point>
      </Placemark>
      <Placemark>
        <name>вул. Затишнянська</name>
        <description>Автобус-21.</description>
        <styleUrl>#icon-1532-A52714</styleUrl>
        <Point>
          <coordinates>
            36.416103,49.9549083,0
          </coordinates>
        </Point>
      </Placemark>
    <Placemark>
        <name>Лінія маршруту</name>
        <styleUrl>#line-000000-5069-nodesc</styleUrl>
        <LineString>
          <tessellate>1</tessellate>
          <coordinates>
            36.4138649,49.954216,0
            36.4152864,49.9546038,0
            36.4172873,49.9551387,0
            36.4193848,49.9556979,0
            36.4196423,49.9558049,0
            36.4199105,49.9558877,0
            36.4207367,49.9561327,0
            36.4209834,49.9562639,0
            36.4211497,49.9563881,0
            36.4219812,49.9571923,0
            36.4220187,49.95732,0
            36.4220724,49.9575305,0
            36.4221475,49.9577238,0
            36.422523,49.9582414,0
            36.4229575,49.958804,0
            36.4231721,49.9588005,0
            36.426439,49.9586004,0
            36.4266912,49.9586418,0
            36.4268735,49.9586728,0
            36.4278982,49.9582656,0
            36.4295075,49.9575719,0
            36.4310685,49.9569783,0
            36.431664,49.956647,0
            36.4321039,49.9555218,0
            36.4327208,49.9537651,0
            36.4328549,49.9533958,0
            36.4337936,49.9509762,0
            36.4340887,49.9501788,0
            36.4342013,49.9500166,0
            36.4344213,49.9497128,0
            36.4350221,49.9481146,0
            36.4357248,49.9460642,0
            36.4360145,49.9451148,0
            36.4362023,49.9440447,0
            36.4363203,49.9430297,0
            36.4363203,49.9422737,0
            36.436213,49.940147,0
            36.4361915,49.9399571,0
            36.4357248,49.9380927,0
            36.4355478,49.9376059,0
            36.435285,49.9369016,0
            36.4349738,49.9365943,0
            36.4346305,49.9362179,0
            36.4341852,49.9359279,0
            36.4337025,49.9357173,0
            36.4329943,49.9355239,0
            36.4324794,49.93541,0
            36.4314816,49.9352408,0
            36.4309398,49.9352373,0
            36.4301619,49.935296,0
            36.4297542,49.9353064,0
            36.4294699,49.9353754,0
            36.4253501,49.9366771,0
            36.4248726,49.9368774,0
            36.4225123,49.9376024,0
            36.4194063,49.9386072,0
            36.4161233,49.9396567,0
            36.4126578,49.9407408,0
            36.4090851,49.9419181,0
            36.4051906,49.9431816,0
            36.4010546,49.94449,0
            36.3973961,49.9456292,0
            36.3973746,49.9454566,0
            36.3975463,49.9453254,0
            36.3979648,49.9451792,0
          </coordinates>
        </LineString>
      </Placemark>
      <Placemark>
        <name>Остановка м/н Затишшя</name>
        <description>Автобус-21.</description>
        <styleUrl>#icon-1499-000000</styleUrl>
        <Point>
          <coordinates>
            36.4136729,49.9542871,0
          </coordinates>
        </Point>
      </Placemark>
      <Placemark>
        <name>вул. Затишнянська</name>
        <description>Автобус-21.</description>
        <styleUrl>#icon-1532-000000</styleUrl>
        <Point>
          <coordinates>
            36.416366,49.9548704,0
          </coordinates>
        </Point>
      </Placemark>
      <Placemark>
        <name>Остановка Пошта</name>
        <description>Автобус-21.</description>
        <styleUrl>#icon-1659-000000</styleUrl>
        <Point>
          <coordinates>
            36.4209241,49.9561447,0
          </coordinates>
        </Point>
      </Placemark>
      <Placemark>
        <name>Кладовище</name>
        <description>Автобус-21.</description>
        <styleUrl>#icon-1542-000000</styleUrl>
        <Point>
          <coordinates>
            36.4282676,49.9580245,0
          </coordinates>
        </Point>
      </Placemark>
      <Placemark>
        <name>Зупинка ТЦ 1 киломентр</name>
        <description>Автобус-21.</description>
        <styleUrl>#icon-1685-000000</styleUrl>
        <Point>
          <coordinates>
            36.4362729,49.9425731,0
          </coordinates>
        </Point>
      </Placemark>
      <Placemark>
        <name>Остановка м/н Сонячний</name>
        <description>Автобус-21, 70. Троллейбус-46, 53.</description>
        <styleUrl>#icon-1546-000000</styleUrl>
        <Point>
          <coordinates>
            36.428416,49.9358259,0
          </coordinates>
        </Point>
      </Placemark>
      <Placemark>
        <name>вул. П'ятихатська</name>
        <description>Автобус-21, 70. Троллейбус-46, 53.</description>
        <styleUrl>#icon-1532-000000</styleUrl>
        <Point>
          <coordinates>
            36.4239099,49.9373728,0
          </coordinates>
        </Point>
      </Placemark>
      <Placemark>
        <name>вул. Плиткова</name>
        <description>Автобус-21, 70. Троллейбус-46, 53.</description>
        <styleUrl>#icon-1532-000000</styleUrl>
        <Point>
          <coordinates>
            36.4120801,49.9410601,0
          </coordinates>
        </Point>
      </Placemark>
      <Placemark>
        <name>Станція метро Індустріальна</name>
        <description>Автобус-21, 70. Троллейбус-46, 53.</description>
        <styleUrl>#icon-1626-000000</styleUrl>
        <Point>
          <coordinates>
            36.3981579,49.9454347,0
          </coordinates>
        </Point>
      </Placemark>
    </Folder><Folder><name>Автобус №22</name><Placemark>
        <name>Лінія маршруту</name>
        <styleUrl>#line-A52714-5069-nodesc</styleUrl>
        <LineString>
          <tessellate>1</tessellate>
          <coordinates>
            36.1827405,49.9826949,0
            36.1833896,49.9829018,0
            36.1836953,49.9830087,0
            36.1837383,49.9831433,0
            36.1836363,49.9831674,0
            36.1805894,49.9821878,0
            36.1772312,49.9810977,0
            36.1774404,49.9808632,0
            36.1774994,49.9807286,0
            36.1776818,49.9800456,0
            36.1777677,49.9795075,0
            36.1779769,49.9792798,0
            36.1788298,49.9787382,0
            36.1798383,49.9780793,0
            36.1804928,49.9776998,0
            36.1806966,49.9775756,0
            36.1815818,49.9769892,0
            36.1841191,49.9754574,0
            36.1864956,49.9739636,0
            36.1904813,49.9714657,0
            36.1892797,49.970679,0
            36.1869462,49.9691367,0
            36.1837919,49.9670561,0
            36.1812438,49.9653653,0
            36.1782612,49.9634329,0
            36.1755092,49.9615867,0
            36.1728109,49.9598508,0
            36.1707564,49.9585981,0
            36.1690237,49.9575075,0
            36.1686482,49.957259,0
            36.1684604,49.9569863,0
            36.1683531,49.9565308,0
            36.1682244,49.9560062,0
            36.1678113,49.9544185,0
            36.1674465,49.9529793,0
            36.1650004,49.9505286,0
            36.1645712,49.9501006,0
            36.164818,49.9500177,0
            36.1671032,49.9497071,0
            36.1712982,49.9490512,0
            36.1740662,49.9484989,0
            36.1744739,49.9483954,0
            36.1798169,49.9470698,0
            36.1805786,49.9469041,0
            36.1831214,49.949279,0
            36.1842801,49.9487958,0
            36.1851813,49.9483056,0
            36.1862864,49.9474288,0
            36.1889578,49.9453162,0
            36.1893655,49.9449848,0
            36.1911251,49.9425613,0
            36.1875846,49.9424232,0
            36.1871876,49.9423749,0
            36.1871661,49.9417121,0
            36.1874558,49.9405106,0
            36.1888827,49.9373343,0
            36.1898591,49.934945,0
            36.190256,49.9339574,0
            36.190374,49.9335155,0
            36.1904599,49.9329975,0
            36.190417,49.9326453,0
            36.1903955,49.9323484,0
            36.1905779,49.9320997,0
            36.1912324,49.9317682,0
            36.1907066,49.9311122,0
            36.1903204,49.9311674,0
            36.1900951,49.9311329,0
          </coordinates>
        </LineString>
      </Placemark>
      <Placemark>
        <name>Платформа Холодна гора</name>
        <description>Автобус-22е.</description>
        <styleUrl>#icon-1499-A52714</styleUrl>
        <Point>
          <coordinates>
            36.1828907,49.98265,0
          </coordinates>
        </Point>
      </Placemark>
      <Placemark>
        <name>вул. Полтавський шлях</name>
        <description>Автобус-22, 57. Маршрутка - 75е, 209е, 220е, 237е. Троллейбус-27.</description>
        <styleUrl>#icon-1532-A52714</styleUrl>
        <Point>
          <coordinates>
            36.1775274,49.9805115,0
          </coordinates>
        </Point>
      </Placemark>
      <Placemark>
        <name>Остановка ш. Григорівське</name>
        <description>Автобус-22, 57. Маршрутка - 75е, 209е, 220е, 237е. Троллейбус-27.</description>
        <styleUrl>#icon-1532-A52714</styleUrl>
        <Point>
          <coordinates>
            36.1809928,49.977362,0
          </coordinates>
        </Point>
      </Placemark>
      <Placemark>
        <name>вул. Цехівська</name>
        <description>Автобус-22, 57. Маршрутка - 75е, 209е, 220е, 237е. Троллейбус-27.</description>
        <styleUrl>#icon-1532-A52714</styleUrl>
        <Point>
          <coordinates>
            36.1865289,49.973866,0
          </coordinates>
        </Point>
      </Placemark>
      <Placemark>
        <name>Остановка пр. Любові Малої</name>
        <description>Автобус-75е, 209е, 220е, 237е, 238е, 303е. Троллейбус-11, 27е.</description>
        <styleUrl>#icon-1532-A52714</styleUrl>
        <Point>
          <coordinates>
            36.1896678,49.9711045,0
          </coordinates>
        </Point>
      </Placemark>
      <Placemark>
        <name>вул. Грушевського</name>
        <description>Автобус-22, 57. Маршрутка - 75е, 209е, 220е, 237е. Троллейбус-11, 27.</description>
        <styleUrl>#icon-1532-A52714</styleUrl>
        <Point>
          <coordinates>
            36.1832447,49.9668388,0
          </coordinates>
        </Point>
      </Placemark>
      <Placemark>
        <name>Остановка на вимогу</name>
        <description>Автобус-75е, 209е, 220е, 237е, 238е, 303е. Троллейбус-11, 27е.</description>
        <styleUrl>#icon-1769-A52714</styleUrl>
        <Point>
          <coordinates>
            36.1776491,49.9632156,0
          </coordinates>
        </Point>
      </Placemark>
      <Placemark>
        <name>Остановка Григорівка</name>
        <description>Автобус-22, 57. Маршрутка - 75е, 209е, 220е, 237е. Троллейбус-11, 27.</description>
        <styleUrl>#icon-1532-A52714</styleUrl>
        <Point>
          <coordinates>
            36.171341,49.9591576,0
          </coordinates>
        </Point>
      </Placemark>
      <Placemark>
        <name>вул. Станційна</name>
        <description>Автобус-22, 57. Маршрутка - 75е, 209е, 220е, 237е. Троллейбус-11, 27.</description>
        <styleUrl>#icon-1662-A52714</styleUrl>
        <Point>
          <coordinates>
            36.1678078,49.9558953,0
          </coordinates>
        </Point>
      </Placemark>
      <Placemark>
        <name>вул. Китаєнка</name>
        <description>Автобус-22, 57. Маршрутка - 75е, 209е, 220е, 237е. Троллейбус-11, 27.</description>
        <styleUrl>#icon-1532-A52714</styleUrl>
        <Point>
          <coordinates>
            36.1649111,49.9504799,0
          </coordinates>
        </Point>
      </Placemark>
      <Placemark>
        <name>вул. Герцена</name>
        <description>Автобус-22, 32. Маршрут - 220е, 259е.</description>
        <styleUrl>#icon-1532-A52714</styleUrl>
        <Point>
          <coordinates>
            36.1809535,49.947135,0
          </coordinates>
        </Point>
      </Placemark>
      <Placemark>
        <name>вул. Крилова</name>
        <description>Автобус-22, 32. Маршрут - 220е, 259е.</description>
        <styleUrl>#icon-1532-A52714</styleUrl>
        <Point>
          <coordinates>
            36.1738188,49.9485503,0
          </coordinates>
        </Point>
      </Placemark>
      <Placemark>
        <name>вул. Гостомельська</name>
        <description>Автобус-22, 32. Маршрут - 220е, 259е.</description>
        <styleUrl>#icon-1532-A52714</styleUrl>
        <Point>
          <coordinates>
            36.1904971,49.9424998,0
          </coordinates>
        </Point>
      </Placemark>
      <Placemark>
        <name>вул. Кібальчича</name>
        <description>Автобус-22, 32.</description>
        <styleUrl>#icon-1532-A52714</styleUrl>
        <Point>
          <coordinates>
            36.1910326,49.9429303,0
          </coordinates>
        </Point>
      </Placemark>
      <Placemark>
        <name>Остановка кладовище №10</name>
        <description>Автобус-22, 32. Маршрут - 220е, 259е.</description>
        <styleUrl>#icon-1542-A52714</styleUrl>
        <Point>
          <coordinates>
            36.1882323,49.9386284,0
          </coordinates>
        </Point>
      </Placemark>
    <Placemark>
        <name>Лінія маршруту</name>
        <styleUrl>#line-000000-5263-nodesc</styleUrl>
        <LineString>
          <tessellate>1</tessellate>
          <coordinates>
            36.1900478,49.9310367,0
            36.1901765,49.9308434,0
            36.1905413,49.9308157,0
            36.1912923,49.9315064,0
            36.1915284,49.9319069,0
            36.1923438,49.932487,0
            36.1941033,49.9336058,0
            36.1960559,49.9347798,0
            36.1983948,49.9358432,0
            36.1991137,49.9360849,0
            36.1985772,49.9364716,0
            36.1956804,49.9377768,0
            36.1947685,49.9381289,0
            36.1938244,49.9384949,0
            36.1933845,49.938709,0
            36.1930197,49.9389921,0
            36.1928158,49.939365,0
            36.1926978,49.9399174,0
            36.1926335,49.9402764,0
            36.19273,49.9411533,0
            36.1928373,49.941616,0
            36.1928588,49.9419405,0
            36.1926442,49.9424652,0
            36.1920756,49.9425895,0
            36.1913138,49.9425895,0
            36.1907666,49.9433559,0
            36.1894577,49.9451096,0
            36.1866146,49.947312,0
            36.1851876,49.9484304,0
            36.1831599,49.9494729,0
            36.1804884,49.9470359,0
            36.1760359,49.9481405,0
            36.1736863,49.9487273,0
            36.1661654,49.9499492,0
            36.1648458,49.9501494,0
            36.1651247,49.9505015,0
            36.1670452,49.9524206,0
            36.1676031,49.9529798,0
            36.1677211,49.9535459,0
            36.1684614,49.9562449,0
            36.1686545,49.957018,0
            36.1688262,49.9572319,0
            36.1692339,49.9575149,0
            36.1716371,49.9589851,0
            36.1733645,49.9600757,0
            36.1764544,49.9620634,0
            36.1794799,49.9640856,0
            36.1824947,49.9660249,0
            36.1860567,49.9683989,0
            36.189801,49.9708762,0
            36.1907344,49.9714835,0
            36.1897689,49.9720493,0
            36.1849194,49.9751061,0
            36.1814325,49.9772657,0
            36.1781495,49.9793562,0
            36.1779349,49.9796046,0
            36.1778491,49.9799358,0
            36.1777311,49.9805429,0
            36.1776131,49.9808672,0
            36.1774629,49.9810948,0
            36.1781924,49.9813018,0
            36.1808746,49.9821504,0
            36.1815827,49.9823229,0
            36.1827405,49.9826949,0
          </coordinates>
        </LineString>
      </Placemark>
      <Placemark>
        <name>вул. Радіотехнічна</name>
        <description>Автобус-22е, 32е, 220е, 259е.</description>
        <styleUrl>#icon-1499-000000</styleUrl>
        <Point>
          <coordinates>
            36.189887,49.9312324,0
          </coordinates>
        </Point>
      </Placemark>
      <Placemark>
        <name>Остановка Філіпівка</name>
        <description>Автобус-22, 32. Маршрутка - 220е, 259е.</description>
        <styleUrl>#icon-1532-000000</styleUrl>
        <Point>
          <coordinates>
            36.1988538,49.9363439,0
          </coordinates>
        </Point>
      </Placemark>
      <Placemark>
        <name>Зупинка Бородівка</name>
        <description>Автобус-22, 32. Маршрутка - 220е, 259е.</description>
        <styleUrl>#icon-1532-000000</styleUrl>
        <Point>
          <coordinates>
            36.1928456,49.9396858,0
          </coordinates>
        </Point>
      </Placemark>
      <Placemark>
        <name>вул. Кібальчича</name>
        <description>Автобус-22, 32.</description>
        <styleUrl>#icon-1532-000000</styleUrl>
        <Point>
          <coordinates>
            36.1899443,49.9443181,0
          </coordinates>
        </Point>
      </Placemark>
      <Placemark>
        <name>вул. Герцена</name>
        <description>Автобус-22, 32. Маршрутка - 220е, 259е.</description>
        <styleUrl>#icon-1532-000000</styleUrl>
        <Point>
          <coordinates>
            36.1802562,49.947066,0
          </coordinates>
        </Point>
      </Placemark>
      <Placemark>
        <name>вул. Крилова</name>
        <description>Автобус-22, 32. Маршрутка - 220е, 259е.</description>
        <styleUrl>#icon-1532-000000</styleUrl>
        <Point>
          <coordinates>
            36.174303,49.9485927,0
          </coordinates>
        </Point>
      </Placemark>
      <Placemark>
        <name>вул. Китаєнка</name>
        <description>Автобус-22, 109, 273. Маршрутка - 209е, 220е, 237е.</description>
        <styleUrl>#icon-1532-000000</styleUrl>
        <Point>
          <coordinates>
            36.1650547,49.9501736,0
          </coordinates>
        </Point>
      </Placemark>
      <Placemark>
        <name>вул. Станційна</name>
        <description>Автобус-22, 57. Маршрутка - 75е, 209е, 220е, 237е. Троллейбус-11, 27.</description>
        <styleUrl>#icon-1662-000000</styleUrl>
        <Point>
          <coordinates>
            36.1684755,49.9559505,0
          </coordinates>
        </Point>
      </Placemark>
      <Placemark>
        <name>Остановка Григорівка</name>
        <description>Автобус-22, 57. Маршрутка - 75е, 209е, 220е, 237е. Троллейбус-11, 27.</description>
        <styleUrl>#icon-1532-000000</styleUrl>
        <Point>
          <coordinates>
            36.1723164,49.9592361,0
          </coordinates>
        </Point>
      </Placemark>
      <Placemark>
        <name>Зупинка На вимогу</name>
        <description>Автобус-22, 57. Маршрутка - 75е, 209е, 220е, 237е. Троллейбус-11, 27.</description>
        <styleUrl>#icon-1769-000000</styleUrl>
        <Point>
          <coordinates>
            36.1774145,49.9625932,0
          </coordinates>
        </Point>
      </Placemark>
      <Placemark>
        <name>вул. Грушевського</name>
        <description>Автобус-22, 57. Маршрутка - 75е, 209е, 220е, 237е. Троллейбус-11, 27.</description>
        <styleUrl>#icon-1532-000000</styleUrl>
        <Point>
          <coordinates>
            36.1829912,49.9663568,0
          </coordinates>
        </Point>
      </Placemark>
      <Placemark>
        <name>Остановка пр. Любові Малої</name>
        <description>Автобус-22, 57. Маршрутка - 75е, 209е, 220е, 237е. Троллейбус-11, 27.</description>
        <styleUrl>#icon-1532-000000</styleUrl>
        <Point>
          <coordinates>
            36.1899392,49.9719088,0
          </coordinates>
        </Point>
      </Placemark>
      <Placemark>
        <name>Остановка ш. Григорівське</name>
        <description>Автобус-22, 57. Маршрутка - 75е, 209е, 220е, 237е. Троллейбус-27.</description>
        <styleUrl>#icon-1532-000000</styleUrl>
        <Point>
          <coordinates>
            36.1801176,49.9781979,0
          </coordinates>
        </Point>
      </Placemark>
      <Placemark>
        <name>вул. Цехівська</name>
        <description>Автобус-22, 57. Маршрутка - 75е, 209е, 220е, 237е. Троллейбус-27.</description>
        <styleUrl>#icon-1532-000000</styleUrl>
        <Point>
          <coordinates>
            36.1862914,49.9742033,0
          </coordinates>
        </Point>
      </Placemark>
      <Placemark>
        <name>Станція метро Холодна гора</name>
        <description>Автобус-22.</description>
        <styleUrl>#icon-1626-000000</styleUrl>
        <Point>
          <coordinates>
            36.181249,49.9822027,0
          </coordinates>
        </Point>
      </Placemark>
    </Folder><Folder><name>Автобус №222</name><Placemark>
        <name>Лінія маршруту</name>
        <styleUrl>#line-A52714-5650-nodesc</styleUrl>
        <LineString>
          <tessellate>1</tessellate>
          <coordinates>
            36.3661587,50.0166589,0
            36.3651931,50.0172036,0
            36.3632834,50.0181825,0
            36.3620281,50.0188443,0
            36.3606119,50.0194785,0
            36.3595283,50.0199128,0
            36.3585842,50.0201885,0
            36.3571894,50.0205263,0
            36.3557839,50.0207538,0
            36.3538849,50.0209537,0
            36.3517284,50.0210157,0
            36.3495934,50.0210847,0
            36.3479519,50.0211191,0
            36.3466966,50.0211674,0
            36.3456774,50.021257,0
            36.3448191,50.0213673,0
            36.3438106,50.0215672,0
            36.3427806,50.0218636,0
            36.3410533,50.0224771,0
            36.3377702,50.0235731,0
            36.3357854,50.0242141,0
            36.3374215,50.026251,0
            36.3363111,50.0266163,0
            36.3359034,50.0267403,0
            36.3357157,50.0267644,0
            36.3355816,50.0266921,0
            36.3357103,50.0265852,0
            36.3359249,50.0264922,0
            36.3357961,50.0265404,0
          </coordinates>
        </LineString>
      </Placemark>
      <Placemark>
        <name>вул. Світла</name>
        <description>Автобус-47, 222, 272.</description>
        <styleUrl>#icon-1499-A52714</styleUrl>
        <Point>
          <coordinates>
            36.3666454,50.0164687,0
          </coordinates>
        </Point>
      </Placemark>
      <Placemark>
        <name>Володимирська церква</name>
        <description>Автобус-47, 222.</description>
        <styleUrl>#icon-1670-A52714</styleUrl>
        <Point>
          <coordinates>
            36.3596409,50.019981,0
          </coordinates>
        </Point>
      </Placemark>
      <Placemark>
        <name>Остановка 531 мікрорайон</name>
        <description>Автобус-47, 222.</description>
        <styleUrl>#icon-1546-A52714</styleUrl>
        <Point>
          <coordinates>
            36.3564606,50.0207806,0
          </coordinates>
        </Point>
      </Placemark>
      <Placemark>
        <name>вул. Гвардійців Широнінців</name>
        <description>Автобус-47, 222.</description>
        <styleUrl>#icon-1532-A52714</styleUrl>
        <Point>
          <coordinates>
            36.3472363,50.0211931,0
          </coordinates>
        </Point>
      </Placemark>
      <Placemark>
        <name>Салтівський Ринок</name>
        <description>Автобус-47, 63, 222.</description>
        <styleUrl>#icon-1578-A52714</styleUrl>
        <Point>
          <coordinates>
            36.3420435,50.0221444,0
          </coordinates>
        </Point>
      </Placemark>
      <Placemark>
        <name>Станція метро Салтівська</name>
        <description>Автобус-47, 63.</description>
        <styleUrl>#icon-1626-A52714</styleUrl>
        <Point>
          <coordinates>
            36.336929,50.0264687,0
          </coordinates>
        </Point>
      </Placemark>
    <Placemark>
        <name>Лінія маршруту</name>
        <styleUrl>#line-000000-5456-nodesc</styleUrl>
        <LineString>
          <tessellate>1</tessellate>
          <coordinates>
            36.3359763,50.0264798,0
            36.3362821,50.0263833,0
            36.3364591,50.0264316,0
            36.336561,50.0264764,0
            36.3372477,50.0262593,0
            36.3355203,50.0241708,0
            36.335928,50.0240674,0
            36.3388302,50.0231058,0
            36.3417538,50.0221201,0
            36.3432236,50.0216617,0
            36.3436903,50.0215342,0
            36.3441785,50.0213997,0
            36.3452031,50.0212136,0
            36.3457503,50.0211585,0
            36.347424,50.021031,0
            36.3481213,50.0210068,0
            36.3501276,50.020962,0
            36.3510986,50.0209276,0
            36.3534053,50.0208965,0
            36.3541134,50.0208517,0
            36.354682,50.0207931,0
            36.3553311,50.0207276,0
            36.3565435,50.0205415,0
            36.3571014,50.0204209,0
            36.3581796,50.0201865,0
            36.3589253,50.0199763,0
            36.3595315,50.0197901,0
            36.3600196,50.0195971,0
            36.3611891,50.0191146,0
            36.3618918,50.0187733,0
            36.3635011,50.0179599,0
            36.3648959,50.0172601,0
            36.3666822,50.0162295,0
            36.3667144,50.0163088,0
            36.3661587,50.0166589,0
          </coordinates>
        </LineString>
      </Placemark>
      <Placemark>
        <name>Станція метро Салтівська</name>
        <description>Автобус-222.</description>
        <styleUrl>#icon-1499-000000</styleUrl>
        <Point>
          <coordinates>
            36.3359249,50.0264922,0
          </coordinates>
        </Point>
      </Placemark>
      <Placemark>
        <name>Станція метро Салтівська</name>
        <description>Автобус-47, 63.</description>
        <styleUrl>#icon-1626-000000</styleUrl>
        <Point>
          <coordinates>
            36.3361058,50.0239205,0
          </coordinates>
        </Point>
      </Placemark>
      <Placemark>
        <name>Салтівський ринок</name>
        <description>Автобус-47, 63, 222.</description>
        <styleUrl>#icon-1578-000000</styleUrl>
        <Point>
          <coordinates>
            36.342672,50.0217837,0
          </coordinates>
        </Point>
      </Placemark>
      <Placemark>
        <name>вул. Гвардійців Широнінців</name>
        <description>Автобус-47, 222.</description>
        <styleUrl>#icon-1532-000000</styleUrl>
        <Point>
          <coordinates>
            36.3484707,50.0209358,0
          </coordinates>
        </Point>
      </Placemark>
      <Placemark>
        <name>Остановка 531 мікрорайон</name>
        <description>Автобус-47, 222.</description>
        <styleUrl>#icon-1546-000000</styleUrl>
        <Point>
          <coordinates>
            36.356689,50.020412,0
          </coordinates>
        </Point>
      </Placemark>
      <Placemark>
        <name>Володимирська церква</name>
        <description>Автобус-47е, 212е, 266е.</description>
        <styleUrl>#icon-1670-000000</styleUrl>
        <Point>
          <coordinates>
            36.3611736,50.0189643,0
          </coordinates>
        </Point>
      </Placemark>
    </Folder><Folder><name>Автобус №224</name><Placemark>
        <name>Лінія маршруту</name>
        <styleUrl>#line-A52714-5069-nodesc</styleUrl>
        <LineString>
          <tessellate>1</tessellate>
          <coordinates>
            36.3788545,49.952726,0
            36.3786184,49.9528157,0
            36.3783824,49.9528847,0
            36.3782429,49.9529123,0
            36.3780927,49.9528571,0
            36.3779961,49.9527191,0
            36.3778996,49.952726,0
            36.3775885,49.9528364,0
            36.3761508,49.951083,0
            36.3751745,49.9498196,0
            36.3730502,49.9471272,0
            36.3716876,49.9453943,0
            36.3705181,49.9438822,0
            36.3703358,49.9438477,0
            36.370207,49.9437994,0
            36.3693487,49.9427292,0
            36.3661301,49.9437718,0
            36.3653254,49.9427223,0
            36.3628792,49.9395944,0
            36.3613128,49.9374745,0
            36.3579225,49.9385932,0
            36.3557767,49.9358241,0
            36.3541996,49.9337938,0
            36.3518607,49.9345604,0
            36.3512599,49.9342358,0
            36.3501441,49.9335176,0
            36.3499724,49.9333933,0
            36.34979,49.9333726,0
            36.3496398,49.9334002,0
            36.3470864,49.9350438,0
            36.3450693,49.9363489,0
            36.3446295,49.9367011,0
            36.3442969,49.9368737,0
            36.3438677,49.9368047,0
            36.343857,49.9366113,0
            36.3442003,49.9366459,0
            36.3443183,49.9367494,0
          </coordinates>
        </LineString>
      </Placemark>
      <Placemark>
        <name>Станція метро Тракторний завод</name>
        <description>Автобус-64, 224, 280.</description>
        <styleUrl>#icon-1499-A52714</styleUrl>
        <Point>
          <coordinates>
            36.3790036,49.952693,0
          </coordinates>
        </Point>
      </Placemark>
      <Placemark>
        <name>вул. Бібліка</name>
        <description>Автобус-64, 204, 224, 280.</description>
        <styleUrl>#icon-1532-A52714</styleUrl>
        <Point>
          <coordinates>
            36.3740898,49.9486821,0
          </coordinates>
        </Point>
      </Placemark>
      <Placemark>
        <name>Остановка пр. Олександрівський</name>
        <description>Автобус-64, 224, 280.</description>
        <styleUrl>#icon-1532-A52714</styleUrl>
        <Point>
          <coordinates>
            36.3705783,49.9439604,0
          </coordinates>
        </Point>
      </Placemark>
      <Placemark>
        <name>Остановка пр. Олександрівський</name>
        <description>Автобус-224.</description>
        <styleUrl>#icon-1532-A52714</styleUrl>
        <Point>
          <coordinates>
            36.3657673,49.943494,0
          </coordinates>
        </Point>
      </Placemark>
      <Placemark>
        <name>вул. Душкіна</name>
        <description>Автобус-224.</description>
        <styleUrl>#icon-1532-A52714</styleUrl>
        <Point>
          <coordinates>
            36.3635402,49.9405589,0
          </coordinates>
        </Point>
      </Placemark>
      <Placemark>
        <name>вул. Луї Пастера</name>
        <description>Автобус-224.</description>
        <styleUrl>#icon-1532-A52714</styleUrl>
        <Point>
          <coordinates>
            36.361493,49.9378619,0
          </coordinates>
        </Point>
      </Placemark>
      <Placemark>
        <name>Кладовище 4</name>
        <description>Автобус-224.</description>
        <styleUrl>#icon-1542-A52714</styleUrl>
        <Point>
          <coordinates>
            36.3571277,49.9376289,0
          </coordinates>
        </Point>
      </Placemark>
      <Placemark>
        <name>Остановка РТС</name>
        <description>Автобус-224.</description>
        <styleUrl>#icon-1532-A52714</styleUrl>
        <Point>
          <coordinates>
            36.3513127,49.9343764,0
          </coordinates>
        </Point>
      </Placemark>
      <Placemark>
        <name>вул. Механізаторів</name>
        <description>Автобус-224.</description>
        <styleUrl>#icon-1532-A52714</styleUrl>
        <Point>
          <coordinates>
            36.3477814,49.9345416,0
          </coordinates>
        </Point>
      </Placemark>
      <Placemark>
        <name>вул. Архітектора Альошина</name>
        <description>Автобус-102, 224. Троллейбус -3, 7, 59.</description>
        <styleUrl>#icon-1532-A52714</styleUrl>
        <Point>
          <coordinates>
            36.3690915,49.9429429,0
          </coordinates>
        </Point>
      </Placemark>
    <Placemark>
        <name>Лінія маршруту</name>
        <styleUrl>#line-000000-5069-nodesc</styleUrl>
        <LineString>
          <tessellate>1</tessellate>
          <coordinates>
            36.3443183,49.9367494,0
            36.3446056,49.936606,0
            36.3451313,49.9361985,0
            36.3467299,49.9351903,0
            36.3494014,49.9334501,0
            36.3495945,49.933312,0
            36.3498305,49.9332774,0
            36.3500344,49.9333396,0
            36.3506459,49.9337539,0
            36.35159,49.9343271,0
            36.3518797,49.9344721,0
            36.3532101,49.9340509,0
            36.3542293,49.9337056,0
            36.3543688,49.933823,0
            36.3563536,49.9363781,0
            36.3585316,49.9392231,0
            36.3604842,49.9417157,0
            36.3620721,49.9437595,0
            36.362866,49.9447744,0
            36.3694428,49.9425581,0
            36.36999,49.94329,0
            36.3703762,49.9437388,0
            36.3705694,49.9437802,0
            36.3706981,49.9438216,0
            36.370977,49.9442428,0
            36.3734661,49.9473773,0
            36.3758909,49.9505115,0
            36.377704,49.9526999,0
            36.3780903,49.9526032,0
            36.3787233,49.9523478,0
            36.3792383,49.952196,0
            36.3792812,49.9522857,0
            36.3793348,49.9524928,0
            36.3792275,49.9525825,0
            36.3788545,49.952726,0
          </coordinates>
        </LineString>
      </Placemark>
      <Placemark>
        <name>вул. Довженка</name>
        <description>Автобус-224.</description>
        <styleUrl>#icon-1499-000000</styleUrl>
        <Point>
          <coordinates>
            36.3439957,49.9367091,0
          </coordinates>
        </Point>
      </Placemark>
      <Placemark>
        <name>вул. Механізаторів</name>
        <description>Автобус-224.</description>
        <styleUrl>#icon-1532-000000</styleUrl>
        <Point>
          <coordinates>
            36.347658,49.9345554,0
          </coordinates>
        </Point>
      </Placemark>
      <Placemark>
        <name>Остановка РТС</name>
        <description>Автобус-224.</description>
        <styleUrl>#icon-1532-000000</styleUrl>
        <Point>
          <coordinates>
            36.3520596,49.9343558,0
          </coordinates>
        </Point>
      </Placemark>
      <Placemark>
        <name>Кладовище</name>
        <description>Автобус-224.</description>
        <styleUrl>#icon-1542-000000</styleUrl>
        <Point>
          <coordinates>
            36.3573367,49.9375184,0
          </coordinates>
        </Point>
      </Placemark>
      <Placemark>
        <name>вул. Молодіжна</name>
        <description>Автобус-224.</description>
        <styleUrl>#icon-1532-000000</styleUrl>
        <Point>
          <coordinates>
            36.3585897,49.9393119,0
          </coordinates>
        </Point>
      </Placemark>
      <Placemark>
        <name>вул. Душкіна</name>
        <description>Автобус-224.</description>
        <styleUrl>#icon-1532-000000</styleUrl>
        <Point>
          <coordinates>
            36.3601928,49.9414151,0
          </coordinates>
        </Point>
      </Placemark>
      <Placemark>
        <name>вул. Северина Потоцького</name>
        <description>Автобус-102, 224. Троллейбус -3, 7, 59.</description>
        <styleUrl>#icon-1532-000000</styleUrl>
        <Point>
          <coordinates>
            36.363626,49.9444808,0
          </coordinates>
        </Point>
      </Placemark>
      <Placemark>
        <name>Остановка пр. Олександрівський</name>
        <description>Автобус-64, 224, 280.</description>
        <styleUrl>#icon-1532-000000</styleUrl>
        <Point>
          <coordinates>
            36.3705721,49.9435367,0
          </coordinates>
        </Point>
      </Placemark>
      <Placemark>
        <name>вул. Бібліка</name>
        <description>Автобус-64, 204, 224, 280.</description>
        <styleUrl>#icon-1532-000000</styleUrl>
        <Point>
          <coordinates>
            36.3747327,49.9489636,0
          </coordinates>
        </Point>
      </Placemark>
      <Placemark>
        <name>Станція метро Тракторний завод</name>
        <description>Автобус-64, 224, 280.</description>
        <styleUrl>#icon-1626-000000</styleUrl>
        <Point>
          <coordinates>
            36.3788223,49.95233,0
          </coordinates>
        </Point>
      </Placemark>
    </Folder><Folder><name>Автобус №228</name><Placemark>
        <name>Лінія маршруту</name>
        <styleUrl>#line-A52714-5456-nodesc</styleUrl>
        <LineString>
          <tessellate>1</tessellate>
          <coordinates>
            36.3611869,49.9582232,0
            36.3614821,49.9585711,0
            36.3621043,49.959358,0
            36.3589286,49.9604278,0
            36.3565468,49.9612146,0
            36.3547443,49.9617875,0
            36.3536929,49.9621533,0
            36.3530063,49.9624501,0
            36.352502,49.9627606,0
            36.3520621,49.9631954,0
            36.351633,49.9636993,0
            36.3510644,49.9647138,0
            36.3484572,49.9693927,0
            36.3460433,49.9737607,0
            36.3446592,49.9764241,0
            36.3429641,49.9796806,0
            36.3439511,49.9796393,0
            36.3448202,49.9795979,0
            36.3568365,49.9794875,0
            36.3555061,49.983958,0
            36.3575875,49.9842202,0
            36.3637029,49.9856137,0
            36.3663208,49.9811433,0
            36.3653552,49.9807707,0
            36.364293,49.9804879,0
            36.3622813,49.9802298,0
          </coordinates>
        </LineString>
      </Placemark>
      <Placemark>
        <name>вул. Єдності</name>
        <description>Автобус-211, 228.</description>
        <styleUrl>#icon-1532-A52714</styleUrl>
        <Point>
          <coordinates>
            36.3437425,49.9796674,0
          </coordinates>
        </Point>
      </Placemark>
      <Placemark>
        <name>вул. Немишлянська</name>
        <description>Автобус-204, 228. Маршрутка-121е.</description>
        <styleUrl>#icon-1532-A52714</styleUrl>
        <Point>
          <coordinates>
            36.3461243,49.9740028,0
          </coordinates>
        </Point>
      </Placemark>
      <Placemark>
        <name>Остановка ХАДО</name>
        <description>Автобус-204, 228. Маршрутка-121е.</description>
        <styleUrl>#icon-1581-A52714</styleUrl>
        <Point>
          <coordinates>
            36.3512745,49.9646589,0
          </coordinates>
        </Point>
      </Placemark>
      <Placemark>
        <name>вул. Автогенна</name>
        <description>Автобус-204, 228. Маршрутка-121е.</description>
        <styleUrl>#icon-1532-A52714</styleUrl>
        <Point>
          <coordinates>
            36.3570037,49.9613185,0
          </coordinates>
        </Point>
      </Placemark>
      <Placemark>
        <name>Станція метро Масельського</name>
        <description>Автобус-228.</description>
        <styleUrl>#icon-1499-A52714</styleUrl>
        <Point>
          <coordinates>
            36.3610893,49.9580732,0
          </coordinates>
        </Point>
      </Placemark>
      <Placemark>
        <name>вул. Краснодарська</name>
        <description>Автобус-228.</description>
        <styleUrl>#icon-1532-A52714</styleUrl>
        <Point>
          <coordinates>
            36.3659346,49.9810339,0
          </coordinates>
        </Point>
      </Placemark>
      <Placemark>
        <name>вул. Сонячна</name>
        <description>Автобус-228.</description>
        <styleUrl>#icon-1700-A52714</styleUrl>
        <Point>
          <coordinates>
            36.3637889,49.9854353,0
          </coordinates>
        </Point>
      </Placemark>
      <Placemark>
        <name>вул. Амосова</name>
        <description>Автобус-228.</description>
        <styleUrl>#icon-1532-A52714</styleUrl>
        <Point>
          <coordinates>
            36.359669,49.9846213,0
          </coordinates>
        </Point>
      </Placemark>
      <Placemark>
        <name>Остановка 625 мікрорайон</name>
        <description>Автобус-228.</description>
        <styleUrl>#icon-1532-A52714</styleUrl>
        <Point>
          <coordinates>
            36.3562572,49.9839176,0
          </coordinates>
        </Point>
      </Placemark>
    <Placemark>
        <name>Лінія маршруту</name>
        <styleUrl>#line-000000-5650-nodesc</styleUrl>
        <LineString>
          <tessellate>1</tessellate>
          <coordinates>
            36.3622813,49.9802298,0
            36.3622062,49.9802298,0
            36.361144,49.9801125,0
            36.3575928,49.9796847,0
            36.3568096,49.9796433,0
            36.3529687,49.9796433,0
            36.3427333,49.9797399,0
            36.3436346,49.9780841,0
            36.3447718,49.9757382,0
            36.3459305,49.9736406,0
            36.3466708,49.9721984,0
            36.3471429,49.9713911,0
            36.347969,49.9699558,0
            36.3496105,49.9670022,0
            36.3511555,49.9642969,0
            36.351531,49.9635998,0
            36.3516597,49.9633997,0
            36.3520352,49.9630201,0
            36.3523893,49.9626819,0
            36.3529794,49.9623368,0
            36.3539342,49.9619227,0
            36.3551359,49.96155,0
            36.3567452,49.9610117,0
            36.3588051,49.9603698,0
            36.3618843,49.9593069,0
            36.3614552,49.9586788,0
            36.3592236,49.9591481,0
            36.3591699,49.9590032,0
            36.3592128,49.9587685,0
            36.3595132,49.9586097,0
            36.3608436,49.9581197,0
            36.3610367,49.9581197,0
            36.3611869,49.9582232,0
          </coordinates>
        </LineString>
      </Placemark>
      <Placemark>
        <name>Остановка 626 мікрорайон</name>
        <description>Автобус-81, 228.</description>
        <styleUrl>#icon-1499-000000</styleUrl>
        <Point>
          <coordinates>
            36.3623854,49.9803697,0
          </coordinates>
        </Point>
      </Placemark>
      <Placemark>
        <name>вул. Велозаводська</name>
        <description>Автобус-228.</description>
        <styleUrl>#icon-1532-000000</styleUrl>
        <Point>
          <coordinates>
            36.3576218,49.979804,0
          </coordinates>
        </Point>
      </Placemark>
      <Placemark>
        <name>Остановка Петренки</name>
        <description>Автобус-228.</description>
        <styleUrl>#icon-1532-000000</styleUrl>
        <Point>
          <coordinates>
            36.3507339,49.9796246,0
          </coordinates>
        </Point>
      </Placemark>
      <Placemark>
        <name>вул. Єдності</name>
        <description>Автобус-204, 228. Маршрутка-121е.</description>
        <styleUrl>#icon-1532-000000</styleUrl>
        <Point>
          <coordinates>
            36.3429462,49.9793806,0
          </coordinates>
        </Point>
      </Placemark>
      <Placemark>
        <name>вул. Немишлянська</name>
        <description>Автобус-204, 228. Маршрутка-121е.</description>
        <styleUrl>#icon-1532-000000</styleUrl>
        <Point>
          <coordinates>
            36.3461528,49.9728741,0
          </coordinates>
        </Point>
      </Placemark>
      <Placemark>
        <name>Остановка ХАДО</name>
        <description>Автобус-204, 228. Маршрутка-121е.</description>
        <styleUrl>#icon-1581-000000</styleUrl>
        <Point>
          <coordinates>
            36.3510557,49.9641583,0
          </coordinates>
        </Point>
      </Placemark>
      <Placemark>
        <name>вул. Автогенна</name>
        <description>Автобус-204, 228. Маршрутка-121е.</description>
        <styleUrl>#icon-1532-000000</styleUrl>
        <Point>
          <coordinates>
            36.3577549,49.9606621,0
          </coordinates>
        </Point>
      </Placemark>
      <Placemark>
        <name>Станція метро Масельського</name>
        <description>Автобус-228.</description>
        <styleUrl>#icon-1626-000000</styleUrl>
        <Point>
          <coordinates>
            36.3596418,49.9585328,0
          </coordinates>
        </Point>
      </Placemark>
    </Folder><Folder><name>Автобус №241</name><Placemark>
        <name>Лінія маршруту</name>
        <styleUrl>#line-A52714-5263-nodesc</styleUrl>
        <LineString>
          <tessellate>1</tessellate>
          <coordinates>
            36.2707609,50.0023124,0
            36.2718324,50.0026885,0
            36.2743108,50.003654,0
            36.2749545,50.0039505,0
            36.2755768,50.0043022,0
            36.2790529,50.0064674,0
            36.2831728,50.0090669,0
            36.2858121,50.0108113,0
            36.2873999,50.0120386,0
            36.2898032,50.0139966,0
            36.2910585,50.01521,0
            36.2914018,50.0156719,0
            36.2918417,50.0165613,0
            36.2924425,50.0178022,0
            36.2928609,50.018719,0
            36.2932364,50.0191464,0
            36.2937085,50.0196359,0
            36.2950174,50.0210559,0
            36.2974958,50.0237098,0
            36.3006286,50.0271079,0
            36.3020555,50.0288241,0
            36.3027314,50.0294513,0
            36.301208,50.0296994,0
            36.2999098,50.0298441,0
            36.297528,50.0300991,0
            36.2948779,50.0303955,0
            36.294363,50.0304575,0
            36.293966,50.0305264,0
            36.2937943,50.0306436,0
            36.2936227,50.0310089,0
            36.2929038,50.0321529,0
            36.2926463,50.0328145,0
            36.2927322,50.0331384,0
            36.2929575,50.0340205,0
            36.2930219,50.0343927,0
            36.2929467,50.0345443,0
            36.2927965,50.0348268,0
            36.2926249,50.0350405,0
            36.2921206,50.0353506,0
            36.2907473,50.0359432,0
            36.2903933,50.03615,0
            36.2902538,50.0363498,0
            36.2903611,50.0368184,0
            36.2904362,50.0372732,0
            36.2903504,50.0374799,0
            36.2902538,50.0378934,0
            36.2903182,50.0380519,0
            36.2904255,50.0382862,0
            36.2901251,50.0384033,0
            36.289889,50.0384033,0
            36.2900299,50.0380516,0
          </coordinates>
        </LineString>
      </Placemark>
      <Placemark>
        <name>Станція метро Київська</name>
        <description>Автобус-47, 241, 272.</description>
        <styleUrl>#icon-1499-A52714</styleUrl>
        <Point>
          <coordinates>
            36.2705051,50.0022439,0
          </coordinates>
        </Point>
      </Placemark>
      <Placemark>
        <name>вул. Кольцовська</name>
        <description>Автобус-47, 241, 272.</description>
        <styleUrl>#icon-1532-A52714</styleUrl>
        <Point>
          <coordinates>
            36.2746893,50.0037748,0
          </coordinates>
        </Point>
      </Placemark>
      <Placemark>
        <name>Зупинка Житлово-комунальний технікум</name>
        <description>Автобус-47, 241, 272.</description>
        <styleUrl>#icon-1726-A52714</styleUrl>
        <Point>
          <coordinates>
            36.2809442,50.0075812,0
          </coordinates>
        </Point>
      </Placemark>
      <Placemark>
        <name>вул. Луганська</name>
        <description>Автобус-47, 241, 272.</description>
        <styleUrl>#icon-1532-A52714</styleUrl>
        <Point>
          <coordinates>
            36.2865342,50.0112374,0
          </coordinates>
        </Point>
      </Placemark>
      <Placemark>
        <name>вул. Тахіатаська</name>
        <description>Автобус-241.</description>
        <styleUrl>#icon-1532-A52714</styleUrl>
        <Point>
          <coordinates>
            36.2895615,50.0135946,0
          </coordinates>
        </Point>
      </Placemark>
      <Placemark>
        <name>Журавлівський гідропарк</name>
        <description>Автобус-47, 241, 272.</description>
        <styleUrl>#icon-1720-A52714</styleUrl>
        <Point>
          <coordinates>
            36.293445,50.0193152,0
          </coordinates>
        </Point>
      </Placemark>
      <Placemark>
        <name>вул. Борткевича</name>
        <description>Автобус-47, 241, 272.</description>
        <styleUrl>#icon-1532-A52714</styleUrl>
        <Point>
          <coordinates>
            36.297108,50.0233978,0
          </coordinates>
        </Point>
      </Placemark>
      <Placemark>
        <name>вул. Гінзбурга</name>
        <description>Автобус-241.</description>
        <styleUrl>#icon-1532-A52714</styleUrl>
        <Point>
          <coordinates>
            36.3018568,50.0295773,0
          </coordinates>
        </Point>
      </Placemark>
      <Placemark>
        <name>вул. Саперна</name>
        <description>Автобус-241.</description>
        <styleUrl>#icon-1532-A52714</styleUrl>
        <Point>
          <coordinates>
            36.2982599,50.0299975,0
          </coordinates>
        </Point>
      </Placemark>
      <Placemark>
        <name>вул. Роменська</name>
        <description>Автобус-241.</description>
        <styleUrl>#icon-1532-A52714</styleUrl>
        <Point>
          <coordinates>
            36.2941829,50.0305213,0
          </coordinates>
        </Point>
      </Placemark>
      <Placemark>
        <name>вул. Старошишківська</name>
        <description>Автобус-241.</description>
        <styleUrl>#icon-1532-A52714</styleUrl>
        <Point>
          <coordinates>
            36.2929453,50.0346662,0
          </coordinates>
        </Point>
      </Placemark>
      <Placemark>
        <name>вул. Шишківська</name>
        <description>Автобус-241.</description>
        <styleUrl>#icon-1532-A52714</styleUrl>
        <Point>
          <coordinates>
            36.2903951,50.0381673,0
          </coordinates>
        </Point>
      </Placemark>
    <Placemark>
        <name>Лінія маршруту</name>
        <styleUrl>#line-000000-5456-nodesc</styleUrl>
        <LineString>
          <tessellate>1</tessellate>
          <coordinates>
            36.2900299,50.0380516,0
            36.2901801,50.0375486,0
            36.2903195,50.0371489,0
            36.2902874,50.0369973,0
            36.2902015,50.0366321,0
            36.2901801,50.0363564,0
            36.2901801,50.0361979,0
            36.2904161,50.0359912,0
            36.2908989,50.0357844,0
            36.2921005,50.0352056,0
            36.2924224,50.0349851,0
            36.2926477,50.0348679,0
            36.2927604,50.0347094,0
            36.2928945,50.0344269,0
            36.2928998,50.0342373,0
            36.2928355,50.0338755,0
            36.2926584,50.0333242,0
            36.2925511,50.0329762,0
            36.2925404,50.0327867,0
            36.2925994,50.032635,0
            36.2927013,50.0323456,0
            36.2928194,50.032063,0
            36.2929749,50.0317563,0
            36.2933451,50.0311257,0
            36.2935704,50.0308087,0
            36.2937581,50.0305399,0
            36.2940425,50.0304124,0
            36.2951582,50.0302815,0
            36.2995571,50.0297921,0
            36.3021427,50.0294751,0
            36.302368,50.0293993,0
            36.3019925,50.0290409,0
            36.3003939,50.0271248,0
            36.2995249,50.0261943,0
            36.2966603,50.0231339,0
            36.2927443,50.01886,0
            36.2916821,50.0166885,0
            36.2911135,50.0155923,0
            36.2907165,50.0151235,0
            36.2894183,50.0139308,0
            36.2878412,50.0125933,0
            36.2865752,50.0116005,0
            36.285395,50.0107042,0
            36.283775,50.0096423,0
            36.2791186,50.0066912,0
            36.275503,50.0044295,0
            36.2746018,50.0039536,0
            36.2740975,50.0037399,0
            36.2698811,50.0021883,0
            36.2709969,50.0015056,0
            36.2712115,50.0012021,0
            36.2713188,50.0013332,0
            36.2712973,50.0014159,0
            36.2707823,50.001809,0
            36.2701708,50.0021538,0
            36.2707609,50.0023124,0
          </coordinates>
        </LineString>
      </Placemark>
      <Placemark>
        <name>вул. Шишківська</name>
        <description>Автобус-241.</description>
        <styleUrl>#icon-1499-000000</styleUrl>
        <Point>
          <coordinates>
            36.2900304,50.0381742,0
          </coordinates>
        </Point>
      </Placemark>
      <Placemark>
        <name>вул. Старошишківська</name>
        <description>Автобус-241.</description>
        <styleUrl>#icon-1532-000000</styleUrl>
        <Point>
          <coordinates>
            36.2927343,50.0346321,0
          </coordinates>
        </Point>
      </Placemark>
      <Placemark>
        <name>вул. Роменська</name>
        <description>Автобус-241.</description>
        <styleUrl>#icon-1532-000000</styleUrl>
        <Point>
          <coordinates>
            36.2944342,50.030287,0
          </coordinates>
        </Point>
      </Placemark>
      <Placemark>
        <name>вул. Саперна</name>
        <description>Автобус-47, 241, 272.</description>
        <styleUrl>#icon-1532-000000</styleUrl>
        <Point>
          <coordinates>
            36.302021,50.0291292,0
          </coordinates>
        </Point>
      </Placemark>
      <Placemark>
        <name>вул. Саперна</name>
        <description>Автобус-241.</description>
        <styleUrl>#icon-1532-000000</styleUrl>
        <Point>
          <coordinates>
            36.2985388,50.0298183,0
          </coordinates>
        </Point>
      </Placemark>
      <Placemark>
        <name>вул. Борткевича</name>
        <description>Автобус-47, 241, 272.</description>
        <styleUrl>#icon-1532-000000</styleUrl>
        <Point>
          <coordinates>
            36.2972914,50.0239746,0
          </coordinates>
        </Point>
      </Placemark>
      <Placemark>
        <name>Журавлівський гідропарк</name>
        <description>Автобус-47, 241, 272.</description>
        <styleUrl>#icon-1720-000000</styleUrl>
        <Point>
          <coordinates>
            36.2930713,50.0192049,0
          </coordinates>
        </Point>
      </Placemark>
      <Placemark>
        <name>вул. Тахіатаська</name>
        <description>Автобус-47, 241, 272.</description>
        <styleUrl>#icon-1532-000000</styleUrl>
        <Point>
          <coordinates>
            36.2890605,50.0138954,0
          </coordinates>
        </Point>
      </Placemark>
      <Placemark>
        <name>вул. Луганська</name>
        <description>Автобус-47, 241, 272.</description>
        <styleUrl>#icon-1532-000000</styleUrl>
        <Point>
          <coordinates>
            36.285901,50.0110826,0
          </coordinates>
        </Point>
      </Placemark>
      <Placemark>
        <name>Зупинка Житлово-комунальний технікум</name>
        <description>Автобус-47, 241, 272.</description>
        <styleUrl>#icon-1726-000000</styleUrl>
        <Point>
          <coordinates>
            36.2801184,50.0074041,0
          </coordinates>
        </Point>
      </Placemark>
      <Placemark>
        <name>вул. Кольцовська</name>
        <description>Автобус-47, 241, 272.</description>
        <styleUrl>#icon-1532-000000</styleUrl>
        <Point>
          <coordinates>
            36.2738539,50.0036495,0
          </coordinates>
        </Point>
      </Placemark>
      <Placemark>
        <name>Станція метро Київська</name>
        <description>Автобус-241.</description>
        <styleUrl>#icon-1626-000000</styleUrl>
        <Point>
          <coordinates>
            36.2704299,50.0016181,0
          </coordinates>
        </Point>
      </Placemark>
    </Folder><Folder><name>Автобус №243</name><Placemark>
        <name>Лінія маршруту</name>
        <styleUrl>#line-A52714-5456-nodesc</styleUrl>
        <LineString>
          <tessellate>1</tessellate>
          <coordinates>
            36.1830914,49.9828039,0
            36.1834723,49.9829281,0
            36.1837029,49.9830143,0
            36.1837566,49.9831247,0
            36.183719,49.9831454,0
            36.1834508,49.9831143,0
            36.1802268,49.9820657,0
            36.1782098,49.9814103,0
            36.1769545,49.9810171,0
            36.1764073,49.9807825,0
            36.1754417,49.9803616,0
            36.1703563,49.9780366,0
            36.1684251,49.9771327,0
            36.1653459,49.9757114,0
            36.1617088,49.9740554,0
            36.161108,49.9739036,0
            36.160078,49.9735862,0
            36.1585653,49.9733585,0
            36.1572134,49.9733861,0
            36.1526966,49.9734689,0
            36.152879,49.9754354,0
            36.1532009,49.9789956,0
            36.1536622,49.9829695,0
            36.1539412,49.9865222,0
            36.1537909,49.9865153,0
            36.153748,49.986336,0
          </coordinates>
        </LineString>
      </Placemark>
      <Placemark>
        <name>Остановка ДП "Холодна гора"</name>
        <description>Маршрутка-43е.</description>
        <styleUrl>#icon-1499-A52714</styleUrl>
        <Point>
          <coordinates>
            36.1829122,49.9826761,0
          </coordinates>
        </Point>
      </Placemark>
      <Placemark>
        <name>вул. Полтавський шлях</name>
        <description>Маршрутка-43е.</description>
        <styleUrl>#icon-1532-A52714</styleUrl>
        <Point>
          <coordinates>
            36.1765446,49.9809099,0
          </coordinates>
        </Point>
      </Placemark>
      <Placemark>
        <name>вул. Кашуби</name>
        <description>Маршрутка-43е.</description>
        <styleUrl>#icon-1532-A52714</styleUrl>
        <Point>
          <coordinates>
            36.1679147,49.976951,0
          </coordinates>
        </Point>
      </Placemark>
      <Placemark>
        <name>Остановка пров. Пластичний</name>
        <description>Маршрутка-43е.</description>
        <styleUrl>#icon-1532-A52714</styleUrl>
        <Point>
          <coordinates>
            36.1577793,49.9733821,0
          </coordinates>
        </Point>
      </Placemark>
      <Placemark>
        <name>вул. Золочівська</name>
        <description>Маршрутка-43е.</description>
        <styleUrl>#icon-1532-A52714</styleUrl>
        <Point>
          <coordinates>
            36.1528496,49.9739376,0
          </coordinates>
        </Point>
      </Placemark>
      <Placemark>
        <name>вул. Башкирська</name>
        <description>Маршрутка-43е.</description>
        <styleUrl>#icon-1532-A52714</styleUrl>
        <Point>
          <coordinates>
            36.153648,49.9804528,0
          </coordinates>
        </Point>
      </Placemark>
      <Placemark>
        <name>Остановка пр. Слави</name>
        <description>Маршрутка-43е.</description>
        <styleUrl>#icon-1532-A52714</styleUrl>
        <Point>
          <coordinates>
            36.1538195,49.9836953,0
          </coordinates>
        </Point>
      </Placemark>
      <Placemark>
        <name>Остановка пров. 1 Золочівський</name>
        <description>Автобус -243.</description>
        <styleUrl>#icon-1532-A52714</styleUrl>
        <Point>
          <coordinates>
            36.1539065,49.9858445,0
          </coordinates>
        </Point>
      </Placemark>
      <Placemark>
        <name>вул. Ігоря Муратова</name>
        <description>Автобус -243.</description>
        <styleUrl>#icon-1532-A52714</styleUrl>
        <Point>
          <coordinates>
            36.1499133,49.9866486,0
          </coordinates>
        </Point>
      </Placemark>
    <Placemark>
        <name>Лінія маршруту</name>
        <styleUrl>#line-000000-5069-nodesc</styleUrl>
        <LineString>
          <tessellate>1</tessellate>
          <coordinates>
            36.1376869,49.9859427,0
            36.142178,49.9859558,0
            36.1492225,49.9858996,0
            36.1493641,49.9865669,0
            36.1537672,49.9864252,0
            36.1534882,49.9830588,0
            36.1531127,49.9794299,0
            36.1527694,49.9753453,0
            36.152587,49.9734685,0
            36.1464179,49.9735237,0
            36.1444546,49.9735375,0
            36.1444653,49.9732822,0
            36.1444438,49.9726336,0
            36.1444653,49.9723783,0
            36.1445511,49.9721368,0
            36.1447979,49.9719159,0
            36.1451734,49.9717641,0
            36.1494006,49.9705772,0
            36.151718,49.9699148,0
            36.1530913,49.9695836,0
            36.1538423,49.9695145,0
            36.1545504,49.9696526,0
            36.1548937,49.9699562,0
            36.1551512,49.9703771,0
            36.1554194,49.9706808,0
            36.1557091,49.9710741,0
            36.1569322,49.9716537,0
            36.1626829,49.9743586,0
            36.1670817,49.976332,0
            36.1745489,49.9797817,0
            36.1765445,49.9806648,0
            36.1775101,49.9810512,0
            36.1795486,49.9817549,0
            36.183014,49.982838,0
          </coordinates>
        </LineString>
      </Placemark>
      <Placemark>
        <name>Остановка Пансіонат</name>
        <description>Автобус -243.</description>
        <styleUrl>#icon-1499-000000</styleUrl>
        <Point>
          <coordinates>
            36.1390348,49.9859222,0
          </coordinates>
        </Point>
      </Placemark>
      <Placemark>
        <name>вул. Ігоря Муратова</name>
        <description>Автобус -243.</description>
        <styleUrl>#icon-1532-000000</styleUrl>
        <Point>
          <coordinates>
            36.1494091,49.9864416,0
          </coordinates>
        </Point>
      </Placemark>
      <Placemark>
        <name>Остановка пров. 1 Золочівський</name>
        <description>Маршрутка-43е. Автобус -243.</description>
        <styleUrl>#icon-1532-000000</styleUrl>
        <Point>
          <coordinates>
            36.1537122,49.9860959,0
          </coordinates>
        </Point>
      </Placemark>
      <Placemark>
        <name>Остановка пр. Слави</name>
        <description>Маршрутка-43е.</description>
        <styleUrl>#icon-1532-000000</styleUrl>
        <Point>
          <coordinates>
            36.1535009,49.9838082,0
          </coordinates>
        </Point>
      </Placemark>
      <Placemark>
        <name>Остановка пров. Пластичний</name>
        <description>Маршрутка-43е.</description>
        <styleUrl>#icon-1532-000000</styleUrl>
        <Point>
          <coordinates>
            36.1531287,49.9792757,0
          </coordinates>
        </Point>
      </Placemark>
      <Placemark>
        <name>вул. Золочівська</name>
        <description>Маршрутка-43е.</description>
        <styleUrl>#icon-1532-000000</styleUrl>
        <Point>
          <coordinates>
            36.1520957,49.973513,0
          </coordinates>
        </Point>
      </Placemark>
      <Placemark>
        <name>Запинка Залютине</name>
        <description>Маршрутка-43е.</description>
        <styleUrl>#icon-1532-000000</styleUrl>
        <Point>
          <coordinates>
            36.1474208,49.9736374,0
          </coordinates>
        </Point>
      </Placemark>
      <Placemark>
        <name>вул. Кашуби</name>
        <description>Маршрутка-43е.</description>
        <styleUrl>#icon-1532-000000</styleUrl>
        <Point>
          <coordinates>
            36.1689036,49.9770621,0
          </coordinates>
        </Point>
      </Placemark>
    </Folder><Folder><name>Автобус №249</name><Placemark>
        <name>Лінія маршруту</name>
        <styleUrl>#line-A52714-5650-nodesc</styleUrl>
        <LineString>
          <tessellate>1</tessellate>
          <coordinates>
            36.3589641,49.9904221,0
            36.3584482,49.9903381,0
            36.3601005,49.9848747,0
            36.3571393,49.9842677,0
            36.3555085,49.9839917,0
            36.3550043,49.9839434,0
            36.3532018,49.9840262,0
            36.35082,49.984178,0
            36.3501548,49.9841573,0
            36.3488244,49.9840193,0
            36.3465607,49.9837365,0
            36.343224,49.9833432,0
            36.3414537,49.983088,0
            36.3417434,49.9821842,0
            36.342709,49.9797903,0
            36.3420331,49.9797972,0
            36.337366,49.979873,0
            36.3350915,49.9798799,0
            36.3271307,49.9800248,0
            36.3204574,49.9801835,0
            36.3191807,49.9804388,0
            36.3115525,49.9823912,0
            36.3108873,49.9824671,0
            36.3108443,49.981246,0
            36.3107371,49.9801352,0
            36.3106834,49.9795281,0
            36.3105332,49.9783759,0
            36.3103723,49.9777756,0
            36.3102543,49.9760507,0
            36.3100075,49.9750295,0
            36.3095784,49.9738289,0
            36.3089775,49.9722833,0
            36.308484,49.9710481,0
            36.3081085,49.9716277,0
            36.307615,49.9716484,0
            36.3072287,49.9715311,0
            36.3068532,49.9713793,0
            36.3062953,49.9712344,0
            36.3057053,49.9711723,0
            36.3008773,49.9726904,0
            36.3000297,49.9729595,0
            36.2997078,49.9727456,0
            36.3028254,49.9716497,0
          </coordinates>
        </LineString>
      </Placemark>
      <Placemark>
        <name>Остановка 602 м/р</name>
        <description>Автобус-81, 83, 249.</description>
        <styleUrl>#icon-1499-A52714</styleUrl>
        <Point>
          <coordinates>
            36.3593433,49.9902727,0
          </coordinates>
        </Point>
      </Placemark>
      <Placemark>
        <name>Остановка Медкомплекс</name>
        <description>Автобус-81, 249.</description>
        <styleUrl>#icon-1624-A52714</styleUrl>
        <Point>
          <coordinates>
            36.3585625,49.9899577,0
          </coordinates>
        </Point>
      </Placemark>
      <Placemark>
        <name>вул. Амосова</name>
        <description>Автобус-249.</description>
        <styleUrl>#icon-1532-A52714</styleUrl>
        <Point>
          <coordinates>
            36.3595106,49.9847813,0
          </coordinates>
        </Point>
      </Placemark>
      <Placemark>
        <name>Остановка 625 м/р</name>
        <description>Автобус-249.</description>
        <styleUrl>#icon-1546-A52714</styleUrl>
        <Point>
          <coordinates>
            36.3542829,49.9839799,0
          </coordinates>
        </Point>
      </Placemark>
      <Placemark>
        <name>Зупинка На вимогу</name>
        <description>Автобус-249.</description>
        <styleUrl>#icon-1769-A52714</styleUrl>
        <Point>
          <coordinates>
            36.3495954,49.9841251,0
          </coordinates>
        </Point>
      </Placemark>
      <Placemark>
        <name>вул. Благодатна</name>
        <description>Автобус-249.</description>
        <styleUrl>#icon-1532-A52714</styleUrl>
        <Point>
          <coordinates>
            36.3425952,49.9832346,0
          </coordinates>
        </Point>
      </Placemark>
      <Placemark>
        <name>вул. Єдності</name>
        <description>Автобус-249.</description>
        <styleUrl>#icon-1532-A52714</styleUrl>
        <Point>
          <coordinates>
            36.3422572,49.9798008,0
          </coordinates>
        </Point>
      </Placemark>
      <Placemark>
        <name>вул. Дунайська</name>
        <description>Автобус-249.</description>
        <styleUrl>#icon-1532-A52714</styleUrl>
        <Point>
          <coordinates>
            36.3304828,49.9800022,0
          </coordinates>
        </Point>
      </Placemark>
      <Placemark>
        <name>вул. Червона Поляна</name>
        <description>Автобус-249.</description>
        <styleUrl>#icon-1532-A52714</styleUrl>
        <Point>
          <coordinates>
            36.3226278,49.9801615,0
          </coordinates>
        </Point>
      </Placemark>
      <Placemark>
        <name>Остановка пр. Льва Ландау</name>
        <description>Автобус-249. Маршрутка – 259е. Троллейбус-19, 20, 35, 57.</description>
        <styleUrl>#icon-1532-A52714</styleUrl>
        <Point>
          <coordinates>
            36.3109094,49.9820011,0
          </coordinates>
        </Point>
      </Placemark>
      <Placemark>
        <name>Станція метро Турбоатом</name>
        <description>Автобус-249. Маршрутка – 259е. Троллейбус-13, 20, 31, 57.</description>
        <styleUrl>#icon-1626-A52714</styleUrl>
        <Point>
          <coordinates>
            36.3044495,49.9717025,0
          </coordinates>
        </Point>
      </Placemark>
    <Placemark>
        <name>Лінія маршруту</name>
        <styleUrl>#line-000000-5069-nodesc</styleUrl>
        <LineString>
          <tessellate>1</tessellate>
          <coordinates>
            36.3028254,49.9716497,0
            36.3090267,49.9697727,0
            36.3090911,49.9693311,0
            36.3087907,49.9687238,0
            36.3082113,49.9686824,0
            36.3079323,49.9689584,0
            36.3081255,49.9692896,0
            36.3099923,49.9742855,0
            36.3104214,49.9756379,0
            36.310636,49.9772663,0
            36.3111295,49.980095,0
            36.3114085,49.9822613,0
            36.3128891,49.9818612,0
            36.3152494,49.9812541,0
            36.3171162,49.9807988,0
            36.3190474,49.9803572,0
            36.3204422,49.9800536,0
            36.3216009,49.9800398,0
            36.3230385,49.9799984,0
            36.3264074,49.9799019,0
            36.3298514,49.9798812,0
            36.3330164,49.9798053,0
            36.3360634,49.979757,0
            36.3429835,49.9796811,0
            36.3417335,49.9830271,0
            36.3452955,49.9834962,0
            36.3488575,49.983924,0
            36.3504668,49.9840757,0
            36.3513466,49.9840067,0
            36.3532778,49.9838412,0
            36.3551446,49.9837998,0
            36.3556596,49.9838136,0
            36.3583632,49.9843103,0
            36.3603803,49.984738,0
            36.3586422,49.99056,0
            36.3617965,49.9910291,0
            36.3617965,49.9907807,0
            36.3589641,49.9904221,0
          </coordinates>
        </LineString>
      </Placemark>
      <Placemark>
        <name>Станція метро Турбоатом</name>
        <description>Автобус-249. Маршрутка – 259е. Троллейбус-13, 20, 31, 57.</description>
        <styleUrl>#icon-1499-000000</styleUrl>
        <Point>
          <coordinates>
            36.3026362,49.9715149,0
          </coordinates>
        </Point>
      </Placemark>
      <Placemark>
        <name>Зупинка Видавництво Харків</name>
        <description>Автобус-249. Маршрутка – 259е. Троллейбус-20, 31, 57.</description>
        <styleUrl>#icon-1638-000000</styleUrl>
        <Point>
          <coordinates>
            36.3088791,49.9691097,0
          </coordinates>
        </Point>
      </Placemark>
      <Placemark>
        <name>Остановка пр. Льва Ландау</name>
        <description>Автобус-249.</description>
        <styleUrl>#icon-1532-000000</styleUrl>
        <Point>
          <coordinates>
            36.3121943,49.9821091,0
          </coordinates>
        </Point>
      </Placemark>
      <Placemark>
        <name>вул. Червона Поляна</name>
        <description>Автобус-249.</description>
        <styleUrl>#icon-1532-000000</styleUrl>
        <Point>
          <coordinates>
            36.3236408,49.9800324,0
          </coordinates>
        </Point>
      </Placemark>
      <Placemark>
        <name>вул. Дунайська</name>
        <description>Автобус-249.</description>
        <styleUrl>#icon-1532-000000</styleUrl>
        <Point>
          <coordinates>
            36.3316765,49.97986,0
          </coordinates>
        </Point>
      </Placemark>
      <Placemark>
        <name>Остановка пр. Трактробудівників</name>
        <description>Автобус-249.</description>
        <styleUrl>#icon-1532-000000</styleUrl>
        <Point>
          <coordinates>
            36.342588,49.9831162,0
          </coordinates>
        </Point>
      </Placemark>
      <Placemark>
        <name>Зупинка На вимогу</name>
        <description>Автобус-249.</description>
        <styleUrl>#icon-1769-000000</styleUrl>
        <Point>
          <coordinates>
            36.3499372,49.9840269,0
          </coordinates>
        </Point>
      </Placemark>
      <Placemark>
        <name>Тракторобудівників</name>
        <description>Автобус-249.</description>
        <styleUrl>#icon-1883-000000</styleUrl>
        <Point>
          <coordinates>
            36.3428884,49.9801429,0
          </coordinates>
        </Point>
      </Placemark>
      <Placemark>
        <name>вул. Амосова</name>
        <description>Автобус-249.</description>
        <styleUrl>#icon-1532-000000</styleUrl>
        <Point>
          <coordinates>
            36.3595815,49.9845835,0
          </coordinates>
        </Point>
      </Placemark>
      <Placemark>
        <name>Остановка 602 мікрорайон</name>
        <description>Автобус-249.</description>
        <styleUrl>#icon-1532-000000</styleUrl>
        <Point>
          <coordinates>
            36.3596673,49.9905298,0
          </coordinates>
        </Point>
      </Placemark>
      <Placemark>
        <name>Остановка 625 мікройон</name>
        <description>Автобус-249.</description>
        <styleUrl>#icon-1546-000000</styleUrl>
        <Point>
          <coordinates>
            36.3562126,49.9839627,0
          </coordinates>
        </Point>
      </Placemark>
    </Folder><Folder><name>Автобус №252</name><Placemark>
        <name>Лінія маршруту</name>
        <styleUrl>#line-A52714-5263-nodesc</styleUrl>
        <LineString>
          <tessellate>1</tessellate>
          <coordinates>
            36.3988637,49.9450575,0
            36.4003382,49.9445845,0
            36.398761,49.942603,0
            36.4030633,49.9411875,0
            36.4112279,49.9385084,0
            36.4104233,49.9376383,0
            36.4096186,49.9366647,0
            36.4085028,49.9352145,0
            36.4064858,49.9327491,0
            36.4060781,49.9322035,0
            36.4039001,49.9294134,0
            36.4029238,49.9282531,0
            36.4028058,49.9280804,0
            36.4027843,49.9278594,0
            36.4004133,49.924993,0
            36.3982997,49.9257252,0
            36.3922594,49.9277765,0
            36.3895879,49.9286675,0
            36.3893258,49.9283325,0
          </coordinates>
        </LineString>
      </Placemark>
      <Placemark>
        <name>Станція метро Індустріальна</name>
        <description>Автобус-7, 45. Маршрутка – 121е. Троллейбус-45, 46, 53.</description>
        <styleUrl>#icon-1499-A52714</styleUrl>
        <Point>
          <coordinates>
            36.397863,49.9451718,0
          </coordinates>
        </Point>
      </Placemark>
      <Placemark>
        <name>Остановка 18 поліклініка</name>
        <description>Автобус-45, 204. Маршрутка – 121е, 252е. Троллейбус-45, 51, 52.</description>
        <styleUrl>#icon-1624-A52714</styleUrl>
        <Point>
          <coordinates>
            36.3994398,49.9434227,0
          </coordinates>
        </Point>
      </Placemark>
      <Placemark>
        <name>вул. Миру</name>
        <description>Автобус-70, 252.</description>
        <styleUrl>#icon-1532-A52714</styleUrl>
        <Point>
          <coordinates>
            36.4016285,49.9415653,0
          </coordinates>
        </Point>
      </Placemark>
      <Placemark>
        <name>вул. Івана Каркача</name>
        <description>Автобус-70, 252.</description>
        <styleUrl>#icon-1532-A52714</styleUrl>
        <Point>
          <coordinates>
            36.4066066,49.9400394,0
          </coordinates>
        </Point>
      </Placemark>
      <Placemark>
        <name>вул. Миру</name>
        <description>Автобус-7, 252.</description>
        <styleUrl>#icon-1532-A52714</styleUrl>
        <Point>
          <coordinates>
            36.4109281,49.9381827,0
          </coordinates>
        </Point>
      </Placemark>
      <Placemark>
        <name>вул. Роганська</name>
        <description>Автобус-252.</description>
        <styleUrl>#icon-1532-A52714</styleUrl>
        <Point>
          <coordinates>
            36.405765,49.9318164,0
          </coordinates>
        </Point>
      </Placemark>
      <Placemark>
        <name>вул. Верстатна</name>
        <description>Автобус-252.</description>
        <styleUrl>#icon-1532-A52714</styleUrl>
        <Point>
          <coordinates>
            36.403279,49.9286123,0
          </coordinates>
        </Point>
      </Placemark>
      <Placemark>
        <name>вул. Плиткова</name>
        <description>Автобус-252.</description>
        <styleUrl>#icon-1532-A52714</styleUrl>
        <Point>
          <coordinates>
            36.4001983,49.9250807,0
          </coordinates>
        </Point>
      </Placemark>
      <Placemark>
        <name>вул. Пономоренківська</name>
        <description>Автобус-252.</description>
        <styleUrl>#icon-1532-A52714</styleUrl>
        <Point>
          <coordinates>
            36.3949421,49.9268251,0
          </coordinates>
        </Point>
      </Placemark>
    <Placemark>
        <name>Лінія маршруту</name>
        <styleUrl>#line-000000-5263-nodesc</styleUrl>
        <LineString>
          <tessellate>1</tessellate>
          <coordinates>
            36.3893258,49.9283325,0
            36.3900125,49.9283946,0
            36.3919866,49.9277385,0
            36.4004946,49.924879,0
            36.401503,49.9260601,0
            36.4026832,49.927483,0
            36.4029514,49.9278283,0
            36.4030158,49.9280355,0
            36.4030158,49.9281391,0
            36.4032626,49.9283808,0
            36.4049148,49.9304873,0
            36.4063525,49.9322691,0
            36.4066207,49.9326835,0
            36.4077687,49.9341061,0
            36.4093458,49.9360742,0
            36.409893,49.9368131,0
            36.4104616,49.9374208,0
            36.4114701,49.9385463,0
            36.4092493,49.9392921,0
            36.4035737,49.9411564,0
            36.4012777,49.9418952,0
            36.3989818,49.9426478,0
            36.4003229,49.9443118,0
            36.4005696,49.9446225,0
            36.3974368,49.9456029,0
            36.397351,49.9454648,0
            36.397587,49.9452508,0
            36.3981127,49.9451472,0
            36.3986062,49.9450989,0
            36.3988637,49.9450575,0
          </coordinates>
        </LineString>
      </Placemark>
      <Placemark>
        <name>Остановка бул. Івана Каркача</name>
        <description>Автобус-252.</description>
        <styleUrl>#icon-1499-000000</styleUrl>
        <Point>
          <coordinates>
            36.3895686,49.9283321,0
          </coordinates>
        </Point>
      </Placemark>
      <Placemark>
        <name>вул. Пономоренківська</name>
        <description>Автобус-252, 280. Маршрутка-252е. Троллейбус-59.</description>
        <styleUrl>#icon-1532-000000</styleUrl>
        <Point>
          <coordinates>
            36.3956661,49.9264375,0
          </coordinates>
        </Point>
      </Placemark>
      <Placemark>
        <name>вул. Плиткова</name>
        <description>Автобус-252.</description>
        <styleUrl>#icon-1532-000000</styleUrl>
        <Point>
          <coordinates>
            36.4000911,49.924915,0
          </coordinates>
        </Point>
      </Placemark>
      <Placemark>
        <name>вул. Верстатна</name>
        <description>Автобус-252.</description>
        <styleUrl>#icon-1532-000000</styleUrl>
        <Point>
          <coordinates>
            36.4037868,49.9288673,0
          </coordinates>
        </Point>
      </Placemark>
      <Placemark>
        <name>вул. Роганська</name>
        <description>Автобус-252.</description>
        <styleUrl>#icon-1532-000000</styleUrl>
        <Point>
          <coordinates>
            36.4068867,49.932785,0
          </coordinates>
        </Point>
      </Placemark>
      <Placemark>
        <name>вул. Плиткова</name>
        <description>Автобус-70, 252.</description>
        <styleUrl>#icon-1532-000000</styleUrl>
        <Point>
          <coordinates>
            36.4110031,49.9387558,0
          </coordinates>
        </Point>
      </Placemark>
      <Placemark>
        <name>вул. Івана Каркача</name>
        <description>Автобус-70, 252.</description>
        <styleUrl>#icon-1532-000000</styleUrl>
        <Point>
          <coordinates>
            36.4067998,49.9401637,0
          </coordinates>
        </Point>
      </Placemark>
      <Placemark>
        <name>вул. Миру</name>
        <description>Автобус-70, 252.</description>
        <styleUrl>#icon-1532-000000</styleUrl>
        <Point>
          <coordinates>
            36.4017572,49.9416758,0
          </coordinates>
        </Point>
      </Placemark>
      <Placemark>
        <name>Остановка 18 поліклініка</name>
        <description>Автобус-45, 204. Маршрутка – 121е, 252е. Троллейбус-45, 51, 52.</description>
        <styleUrl>#icon-1624-000000</styleUrl>
        <Point>
          <coordinates>
            36.3994827,49.9429946,0
          </coordinates>
        </Point>
      </Placemark>
      <Placemark>
        <name>Станція метро Індустріальна</name>
        <description>Автобус-7, 45. Маршрутка – 121е. Троллейбус-45, 46, 53.</description>
        <styleUrl>#icon-1626-000000</styleUrl>
        <Point>
          <coordinates>
            36.3982031,49.9454457,0
          </coordinates>
        </Point>
      </Placemark>
    </Folder><Folder><name>Автобус №260</name><Placemark>
        <name>Лінія маршруту</name>
        <styleUrl>#line-A52714-5650-nodesc</styleUrl>
        <LineString>
          <tessellate>1</tessellate>
          <coordinates>
            36.2410447,49.9362837,0
            36.2412486,49.9365047,0
            36.2413451,49.9366152,0
            36.241903,49.9367257,0
            36.2447891,49.9335698,0
            36.2449822,49.9333833,0
            36.2451968,49.9332936,0
            36.2453899,49.9332936,0
            36.2456367,49.9333143,0
            36.2459049,49.9333626,0
            36.2461087,49.933335,0
            36.2474391,49.9329276,0
            36.2490913,49.9324096,0
            36.2494239,49.9321265,0
            36.2497351,49.9317881,0
            36.250411,49.9310353,0
            36.2508723,49.9306002,0
            36.2511513,49.9303308,0
            36.2515268,49.9301444,0
            36.2518808,49.9300891,0
            36.2525138,49.9300753,0
            36.2535224,49.9301306,0
            36.255711,49.9302825,0
            36.2623844,49.9308419,0
            36.2628135,49.9309938,0
            36.2626741,49.9311941,0
            36.2623629,49.9315947,0
            36.2621483,49.9320298,0
            36.2620625,49.9323405,0
            36.2618801,49.9334317,0
            36.2614617,49.9361249,0
            36.2606999,49.9409654,0
            36.260303,49.9432509,0
            36.2602601,49.9437963,0
            36.2603995,49.9462473,0
            36.2603888,49.9465718,0
            36.2609896,49.9463785,0
            36.2620196,49.9459229,0
            36.2628672,49.9456536,0
            36.2639615,49.9454603,0
            36.2644229,49.9454327,0
            36.2660644,49.9452117,0
            36.2678239,49.9450184,0
            36.2692079,49.9448389,0
            36.2707529,49.9446732,0
            36.2750873,49.9441278,0
            36.2759671,49.9440932,0
            36.2766966,49.9440656,0
            36.28131,49.9439828,0
            36.2815353,49.9440656,0
            36.2815353,49.9443004,0
            36.2814817,49.9464269,0
            36.2813959,49.9500168,0
            36.2813851,49.9530474,0
            36.2814281,49.953503,0
            36.2816855,49.9541035,0
            36.2824902,49.9561468,0
            36.2833807,49.9584867,0
            36.2844429,49.9613994,0
            36.2854406,49.9638288,0
            36.2863097,49.9660304,0
            36.2865457,49.9665893,0
            36.2867174,49.9669137,0
            36.2883696,49.9693083,0
            36.2886486,49.9698673,0
            36.2892816,49.9714199,0
            36.2902901,49.9737867,0
            36.2904296,49.9741386,0
            36.2902042,49.9742904,0
            36.2898287,49.9743732,0
            36.2843034,49.9752702,0
            36.2797865,49.976043,0
            36.2788317,49.9761603,0
            36.2764499,49.9765605,0
            36.2727162,49.977216,0
            36.2693367,49.9777403,0
            36.2672553,49.9780301,0
            36.2640473,49.978789,0
            36.2628672,49.9790926,0
            36.264101,49.9817833,0
            36.2647125,49.9839909,0
            36.2671158,49.9837426,0
            36.2679526,49.9865089,0
            36.2678024,49.9865433,0
            36.2678454,49.9866261,0
            36.2678883,49.98684,0
            36.267781,49.9869503,0
            36.2675879,49.986971,0
            36.2674806,49.9868883,0
            36.2674591,49.9867986,0
          </coordinates>
        </LineString>
      </Placemark>
      <Placemark>
        <name>Станція Основа</name>
        <description>Автобус -112. Маршрутка-259е.</description>
        <styleUrl>#icon-1499-A52714</styleUrl>
        <Point>
          <coordinates>
            36.2411927,49.936243,0
          </coordinates>
        </Point>
      </Placemark>
      <Placemark>
        <name>вул. Алексєєва</name>
        <description>Автобус -112. Маршрутка-259е.</description>
        <styleUrl>#icon-1532-A52714</styleUrl>
        <Point>
          <coordinates>
            36.2440719,49.9342985,0
          </coordinates>
        </Point>
      </Placemark>
      <Placemark>
        <name>вул. Деповська</name>
        <description>Автобус -112, 170. Маршрутка-259е. Тролейбус-6.</description>
        <styleUrl>#icon-1532-A52714</styleUrl>
        <Point>
          <coordinates>
            36.2500801,49.9313082,0
          </coordinates>
        </Point>
      </Placemark>
      <Placemark>
        <name>вул. Естакадна</name>
        <description>Автобус -112, 170. Маршрутка-259е. Тролейбус-6.</description>
        <styleUrl>#icon-1532-A52714</styleUrl>
        <Point>
          <coordinates>
            36.2538306,49.9301114,0
          </coordinates>
        </Point>
      </Placemark>
      <Placemark>
        <name>вул. Південнопроектна</name>
        <description>Автобус -112, 170. Маршрутка-259е. Тролейбус-6, 49, 58.</description>
        <styleUrl>#icon-1532-A52714</styleUrl>
        <Point>
          <coordinates>
            36.2625854,49.931541,0
          </coordinates>
        </Point>
      </Placemark>
      <Placemark>
        <name>вул. Льговська</name>
        <description>Автобус -112, 170. Маршрутка-259е. Тролейбус-6, 49, 58.</description>
        <styleUrl>#icon-1532-A52714</styleUrl>
        <Point>
          <coordinates>
            36.2615339,49.9364957,0
          </coordinates>
        </Point>
      </Placemark>
      <Placemark>
        <name>вул. Пільчикова</name>
        <description>Автобус -112, 170. Маршрутка-259е. Тролейбус-6, 49, 58.</description>
        <styleUrl>#icon-1532-A52714</styleUrl>
        <Point>
          <coordinates>
            36.2609114,49.9405398,0
          </coordinates>
        </Point>
      </Placemark>
      <Placemark>
        <name>вул. Одеська</name>
        <description>Автобус -112, 260. Маршрутка-259е. Тролейбус-3, 59.</description>
        <styleUrl>#icon-1532-A52714</styleUrl>
        <Point>
          <coordinates>
            36.2609758,49.9462843,0
          </coordinates>
        </Point>
      </Placemark>
      <Placemark>
        <name>вул. Манюшка</name>
        <description>Автобус -112, 260. Маршрутка-259е. Тролейбус-3, 19, 35, 59.</description>
        <styleUrl>#icon-1532-A52714</styleUrl>
        <Point>
          <coordinates>
            36.2683786,49.9449027,0
          </coordinates>
        </Point>
      </Placemark>
      <Placemark>
        <name>вул. Морозова</name>
        <description>Автобус - 260. Маршрутка-259е.</description>
        <styleUrl>#icon-1532-A52714</styleUrl>
        <Point>
          <coordinates>
            36.2815477,49.9445346,0
          </coordinates>
        </Point>
      </Placemark>
      <Placemark>
        <name>вул. Киргизька</name>
        <description>Автобус - 260. Маршрутка-259е.</description>
        <styleUrl>#icon-1532-A52714</styleUrl>
        <Point>
          <coordinates>
            36.2815584,49.9459085,0
          </coordinates>
        </Point>
      </Placemark>
      <Placemark>
        <name>вул. Костичева</name>
        <description>Автобус - 260. Маршрутка-259е.</description>
        <styleUrl>#icon-1532-A52714</styleUrl>
        <Point>
          <coordinates>
            36.2815342,49.9486113,0
          </coordinates>
        </Point>
      </Placemark>
      <Placemark>
        <name>вул. Олександра Орлова</name>
        <description>Автобус - 260. Маршрутка-259е.</description>
        <styleUrl>#icon-1532-A52714</styleUrl>
        <Point>
          <coordinates>
            36.2824569,49.9557219,0
          </coordinates>
        </Point>
      </Placemark>
      <Placemark>
        <name>вул. Мухачова</name>
        <description>Автобус - 260. Маршрутка-259е.</description>
        <styleUrl>#icon-1532-A52714</styleUrl>
        <Point>
          <coordinates>
            36.2851627,49.9630352,0
          </coordinates>
        </Point>
      </Placemark>
      <Placemark>
        <name>Остановка Алея Слави</name>
        <description>Автобус - 260. Маршрутка-259е.</description>
        <styleUrl>#icon-1720-A52714</styleUrl>
        <Point>
          <coordinates>
            36.2865174,49.9663131,0
          </coordinates>
        </Point>
      </Placemark>
      <Placemark>
        <name>вул. Соїча</name>
        <description>Автобус – 260.</description>
        <styleUrl>#icon-1532-A52714</styleUrl>
        <Point>
          <coordinates>
            36.2846018,49.975302,0
          </coordinates>
        </Point>
      </Placemark>
      <Placemark>
        <name>Остановка парк Машинобудівників</name>
        <description>Автобус - 260. Маршрутка-259е.</description>
        <styleUrl>#icon-1720-A52714</styleUrl>
        <Point>
          <coordinates>
            36.2903044,49.9735248,0
          </coordinates>
        </Point>
      </Placemark>
      <Placemark>
        <name>Станція метро Заводська</name>
        <description>Автобус -260.</description>
        <styleUrl>#icon-1626-A52714</styleUrl>
        <Point>
          <coordinates>
            36.2808166,49.9758874,0
          </coordinates>
        </Point>
      </Placemark>
      <Placemark>
        <name>вул. Польова</name>
        <description>Автобус -260. Трамвай -8.</description>
        <styleUrl>#icon-1532-A52714</styleUrl>
        <Point>
          <coordinates>
            36.27251,49.9772842,0
          </coordinates>
        </Point>
      </Placemark>
      <Placemark>
        <name>вул. Добровольців</name>
        <description>Автобус -260.</description>
        <styleUrl>#icon-1532-A52714</styleUrl>
        <Point>
          <coordinates>
            36.2686994,49.9778338,0
          </coordinates>
        </Point>
      </Placemark>
      <Placemark>
        <name>Станція метро Метробудівників</name>
        <description>Автобус -260.</description>
        <styleUrl>#icon-1626-A52714</styleUrl>
        <Point>
          <coordinates>
            36.263705,49.9788847,0
          </coordinates>
        </Point>
      </Placemark>
      <Placemark>
        <name>Станція метро Захисників України</name>
        <description>Автобус -260.</description>
        <styleUrl>#icon-1626-A52714</styleUrl>
        <Point>
          <coordinates>
            36.2679293,49.9867291,0
          </coordinates>
        </Point>
      </Placemark>
    <Placemark>
        <name>Лінія маршруту</name>
        <styleUrl>#line-000000-5263-nodesc</styleUrl>
        <LineString>
          <tessellate>1</tessellate>
          <coordinates>
            36.267467,49.9865999,0
            36.2610941,49.9872414,0
            36.2595277,49.9859239,0
            36.2591522,49.9855376,0
            36.2587981,49.9852271,0
            36.25809,49.984758,0
            36.254925,49.9819916,0
            36.2548499,49.9817295,0
            36.2550967,49.9816122,0
            36.2577574,49.9802876,0
            36.2581222,49.9801634,0
            36.2584119,49.9801289,0
            36.2589805,49.9800185,0
            36.2594848,49.9798046,0
            36.2597745,49.9796459,0
            36.2600534,49.9795562,0
            36.2612228,49.9793079,0
            36.2633686,49.9788318,0
            36.265053,49.978404,0
            36.266083,49.9781626,0
            36.2672095,49.9779349,0
            36.2679927,49.9778452,0
            36.269012,49.9777072,0
            36.2699239,49.9775347,0
            36.2718122,49.9772449,0
            36.2727349,49.9770931,0
            36.2737756,49.9769206,0
            36.2752884,49.9765963,0
            36.277477,49.9762445,0
            36.2802129,49.975865,0
            36.2811034,49.9757339,0
            36.2832813,49.9753544,0
            36.2860279,49.9748645,0
            36.2881308,49.9745402,0
            36.2900405,49.9742228,0
            36.2901585,49.9740227,0
            36.2898581,49.9733603,0
            36.2891822,49.9718284,0
            36.2882917,49.9695788,0
            36.2879055,49.9690682,0
            36.286854,49.9675293,0
            36.2864463,49.9669151,0
            36.2862318,49.9665286,0
            36.2858884,49.9655072,0
            36.2848263,49.9630227,0
            36.283807,49.960331,0
            36.2835388,49.9595027,0
            36.2828951,49.9580394,0
            36.2823265,49.956369,0
            36.2819617,49.9555062,0
            36.281554,49.9543465,0
            36.2812321,49.9536424,0
            36.2811248,49.9532558,0
            36.2811678,49.951178,0
            36.2812107,49.9482716,0
            36.2812858,49.9451302,0
            36.2813072,49.9441636,0
            36.2803309,49.9441291,0
            36.2767904,49.9442051,0
            36.2754171,49.9442465,0
            36.2737327,49.9444398,0
            36.2696557,49.9449438,0
            36.2667482,49.9452614,0
            36.2638729,49.9455928,0
            36.2630038,49.9457654,0
            36.2620275,49.9461521,0
            36.2604718,49.9467182,0
            36.2597315,49.9466906,0
            36.2599247,49.9462832,0
            36.2599461,49.9453581,0
            36.2599354,49.9443984,0
            36.2599783,49.9437563,0
            36.2602573,49.9420578,0
            36.2603645,49.9411049,0
            36.2607186,49.9388194,0
            36.2608473,49.9378872,0
            36.2610941,49.9363818,0
            36.2613194,49.9349731,0
            36.2615984,49.9332259,0
            36.2617271,49.9324593,0
            36.2618344,49.932038,0
            36.2621992,49.9313267,0
            36.2623923,49.9309607,0
            36.2608581,49.9307949,0
            36.2599139,49.9307121,0
            36.2542491,49.9302977,0
            36.2526076,49.9301734,0
            36.2517707,49.9301803,0
            36.2513416,49.9303529,0
            36.2509124,49.9307328,0
            36.2500005,49.9316789,0
            36.2493782,49.9323281,0
            36.2490134,49.9325146,0
            36.2472003,49.9331154,0
            36.2461059,49.9334538,0
            36.2458913,49.9334952,0
            36.2456446,49.9334331,0
            36.2452476,49.9333847,0
            36.244915,49.933585,0
            36.2444644,49.9340891,0
            36.2419539,49.9368099,0
            36.2412672,49.9366787,0
            36.2406557,49.9366028,0
            36.2403016,49.9365406,0
            36.2402051,49.9363404,0
            36.2404304,49.9361332,0
            36.240763,49.9361194,0
            36.2410526,49.936368,0
          </coordinates>
        </LineString>
      </Placemark>
      <Placemark>
        <name>Станція метро Захисників України</name>
        <description>Автобус -260.</description>
        <styleUrl>#icon-1499-000000</styleUrl>
        <Point>
          <coordinates>
            36.2674379,49.9867115,0
          </coordinates>
        </Point>
      </Placemark>
      <Placemark>
        <name>Зупинка Кінний ринок</name>
        <description>Автобус -32,260.</description>
        <styleUrl>#icon-1578-000000</styleUrl>
        <Point>
          <coordinates>
            36.2598504,49.9862531,0
          </coordinates>
        </Point>
      </Placemark>
      <Placemark>
        <name>вул. Георгія Тарасенка</name>
        <description>Автобус -260. Трамвай 2, 27.</description>
        <styleUrl>#icon-1532-000000</styleUrl>
        <Point>
          <coordinates>
            36.2550138,49.9821346,0
          </coordinates>
        </Point>
      </Placemark>
      <Placemark>
        <name>Станція метро Спортивна</name>
        <description>Автобус -260.</description>
        <styleUrl>#icon-1626-000000</styleUrl>
        <Point>
          <coordinates>
            36.260701,49.9793055,0
          </coordinates>
        </Point>
      </Placemark>
      <Placemark>
        <name>вул. Добровольців</name>
        <description>Автобус -260.</description>
        <styleUrl>#icon-1532-000000</styleUrl>
        <Point>
          <coordinates>
            36.2683561,49.9777303,0
          </coordinates>
        </Point>
      </Placemark>
      <Placemark>
        <name>вул. Польова</name>
        <description>Автобус -260.</description>
        <styleUrl>#icon-1532-000000</styleUrl>
        <Point>
          <coordinates>
            36.2732181,49.9770014,0
          </coordinates>
        </Point>
      </Placemark>
      <Placemark>
        <name>Станція метро Заводська</name>
        <description>Автобус -260.</description>
        <styleUrl>#icon-1626-000000</styleUrl>
        <Point>
          <coordinates>
            36.2812672,49.9756114,0
          </coordinates>
        </Point>
      </Placemark>
      <Placemark>
        <name>вул. Соїча</name>
        <description>Автобус – 260.</description>
        <styleUrl>#icon-1532-000000</styleUrl>
        <Point>
          <coordinates>
            36.2837864,49.9752399,0
          </coordinates>
        </Point>
      </Placemark>
      <Placemark>
        <name>Остановка парк Машинобудівників</name>
        <description>Автобус - 260. Маршрутка-259е.</description>
        <styleUrl>#icon-1720-000000</styleUrl>
        <Point>
          <coordinates>
            36.2899691,49.9737995,0
          </coordinates>
        </Point>
      </Placemark>
      <Placemark>
        <name>Остановка алея Слави</name>
        <description>Автобус-259е.</description>
        <styleUrl>#icon-1720-000000</styleUrl>
        <Point>
          <coordinates>
            36.2863255,49.966902,0
          </coordinates>
        </Point>
      </Placemark>
      <Placemark>
        <name>вул. Мухачова</name>
        <description>Автобус - 260. Маршрутка-259е.</description>
        <styleUrl>#icon-1532-000000</styleUrl>
        <Point>
          <coordinates>
            36.2846718,49.9629727,0
          </coordinates>
        </Point>
      </Placemark>
      <Placemark>
        <name>вул. Олександра Орлова</name>
        <description>Автобус - 260. Маршрутка-259е.</description>
        <styleUrl>#icon-1532-000000</styleUrl>
        <Point>
          <coordinates>
            36.2819361,49.9555597,0
          </coordinates>
        </Point>
      </Placemark>
      <Placemark>
        <name>вул. Костичева</name>
        <description>Автобус - 260. Маршрутка-259е.</description>
        <styleUrl>#icon-1532-000000</styleUrl>
        <Point>
          <coordinates>
            36.2810157,49.9492596,0
          </coordinates>
        </Point>
      </Placemark>
      <Placemark>
        <name>вул. Киргизька</name>
        <description>Автобус - 260. Маршрутка-259е.</description>
        <styleUrl>#icon-1532-000000</styleUrl>
        <Point>
          <coordinates>
            36.2812391,49.9465052,0
          </coordinates>
        </Point>
      </Placemark>
      <Placemark>
        <name>вул. Морозова</name>
        <description>Автобус -112, 260. Маршрутка-259е. Тролейбус-3, 19, 35, 59.</description>
        <styleUrl>#icon-1532-000000</styleUrl>
        <Point>
          <coordinates>
            36.2803809,49.9442148,0
          </coordinates>
        </Point>
      </Placemark>
      <Placemark>
        <name>вул. Миколи Кравченка</name>
        <description>Автобус -112, 260. Маршрутка-259е. Тролейбус-3, 19, 35, 59.</description>
        <styleUrl>#icon-1532-000000</styleUrl>
        <Point>
          <coordinates>
            36.2744013,49.9444031,0
          </coordinates>
        </Point>
      </Placemark>
      <Placemark>
        <name>вул. Манюшка</name>
        <description>Автобус -112, 260. Маршрутка-259е. Тролейбус-3, 19, 35, 59.</description>
        <styleUrl>#icon-1532-000000</styleUrl>
        <Point>
          <coordinates>
            36.2695304,49.9449624,0
          </coordinates>
        </Point>
      </Placemark>
      <Placemark>
        <name>вул. Одеська</name>
        <description>Автобус -112, 170. Маршрутка-259е, ЕП-1. Тролейбус-6, 49, 58.</description>
        <styleUrl>#icon-1532-000000</styleUrl>
        <Point>
          <coordinates>
            36.2596063,49.9459704,0
          </coordinates>
        </Point>
      </Placemark>
      <Placemark>
        <name>вул. Пільчикова</name>
        <description>Автобус -112, 170. Маршрутка-259е. Тролейбус-6, 49, 58.</description>
        <styleUrl>#icon-1532-000000</styleUrl>
        <Point>
          <coordinates>
            36.2603857,49.9401738,0
          </coordinates>
        </Point>
      </Placemark>
      <Placemark>
        <name>вул. Льговська</name>
        <description>Автобус -112, 170. Маршрутка-259е. Тролейбус-6, 49, 58.</description>
        <styleUrl>#icon-1532-000000</styleUrl>
        <Point>
          <coordinates>
            36.2611367,49.9353839,0
          </coordinates>
        </Point>
      </Placemark>
      <Placemark>
        <name>вул. Південнопроектна</name>
        <description>Автобус -112, 170. Маршрутка-259е. Тролейбус-6.</description>
        <styleUrl>#icon-1532-000000</styleUrl>
        <Point>
          <coordinates>
            36.2611262,49.9308366,0
          </coordinates>
        </Point>
      </Placemark>
      <Placemark>
        <name>вул. Лисичанська</name>
        <description>Автобус -112, 170. Маршрутка-259е. Тролейбус-6.</description>
        <styleUrl>#icon-1532-000000</styleUrl>
        <Point>
          <coordinates>
            36.2563626,49.9304706,0
          </coordinates>
        </Point>
      </Placemark>
      <Placemark>
        <name>вул. Деповська</name>
        <description>Автобус -112, 170. Маршрутка-259е. Тролейбус-6.</description>
        <styleUrl>#icon-1532-000000</styleUrl>
        <Point>
          <coordinates>
            36.2505414,49.9311563,0
          </coordinates>
        </Point>
      </Placemark>
      <Placemark>
        <name>вул. Алексєєва</name>
        <description>Автобус -112, 170. Маршрутка-259е. Тролейбус-6.</description>
        <styleUrl>#icon-1532-000000</styleUrl>
        <Point>
          <coordinates>
            36.2439432,49.9346852,0
          </coordinates>
        </Point>
      </Placemark>
      <Placemark>
        <name>Станція Основа</name>
        <description>Автобус -112. Маршрутка-259е.</description>
        <styleUrl>#icon-1662-000000</styleUrl>
        <Point>
          <coordinates>
            36.2404524,49.9365882,0
          </coordinates>
        </Point>
      </Placemark>
    </Folder><Folder><name>Автобус №272</name><Placemark>
        <name>Лінія маршруту</name>
        <styleUrl>#line-A52714-5456-nodesc</styleUrl>
        <LineString>
          <tessellate>1</tessellate>
          <coordinates>
            36.2309808,49.9915637,0
            36.2314743,49.9915637,0
            36.2318927,49.9915568,0
            36.2321395,49.9915154,0
            36.2323004,49.9914327,0
            36.2324292,49.9913016,0
            36.232515,49.9910878,0
            36.2326223,49.9899014,0
            36.2331051,49.9897427,0
            36.2360019,49.9892599,0
            36.2375147,49.9889977,0
            36.2394137,49.988639,0
            36.2399394,49.9885563,0
            36.2402827,49.9886321,0
            36.2402183,49.9889357,0
            36.240111,49.9895979,0
            36.2400467,49.9903152,0
            36.2399823,49.9906256,0
            36.2399286,49.9907981,0
            36.239993,49.9909222,0
            36.2413448,49.991681,0
            36.2440485,49.9931294,0
            36.2448317,49.9935709,0
            36.2459797,49.9940537,0
            36.2468166,49.994364,0
            36.2483722,49.9947641,0
            36.2491554,49.9950331,0
            36.2499065,49.9953503,0
            36.2503571,49.9955641,0
            36.2514836,49.9962676,0
            36.2519664,49.9965435,0
            36.2527496,49.9969642,0
            36.2536079,49.997447,0
            36.2541014,49.9978125,0
            36.2545628,49.9981573,0
            36.255185,49.9986608,0
            36.2559468,49.999247,0
            36.2565476,49.9996746,0
            36.2570089,49.9998953,0
            36.2578565,50.0001021,0
            36.2591869,50.0003504,0
            36.2598843,50.0005021,0
            36.2617833,50.000709,0
            36.263457,50.0008125,0
            36.2656242,50.0009573,0
            36.2662465,50.0009987,0
            36.2672228,50.0011159,0
            36.2682099,50.0013986,0
            36.2697548,50.0019365,0
            36.2711496,50.0024193,0
            36.2740356,50.0035088,0
            36.2750441,50.0039433,0
            36.2756449,50.0043432,0
            36.2764174,50.0047914,0
            36.277898,50.0057154,0
            36.2792927,50.006605,0
            36.2817389,50.008115,0
            36.2841851,50.0097078,0
            36.2855584,50.0105903,0
            36.2866742,50.0114039,0
            36.2884552,50.0127898,0
            36.2890882,50.0132517,0
            36.2898177,50.0139756,0
            36.2907833,50.0149408,0
            36.2914914,50.0157957,0
            36.291824,50.0166023,0
            36.2928325,50.0187463,0
            36.2931759,50.0191461,0
            36.2937552,50.0196769,0
            36.2949676,50.0209729,0
            36.2966198,50.0227927,0
            36.2981862,50.0245021,0
            36.2997312,50.0261977,0
            36.3014371,50.0280863,0
            36.3020915,50.02881,0
            36.3024885,50.0291339,0
            36.3026709,50.0292924,0
            36.3030786,50.0293062,0
            36.3036043,50.0292373,0
            36.3046986,50.0291201,0
            36.3052565,50.0289892,0
            36.3059324,50.0289133,0
            36.3074881,50.0289616,0
            36.3091404,50.0290512,0
            36.3113076,50.0290857,0
            36.3140971,50.0290788,0
            36.3157279,50.0290236,0
            36.317423,50.0288927,0
            36.3187427,50.0287617,0
            36.3211888,50.0284378,0
            36.3229806,50.0281276,0
            36.3239354,50.0278933,0
            36.3244183,50.0277555,0
            36.3234955,50.0267215,0
            36.3211674,50.0246814,0
            36.3191933,50.0233303,0
            36.3181419,50.022517,0
            36.3179863,50.0222757,0
            36.318217,50.0219793,0
            36.3200544,50.0206734,0
            36.3214612,50.0198446,0
            36.3229967,50.0191261,0
            36.3267059,50.0177199,0
            36.3307921,50.0164237,0
            36.3363542,50.0146861,0
            36.3398435,50.0136793,0
            36.3436551,50.0124657,0
            36.3465089,50.0115832,0
            36.3498885,50.0104248,0
            36.3523561,50.0125347,0
            36.3552851,50.0148581,0
            36.3583321,50.0174778,0
            36.3600916,50.0188152,0
            36.3606387,50.0192633,0
            36.3609714,50.019153,0
            36.3634068,50.0179742,0
            36.3650805,50.0171331,0
            36.3664216,50.0163472,0
            36.3678164,50.015451,0
            36.3678915,50.0155268,0
            36.366486,50.0164506,0
          </coordinates>
        </LineString>
      </Placemark>
      <Placemark>
        <name>Станція метро Площа Конституції.</name>
        <description>Автобус-272.</description>
        <styleUrl>#icon-1499-A52714</styleUrl>
        <Point>
          <coordinates>
            36.2309244,49.9914241,0
          </coordinates>
        </Point>
      </Placemark>
      <Placemark>
        <name>Остановка пров. Короленка</name>
        <description>Автобус – 272.</description>
        <styleUrl>#icon-1532-A52714</styleUrl>
        <Point>
          <coordinates>
            36.2365801,49.9890296,0
          </coordinates>
        </Point>
      </Placemark>
      <Placemark>
        <name>Харківська набережна</name>
        <description>Автобус – 272.</description>
        <styleUrl>#icon-1576-A52714</styleUrl>
        <Point>
          <coordinates>
            36.240215,49.9892291,0
          </coordinates>
        </Point>
      </Placemark>
      <Placemark>
        <name>вул. Героїв Рятувальників</name>
        <description>Автобус – 272.</description>
        <styleUrl>#icon-1532-A52714</styleUrl>
        <Point>
          <coordinates>
            36.2478933,49.9945636,0
          </coordinates>
        </Point>
      </Placemark>
      <Placemark>
        <name>вул. Шевченка</name>
        <description>Автобус – 272.</description>
        <styleUrl>#icon-1532-A52714</styleUrl>
        <Point>
          <coordinates>
            36.2534143,49.9972278,0
          </coordinates>
        </Point>
      </Placemark>
      <Placemark>
        <name>Зупинка 23 лікарня</name>
        <description>Автобус – 272.</description>
        <styleUrl>#icon-1624-A52714</styleUrl>
        <Point>
          <coordinates>
            36.2648073,50.0007227,0
          </coordinates>
        </Point>
      </Placemark>
      <Placemark>
        <name>Станція метро Київська</name>
        <description>Автобус-47, 241, 272.</description>
        <styleUrl>#icon-1626-A52714</styleUrl>
        <Point>
          <coordinates>
            36.2705051,50.0022439,0
          </coordinates>
        </Point>
      </Placemark>
      <Placemark>
        <name>вул. Кольцовська</name>
        <description>Автобус-47, 241, 272.</description>
        <styleUrl>#icon-1532-A52714</styleUrl>
        <Point>
          <coordinates>
            36.2746893,50.0037748,0
          </coordinates>
        </Point>
      </Placemark>
      <Placemark>
        <name>Зупинка Житлово-комунальний технікум</name>
        <description>Автобус-47, 241, 272.</description>
        <styleUrl>#icon-1726-A52714</styleUrl>
        <Point>
          <coordinates>
            36.2809442,50.0075812,0
          </coordinates>
        </Point>
      </Placemark>
      <Placemark>
        <name>вул. Луганська</name>
        <description>Автобус-47, 241, 272.</description>
        <styleUrl>#icon-1532-A52714</styleUrl>
        <Point>
          <coordinates>
            36.2865342,50.0112374,0
          </coordinates>
        </Point>
      </Placemark>
      <Placemark>
        <name>вул. Тахіатаська</name>
        <description>Автобус-241е.</description>
        <styleUrl>#icon-1532-A52714</styleUrl>
        <Point>
          <coordinates>
            36.2895615,50.0135946,0
          </coordinates>
        </Point>
      </Placemark>
      <Placemark>
        <name>Журавлівський гідропарк</name>
        <description>Автобус-47, 241, 272.</description>
        <styleUrl>#icon-1720-A52714</styleUrl>
        <Point>
          <coordinates>
            36.293445,50.0193152,0
          </coordinates>
        </Point>
      </Placemark>
      <Placemark>
        <name>вул. Ковпака</name>
        <description>Автобус-47, 241, 272.</description>
        <styleUrl>#icon-1532-A52714</styleUrl>
        <Point>
          <coordinates>
            36.297108,50.0233978,0
          </coordinates>
        </Point>
      </Placemark>
      <Placemark>
        <name>вул. Архітектора Гінзбурга</name>
        <description>Автобус-47, 63, 208, 272.</description>
        <styleUrl>#icon-1532-A52714</styleUrl>
        <Point>
          <coordinates>
            36.3032933,50.0291592,0
          </coordinates>
        </Point>
      </Placemark>
      <Placemark>
        <name>Сосновий бір</name>
        <description>Автобус-47, 63, 208, 272.</description>
        <styleUrl>#icon-1720-A52714</styleUrl>
        <Point>
          <coordinates>
            36.3161947,50.0288629,0
          </coordinates>
        </Point>
      </Placemark>
      <Placemark>
        <name>вул. Барабашова</name>
        <description>Автобус-272.</description>
        <styleUrl>#icon-1532-A52714</styleUrl>
        <Point>
          <coordinates>
            36.3222743,50.0257766,0
          </coordinates>
        </Point>
      </Placemark>
      <Placemark>
        <name>Педагогічний університет</name>
        <description>Автобус-272.</description>
        <styleUrl>#icon-1726-A52714</styleUrl>
        <Point>
          <coordinates>
            36.3184735,50.0217358,0
          </coordinates>
        </Point>
      </Placemark>
      <Placemark>
        <name>Фармацевтичний університет</name>
        <description>Автобус-272. Троллейбус - 34.</description>
        <styleUrl>#icon-1726-A52714</styleUrl>
        <Point>
          <coordinates>
            36.3218169,50.0196001,0
          </coordinates>
        </Point>
      </Placemark>
      <Placemark>
        <name>Станція метро Студентська</name>
        <description>Автобус-272. Троллейбус - 34.</description>
        <styleUrl>#icon-1626-A52714</styleUrl>
        <Point>
          <coordinates>
            36.3308057,50.0163377,0
          </coordinates>
        </Point>
      </Placemark>
      <Placemark>
        <name>Остановка 531 м/р</name>
        <description>Автобус-272. Троллейбус - 34.</description>
        <styleUrl>#icon-1546-A52714</styleUrl>
        <Point>
          <coordinates>
            36.3357841,50.0146831,0
          </coordinates>
        </Point>
      </Placemark>
      <Placemark>
        <name>вул. Гвардійців Широнінців</name>
        <description>Автобус-272. Троллейбус - 34.</description>
        <styleUrl>#icon-1532-A52714</styleUrl>
        <Point>
          <coordinates>
            36.3418188,50.0129113,0
          </coordinates>
        </Point>
      </Placemark>
      <Placemark>
        <name>вул. Валентинівська</name>
        <description>Автобус-204, 272.</description>
        <styleUrl>#icon-1532-A52714</styleUrl>
        <Point>
          <coordinates>
            36.3503912,50.0108085,0
          </coordinates>
        </Point>
      </Placemark>
      <Placemark>
        <name>Остановка 606 м/р</name>
        <description>Автобус-204, 272.</description>
        <styleUrl>#icon-1546-A52714</styleUrl>
        <Point>
          <coordinates>
            36.3565117,50.015938,0
          </coordinates>
        </Point>
      </Placemark>
      <Placemark>
        <name>Регіональний центр послуг</name>
        <description>Автобус-204, 272.</description>
        <styleUrl>#icon-1548-A52714</styleUrl>
        <Point>
          <coordinates>
            36.3594407,50.0181923,0
          </coordinates>
        </Point>
      </Placemark>
      <Placemark>
        <name>Володимирська церква</name>
        <description>Автобус-47е, 212е, 266е.</description>
        <styleUrl>#icon-1670-A52714</styleUrl>
        <Point>
          <coordinates>
            36.3611736,50.0189643,0
          </coordinates>
        </Point>
      </Placemark>
    <Placemark>
        <name>Лінія маршруту</name>
        <styleUrl>#line-000000-5263-nodesc</styleUrl>
        <LineString>
          <tessellate>1</tessellate>
          <coordinates>
            36.3664003,50.016497,0
            36.3660355,50.0167107,0
            36.3649733,50.0173242,0
            36.3638254,50.0179378,0
            36.3625808,50.0185237,0
            36.361465,50.0191166,0
            36.3605746,50.0194819,0
            36.3594158,50.0185927,0
            36.3572807,50.0168968,0
            36.3531394,50.0134497,0
            36.3497598,50.0106436,0
            36.3435694,50.0126775,0
            36.338559,50.0142012,0
            36.3355442,50.0150974,0
            36.3319607,50.0162695,0
            36.3293107,50.0171174,0
            36.3267358,50.0179171,0
            36.3254161,50.0184204,0
            36.3242145,50.0188201,0
            36.322927,50.0193717,0
            36.3215323,50.0201162,0
            36.3198264,50.0210399,0
            36.3188823,50.0216878,0
            36.31826,50.0221979,0
            36.3182546,50.0224392,0
            36.3189574,50.0229424,0
            36.3215643,50.0247726,0
            36.3233348,50.026244,0
            36.324236,50.0271539,0
            36.3245471,50.027595,0
            36.3247188,50.0278638,0
            36.3235386,50.0281257,0
            36.3219936,50.0284083,0
            36.3207169,50.0286151,0
            36.3189788,50.0288494,0
            36.3154383,50.0291733,0
            36.311812,50.0292216,0
            36.3095696,50.0291596,0
            36.3083358,50.0291182,0
            36.3070591,50.0291044,0
            36.3055785,50.0291182,0
            36.3044305,50.0292629,0
            36.3036151,50.0293456,0
            36.3027997,50.0294077,0
            36.3023599,50.0293525,0
            36.3018878,50.0289873,0
            36.3017698,50.0287736,0
            36.3003965,50.0271194,0
            36.2992378,50.0258167,0
            36.2971564,50.023611,0
            36.2949355,50.0212329,0
            36.2935515,50.0197784,0
            36.292661,50.0188546,0
            36.2923928,50.0183997,0
            36.2919958,50.0175035,0
            36.291513,50.0163315,0
            36.2912448,50.0158282,0
            36.2909229,50.0153663,0
            36.2903006,50.0147665,0
            36.2894745,50.0139323,0
            36.2889488,50.0134014,0
            36.2880154,50.012712,0
            36.2866314,50.011602,0
            36.2849899,50.0104367,0
            36.2834127,50.0094301,0
            36.2810739,50.0079132,0
            36.2786169,50.0064376,0
            36.2759777,50.0047413,0
            36.2746258,50.0039207,0
            36.2734671,50.0034931,0
            36.2709136,50.0024656,0
            36.269712,50.0021001,0
            36.2677808,50.0014105,0
            36.266944,50.0012036,0
            36.2654312,50.0010519,0
            36.2636073,50.0009899,0
            36.2615474,50.0008037,0
            36.2600561,50.0006657,0
            36.2587901,50.0004519,0
            36.2570842,50.0000795,0
            36.2565585,49.9998658,0
            36.2558182,49.9993761,0
            36.2543483,49.9982313,0
            36.2536295,49.9976658,0
            36.2525995,49.9970657,0
            36.2506898,49.9959829,0
            36.2497135,49.9954243,0
            36.2486728,49.9950174,0
            36.2472029,49.9945966,0
            36.2458082,49.9941414,0
            36.2445207,49.9935689,0
            36.2434586,49.9929827,0
            36.2419458,49.9921619,0
            36.2401326,49.9911893,0
            36.2397678,49.9909203,0
            36.2396713,49.9906444,0
            36.2398644,49.9899408,0
            36.240079,49.9886785,0
            36.2382551,49.9885682,0
            36.232719,49.988444,0
            36.2323006,49.988306,0
            36.2307342,49.9878163,0
            36.230305,49.9877128,0
            36.2301977,49.9880508,0
            36.2300797,49.9905685,0
            36.2300904,49.9914652,0
            36.2303157,49.9915066,0
            36.2309808,49.9915637,0
          </coordinates>
        </LineString>
      </Placemark>
      <Placemark>
        <name>вул. Світла</name>
        <description>Автобус-47, 222, 272.</description>
        <styleUrl>#icon-1499-000000</styleUrl>
        <Point>
          <coordinates>
            36.366581,50.0161792,0
          </coordinates>
        </Point>
      </Placemark>
      <Placemark>
        <name>Регіональний центр послуг</name>
        <description>Автобус-204, 272.</description>
        <styleUrl>#icon-1548-000000</styleUrl>
        <Point>
          <coordinates>
            36.3598233,50.0189814,0
          </coordinates>
        </Point>
      </Placemark>
      <Placemark>
        <name>Остановка 606 м/р</name>
        <description>Автобус-204, 272.</description>
        <styleUrl>#icon-1546-000000</styleUrl>
        <Point>
          <coordinates>
            36.3561881,50.0159779,0
          </coordinates>
        </Point>
      </Placemark>
      <Placemark>
        <name>вул. Валентинівська</name>
        <description>Автобус-204, 272.</description>
        <styleUrl>#icon-1532-000000</styleUrl>
        <Point>
          <coordinates>
            36.3504052,50.0111838,0
          </coordinates>
        </Point>
      </Placemark>
      <Placemark>
        <name>Тракторобудівників</name>
        <description>Автобус-272. Троллейбус - 34, 56.</description>
        <styleUrl>#icon-1883-000000</styleUrl>
        <Point>
          <coordinates>
            36.3490148,50.0110186,0
          </coordinates>
        </Point>
      </Placemark>
      <Placemark>
        <name>вул. Гвардійців Широнінців</name>
        <description>Автобус-272. Троллейбус - 34.</description>
        <styleUrl>#icon-1532-000000</styleUrl>
        <Point>
          <coordinates>
            36.3403698,50.0136512,0
          </coordinates>
        </Point>
      </Placemark>
      <Placemark>
        <name>Остановка 531 м/р</name>
        <description>Автобус-272. Троллейбус - 34.</description>
        <styleUrl>#icon-1546-000000</styleUrl>
        <Point>
          <coordinates>
            36.3348123,50.0153335,0
          </coordinates>
        </Point>
      </Placemark>
      <Placemark>
        <name>Станція метро Студентська</name>
        <description>Автобус-272. Троллейбус - 34.</description>
        <styleUrl>#icon-1626-000000</styleUrl>
        <Point>
          <coordinates>
            36.3285283,50.0172455,0
          </coordinates>
        </Point>
      </Placemark>
      <Placemark>
        <name>Педагогічний університет</name>
        <description>Автобус-272.</description>
        <styleUrl>#icon-1726-000000</styleUrl>
        <Point>
          <coordinates>
            36.3186792,50.0228017,0
          </coordinates>
        </Point>
      </Placemark>
      <Placemark>
        <name>Фармацевтичний університет</name>
        <description>Автобус-272. Троллейбус - 34.</description>
        <styleUrl>#icon-1726-000000</styleUrl>
        <Point>
          <coordinates>
            36.3212366,50.0201791,0
          </coordinates>
        </Point>
      </Placemark>
      <Placemark>
        <name>вул. Барабашова</name>
        <description>Автобус-272.</description>
        <styleUrl>#icon-1532-000000</styleUrl>
        <Point>
          <coordinates>
            36.3235069,50.0282364,0
          </coordinates>
        </Point>
      </Placemark>
      <Placemark>
        <name>Сосновий бір</name>
        <description>Автобус-47, 63, 208, 272.</description>
        <styleUrl>#icon-1720-000000</styleUrl>
        <Point>
          <coordinates>
            36.3163042,50.0291629,0
          </coordinates>
        </Point>
      </Placemark>
      <Placemark>
        <name>вул. Архітектора Гінзбурга</name>
        <description>Автобус-47, 63, 208, 272.</description>
        <styleUrl>#icon-1532-000000</styleUrl>
        <Point>
          <coordinates>
            36.3042664,50.0292525,0
          </coordinates>
        </Point>
      </Placemark>
      <Placemark>
        <name>вул. Саперна</name>
        <description>Автобус-47, 63, 208, 272.</description>
        <styleUrl>#icon-1532-000000</styleUrl>
        <Point>
          <coordinates>
            36.302007,50.0290811,0
          </coordinates>
        </Point>
      </Placemark>
      <Placemark>
        <name>вул. Борткевича</name>
        <description>Автобус-47, 241, 272.</description>
        <styleUrl>#icon-1532-000000</styleUrl>
        <Point>
          <coordinates>
            36.2972914,50.0239746,0
          </coordinates>
        </Point>
      </Placemark>
      <Placemark>
        <name>Журавлівський гідропарк</name>
        <description>Автобус-47, 241, 272.</description>
        <styleUrl>#icon-1720-000000</styleUrl>
        <Point>
          <coordinates>
            36.2930713,50.0192049,0
          </coordinates>
        </Point>
      </Placemark>
      <Placemark>
        <name>вул. Тахіатаська</name>
        <description>Автобус-47, 241, 272.</description>
        <styleUrl>#icon-1532-000000</styleUrl>
        <Point>
          <coordinates>
            36.2890605,50.0138954,0
          </coordinates>
        </Point>
      </Placemark>
      <Placemark>
        <name>вул. Луганська</name>
        <description>Автобус-47, 241, 272.</description>
        <styleUrl>#icon-1532-000000</styleUrl>
        <Point>
          <coordinates>
            36.285901,50.0110826,0
          </coordinates>
        </Point>
      </Placemark>
      <Placemark>
        <name>Зупинка Житлово-комунальний технікум</name>
        <description>Автобус-47, 241, 272.</description>
        <styleUrl>#icon-1726-000000</styleUrl>
        <Point>
          <coordinates>
            36.2801184,50.0074041,0
          </coordinates>
        </Point>
      </Placemark>
      <Placemark>
        <name>вул. Кольцовська</name>
        <description>Автобус-47, 241, 272.</description>
        <styleUrl>#icon-1532-000000</styleUrl>
        <Point>
          <coordinates>
            36.2738539,50.0036495,0
          </coordinates>
        </Point>
      </Placemark>
      <Placemark>
        <name>Станція метро Київська</name>
        <description>Автобус-47, 241, 272.</description>
        <styleUrl>#icon-1626-000000</styleUrl>
        <Point>
          <coordinates>
            36.2697647,50.0024594,0
          </coordinates>
        </Point>
      </Placemark>
      <Placemark>
        <name>Зупинка 23 лікарня</name>
        <description>Автобус – 272.</description>
        <styleUrl>#icon-1624-000000</styleUrl>
        <Point>
          <coordinates>
            36.2634672,50.001014,0
          </coordinates>
        </Point>
      </Placemark>
      <Placemark>
        <name>вул. Шевченка</name>
        <description>Автобус – 272.</description>
        <styleUrl>#icon-1532-000000</styleUrl>
        <Point>
          <coordinates>
            36.2522341,49.9967864,0
          </coordinates>
        </Point>
      </Placemark>
      <Placemark>
        <name>вул. Героїв Рятувальників</name>
        <description>Автобус – 272.</description>
        <styleUrl>#icon-1532-000000</styleUrl>
        <Point>
          <coordinates>
            36.2490341,49.9953265,0
          </coordinates>
        </Point>
      </Placemark>
      <Placemark>
        <name>Харківська набережна</name>
        <description>Автобус – 272.</description>
        <styleUrl>#icon-1576-000000</styleUrl>
        <Point>
          <coordinates>
            36.2386186,49.9885743,0
          </coordinates>
        </Point>
      </Placemark>
      <Placemark>
        <name>Харківська набережна</name>
        <description>Автобус – 272.</description>
        <styleUrl>#icon-1576-000000</styleUrl>
        <Point>
          <coordinates>
            36.2398073,49.9904018,0
          </coordinates>
        </Point>
      </Placemark>
    </Folder><Folder><name>Автобус №273</name><Placemark>
        <name>Лінія маршруту</name>
        <styleUrl>#line-A52714-5069-nodesc</styleUrl>
        <LineString>
          <tessellate>1</tessellate>
          <coordinates>
            36.182999,49.982758,0
            36.1836106,49.9829443,0
            36.1836857,49.9830616,0
            36.1836642,49.9831858,0
            36.1772269,49.9810954,0
            36.1773449,49.9809091,0
            36.1774308,49.9807849,0
            36.1777097,49.9798742,0
            36.1777848,49.9794465,0
            36.178171,49.9791705,0
            36.1813575,49.9771283,0
            36.1841577,49.9754102,0
            36.188578,49.9726364,0
            36.1904341,49.9714564,0
            36.1840183,49.9671917,0
            36.1812073,49.9653629,0
            36.1792225,49.9640862,0
            36.1773557,49.9628577,0
            36.1758858,49.9618776,0
            36.1742336,49.9607595,0
            36.1708647,49.9586751,0
            36.1688691,49.9574464,0
            36.1685902,49.957267,0
            36.1684829,49.9571151,0
            36.1684293,49.956915,0
            36.1681932,49.9558658,0
            36.1676246,49.9538087,0
            36.1673886,49.9529872,0
            36.1671525,49.9527456,0
            36.1652106,49.9507989,0
            36.1646205,49.9501776,0
            36.1646313,49.9499981,0
            36.166423,49.9498117,0
            36.1675066,49.9459801,0
            36.1648887,49.94404,0
            36.1652213,49.9440262,0
            36.166541,49.9439433,0
            36.1669916,49.943826,0
            36.167571,49.9435567,0
            36.1677319,49.9434876,0
            36.168161,49.94346,0
            36.1711544,49.9435291,0
            36.1749202,49.9436119,0
            36.1814326,49.943826,0
            36.1815077,49.9438812,0
            36.1815292,49.9440952,0
            36.1814219,49.9440883,0
            36.1814112,49.9439295,0
          </coordinates>
        </LineString>
      </Placemark>
      <Placemark>
        <name>Станція метро Холодна гора</name>
        <description>Маршрутка - 220е, 237е.</description>
        <styleUrl>#icon-1499-A52714</styleUrl>
        <Point>
          <coordinates>
            36.1832178,49.982658,0
          </coordinates>
        </Point>
      </Placemark>
      <Placemark>
        <name>вул. Полтавський шлях</name>
        <description>Автобус-22, 57. Маршрутка - 75е, 209е, 220е, 237е. Троллейбус-27.</description>
        <styleUrl>#icon-1532-A52714</styleUrl>
        <Point>
          <coordinates>
            36.1775274,49.9805115,0
          </coordinates>
        </Point>
      </Placemark>
      <Placemark>
        <name>Остановка ш. Григорівське</name>
        <description>Автобус-22, 57. Маршрутка - 75е, 209е, 220е, 237е. Троллейбус-27.</description>
        <styleUrl>#icon-1532-A52714</styleUrl>
        <Point>
          <coordinates>
            36.1809606,49.9773413,0
          </coordinates>
        </Point>
      </Placemark>
      <Placemark>
        <name>вул. Цехівська</name>
        <description>Автобус-22, 57. Маршрутка - 75е, 209е, 220е, 237е. Троллейбус-27.</description>
        <styleUrl>#icon-1532-A52714</styleUrl>
        <Point>
          <coordinates>
            36.1864431,49.9739074,0
          </coordinates>
        </Point>
      </Placemark>
      <Placemark>
        <name>Остановка пр. Любові Малої</name>
        <description>Автобус-22, 57. Маршрутка - 75е, 209е, 220е, 237е. Троллейбус-11, 27.</description>
        <styleUrl>#icon-1532-A52714</styleUrl>
        <Point>
          <coordinates>
            36.1896945,49.9711114,0
          </coordinates>
        </Point>
      </Placemark>
      <Placemark>
        <name>вул. Грушевського</name>
        <description>Автобус-22, 57. Маршрутка - 75е, 209е, 220е, 237е. Троллейбус-11, 27.</description>
        <styleUrl>#icon-1532-A52714</styleUrl>
        <Point>
          <coordinates>
            36.1833251,49.966825,0
          </coordinates>
        </Point>
      </Placemark>
      <Placemark>
        <name>Зупинка На вимогу</name>
        <description>Автобус-22, 57. Маршрутка - 75е, 209е, 220е, 237е. Троллейбус-11, 27.</description>
        <styleUrl>#icon-1769-A52714</styleUrl>
        <Point>
          <coordinates>
            36.1777188,49.9631604,0
          </coordinates>
        </Point>
      </Placemark>
      <Placemark>
        <name>Остановка Григорівка</name>
        <description>Автобус-22, 57. Маршрутка - 75е, 209е, 220е, 237е. Троллейбус-11, 27.</description>
        <styleUrl>#icon-1532-A52714</styleUrl>
        <Point>
          <coordinates>
            36.1713785,49.9590747,0
          </coordinates>
        </Point>
      </Placemark>
      <Placemark>
        <name>вул. Станційна</name>
        <description>Автобус-22, 57. Маршрутка - 75е, 209е, 220е, 237е. Троллейбус-11, 27.</description>
        <styleUrl>#icon-1662-A52714</styleUrl>
        <Point>
          <coordinates>
            36.1680761,49.955595,0
          </coordinates>
        </Point>
      </Placemark>
      <Placemark>
        <name>вул. Китаєнка</name>
        <description>Автобус-22, 57. Маршрутка - 75е, 209е, 220е, 237е. Троллейбус-11, 27.</description>
        <styleUrl>#icon-1532-A52714</styleUrl>
        <Point>
          <coordinates>
            36.164895,49.9505109,0
          </coordinates>
        </Point>
      </Placemark>
      <Placemark>
        <name>вул. Лисенка</name>
        <description>Маршрутка-237е.</description>
        <styleUrl>#icon-1532-A52714</styleUrl>
        <Point>
          <coordinates>
            36.1746557,49.9436484,0
          </coordinates>
        </Point>
      </Placemark>
      <Placemark>
        <name>Зупинка На вимогу</name>
        <description>Маршрутка-237е.</description>
        <styleUrl>#icon-1769-A52714</styleUrl>
        <Point>
          <coordinates>
            36.1654182,49.9440213,0
          </coordinates>
        </Point>
      </Placemark>
      <Placemark>
        <name>вул. Щегрівська</name>
        <description>Маршрутка-237е.</description>
        <styleUrl>#icon-1532-A52714</styleUrl>
        <Point>
          <coordinates>
            36.177413,49.9437106,0
          </coordinates>
        </Point>
      </Placemark>
    <Placemark>
        <name>Лінія маршруту</name>
        <styleUrl>#line-000000-4875-nodesc</styleUrl>
        <LineString>
          <tessellate>1</tessellate>
          <coordinates>
            36.1814112,49.9439295,0
            36.1813986,49.9438835,0
            36.1811304,49.9438594,0
            36.1773967,49.9437661,0
            36.1743927,49.9436764,0
            36.1698758,49.9435659,0
            36.1683684,49.9435072,0
            36.1677837,49.9435417,0
            36.1676925,49.9435659,0
            36.1672365,49.9438007,0
            36.1669361,49.9439388,0
            36.1660242,49.9440665,0
            36.1650854,49.9441079,0
            36.1653268,49.944284,0
            36.1670917,49.9456027,0
            36.1676228,49.94601,0
            36.1675316,49.9461447,0
            36.1671614,49.9474219,0
            36.1667216,49.9490063,0
            36.1664533,49.94989,0
            36.1655038,49.9500177,0
            36.1647045,49.9501316,0
            36.1654234,49.9508461,0
            36.166684,49.9520991,0
            36.1675423,49.9529861,0
            36.1675852,49.9531483,0
            36.1679876,49.9546532,0
            36.1684489,49.9564479,0
            36.1686957,49.9571623,0
            36.1688512,49.9573073,0
            36.1693126,49.9575903,0
            36.1703211,49.9582287,0
            36.1710292,49.9586636,0
            36.1720216,49.9592917,0
            36.1726331,49.9596368,0
            36.1743927,49.9607515,0
            36.1764043,49.9620939,0
            36.1791992,49.9639539,0
            36.1811787,49.9652238,0
            36.1835283,49.9667834,0
            36.1861622,49.9685156,0
            36.189059,49.9704202,0
            36.1906683,49.9714863,0
            36.1902821,49.9717003,0
            36.18694,49.9737703,0
            36.1840647,49.9755885,0
            36.1817741,49.9769719,0
            36.1804008,49.9778723,0
            36.1786467,49.9789417,0
            36.1778956,49.979504,0
            36.1778688,49.9796661,0
            36.1778366,49.97988,0
            36.1776972,49.9804802,0
            36.1776221,49.9807493,0
            36.1774236,49.9810529,0
            36.177547,49.981115,0
            36.1785984,49.9814496,0
            36.1810982,49.9822671,0
            36.1811894,49.982236,0
            36.1813932,49.9822774,0
            36.182999,49.982758,0
          </coordinates>
        </LineString>
      </Placemark>
      <Placemark>
        <name>Станція Липовий гай</name>
        <description>Маршрутка-237е.</description>
        <styleUrl>#icon-1499-000000</styleUrl>
        <Point>
          <coordinates>
            36.1816831,49.9439659,0
          </coordinates>
        </Point>
      </Placemark>
      <Placemark>
        <name>вул. Щегрівська</name>
        <description>Маршрутка-237е.</description>
        <styleUrl>#icon-1532-000000</styleUrl>
        <Point>
          <coordinates>
            36.1770828,49.9437821,0
          </coordinates>
        </Point>
      </Placemark>
      <Placemark>
        <name>вул. Лисенка</name>
        <description>Маршрутка-237е.</description>
        <styleUrl>#icon-1532-000000</styleUrl>
        <Point>
          <coordinates>
            36.1753237,49.9437103,0
          </coordinates>
        </Point>
      </Placemark>
      <Placemark>
        <name>Зупинка На вимогу</name>
        <description>Маршрутка-237е.</description>
        <styleUrl>#icon-1769-000000</styleUrl>
        <Point>
          <coordinates>
            36.1655737,49.944096,0
          </coordinates>
        </Point>
      </Placemark>
      <Placemark>
        <name>вул. Китаєнка</name>
        <description>Автобус-22, 57. Маршрутка - 75е, 209е, 220е, 237е. Троллейбус-11, 27.</description>
        <styleUrl>#icon-1532-000000</styleUrl>
        <Point>
          <coordinates>
            36.1651124,49.950164,0
          </coordinates>
        </Point>
      </Placemark>
      <Placemark>
        <name>вул. Станційна</name>
        <description>Автобус-22, 57. Маршрутка - 75е, 209е, 220е, 237е. Троллейбус-11, 27.</description>
        <styleUrl>#icon-1662-000000</styleUrl>
        <Point>
          <coordinates>
            36.1685272,49.9559413,0
          </coordinates>
        </Point>
      </Placemark>
      <Placemark>
        <name>Остановка Григорівка</name>
        <description>Автобус-22, 57. Маршрутка - 75е, 209е, 220е, 237е. Троллейбус-11, 27.</description>
        <styleUrl>#icon-1532-000000</styleUrl>
        <Point>
          <coordinates>
            36.1723167,49.9592853,0
          </coordinates>
        </Point>
      </Placemark>
      <Placemark>
        <name>Зупинка На вимогу</name>
        <description>Автобус-22, 57. Маршрутка - 75е, 209е, 220е, 237е. Троллейбус-11, 27.</description>
        <styleUrl>#icon-1769-000000</styleUrl>
        <Point>
          <coordinates>
            36.1773353,49.9626583,0
          </coordinates>
        </Point>
      </Placemark>
      <Placemark>
        <name>вул. Грушевського</name>
        <description>Автобус-22, 57. Маршрутка - 75е, 209е, 220е, 237е. Троллейбус-11, 27.</description>
        <styleUrl>#icon-1532-000000</styleUrl>
        <Point>
          <coordinates>
            36.1829718,49.9663813,0
          </coordinates>
        </Point>
      </Placemark>
      <Placemark>
        <name>Остановка пр. Любові Малої</name>
        <description>Автобус-22, 57. Маршрутка - 75е, 209е, 220е, 237е. Троллейбус-11, 27.</description>
        <styleUrl>#icon-1532-000000</styleUrl>
        <Point>
          <coordinates>
            36.1900204,49.9719368,0
          </coordinates>
        </Point>
      </Placemark>
      <Placemark>
        <name>вул. Цехівська</name>
        <description>Автобус-22, 57. Маршрутка - 75е, 209е, 220е, 237е. Троллейбус-27.</description>
        <styleUrl>#icon-1532-000000</styleUrl>
        <Point>
          <coordinates>
            36.1862886,49.9742689,0
          </coordinates>
        </Point>
      </Placemark>
      <Placemark>
        <name>Григорівське шосе</name>
        <description>Автобус-22, 57. Маршрутка - 75е, 209е, 220е, 237е. Троллейбус-27.</description>
        <styleUrl>#icon-1532-000000</styleUrl>
        <Point>
          <coordinates>
            36.1800202,49.9782574,0
          </coordinates>
        </Point>
      </Placemark>
    </Folder><Folder><name>Автобус №280</name><Placemark>
        <name>Лінія маршруту</name>
        <styleUrl>#line-A52714-5456-nodesc</styleUrl>
        <LineString>
          <tessellate>1</tessellate>
          <coordinates>
            36.3785288,49.9528689,0
            36.3780889,49.9528896,0
            36.3779602,49.9527239,0
            36.3775954,49.9528482,0
            36.3767264,49.951792,0
            36.375042,49.9496312,0
            36.3731108,49.9472356,0
            36.3704071,49.9438456,0
            36.3702462,49.9438249,0
            36.3701174,49.9437214,0
            36.3695273,49.9429204,0
            36.3686798,49.941795,0
            36.3681862,49.9411252,0
            36.3670812,49.9397097,0
            36.3666627,49.939109,0
            36.3662443,49.9384599,0
            36.3645492,49.9363192,0
            36.3651822,49.9361121,0
            36.3665018,49.9356632,0
            36.369463,49.9346895,0
            36.3726172,49.9336467,0
            36.3740442,49.9332117,0
            36.3765547,49.9323484,0
            36.3792584,49.9313954,0
            36.3797197,49.9321205,0
            36.3806209,49.931865,0
            36.3831851,49.9310362,0
            36.3838289,49.9307945,0
            36.3844297,49.9304907,0
            36.3855669,49.9299105,0
            36.3858888,49.9297862,0
            36.3868544,49.9294754,0
            36.3890753,49.9287364,0
            36.3893113,49.9282875,0
            36.3900301,49.9283635,0
            36.3905237,49.9282046,0
            36.3936779,49.9271617,0
            36.3985488,49.9254971,0
            36.4013705,49.9245439,0
            36.4014778,49.9246475,0
            36.4009429,49.924814,0
          </coordinates>
        </LineString>
      </Placemark>
      <Placemark>
        <name>Станція метро Тракторний завод</name>
        <description>Автобус-42е, 64е, 224е, 280е</description>
        <styleUrl>#icon-1499-A52714</styleUrl>
        <Point>
          <coordinates>
            36.3787536,49.95279,0
          </coordinates>
        </Point>
      </Placemark>
      <Placemark>
        <name>вул. Бібліка</name>
        <description>Автобус-64, 224, 280.</description>
        <styleUrl>#icon-1532-A52714</styleUrl>
        <Point>
          <coordinates>
            36.3741724,49.9486341,0
          </coordinates>
        </Point>
      </Placemark>
      <Placemark>
        <name>Остановка пр. Олександрівський</name>
        <description>Автобус-64, 224, 280.</description>
        <styleUrl>#icon-1532-A52714</styleUrl>
        <Point>
          <coordinates>
            36.3705288,49.9439447,0
          </coordinates>
        </Point>
      </Placemark>
      <Placemark>
        <name>Остановка пр. Олександрівський</name>
        <description>Автобус-64.</description>
        <styleUrl>#icon-1532-A52714</styleUrl>
        <Point>
          <coordinates>
            36.3685112,49.9416075,0
          </coordinates>
        </Point>
      </Placemark>
      <Placemark>
        <name>вул. Душкіна</name>
        <description>Автобус-64.</description>
        <styleUrl>#icon-1532-A52714</styleUrl>
        <Point>
          <coordinates>
            36.3669774,49.9394911,0
          </coordinates>
        </Point>
      </Placemark>
      <Placemark>
        <name>Архітектора Альошина</name>
        <description>Автобус-64.</description>
        <styleUrl>#icon-1532-A52714</styleUrl>
        <Point>
          <coordinates>
            36.3649544,49.9362702,0
          </coordinates>
        </Point>
      </Placemark>
      <Placemark>
        <name>вул. Пирогова</name>
        <description>Автобус-64.</description>
        <styleUrl>#icon-1532-A52714</styleUrl>
        <Point>
          <coordinates>
            36.3681408,49.935186,0
          </coordinates>
        </Point>
      </Placemark>
      <Placemark>
        <name>Індустріальний</name>
        <description>Автобус-64.</description>
        <styleUrl>#icon-1532-A52714</styleUrl>
        <Point>
          <coordinates>
            36.3718302,49.9338855,0
          </coordinates>
        </Point>
      </Placemark>
      <Placemark>
        <name>вул. Крушельницького</name>
        <description>Автобус-64.</description>
        <styleUrl>#icon-1532-A52714</styleUrl>
        <Point>
          <coordinates>
            36.3759822,49.9325596,0
          </coordinates>
        </Point>
      </Placemark>
      <Placemark>
        <name>вул. Дністровська</name>
        <description>Автобус-280.</description>
        <styleUrl>#icon-1532-A52714</styleUrl>
        <Point>
          <coordinates>
            36.3797428,49.9317293,0
          </coordinates>
        </Point>
      </Placemark>
      <Placemark>
        <name>Остановка пров. Тюленіна</name>
        <description>Автобус-280. Троллейбус-59.</description>
        <styleUrl>#icon-1532-A52714</styleUrl>
        <Point>
          <coordinates>
            36.3827959,49.9311604,0
          </coordinates>
        </Point>
      </Placemark>
      <Placemark>
        <name>Остановка бул. Івана Каркача</name>
        <description>Автобус-252, 280. Троллейбус-59. Маршрутка-252е.</description>
        <styleUrl>#icon-1532-A52714</styleUrl>
        <Point>
          <coordinates>
            36.3897406,49.9283004,0
          </coordinates>
        </Point>
      </Placemark>
      <Placemark>
        <name>вул. Пономоренківська</name>
        <description>Автобус-252, 280. Троллейбус-59. Маршрутка-252е.</description>
        <styleUrl>#icon-1532-A52714</styleUrl>
        <Point>
          <coordinates>
            36.3956372,49.9264749,0
          </coordinates>
        </Point>
      </Placemark>
    <Placemark>
        <name>Лінія маршруту</name>
        <styleUrl>#line-000000-5263-nodesc</styleUrl>
        <LineString>
          <tessellate>1</tessellate>
          <coordinates>
            36.4009429,49.924814,0
            36.3994409,49.925332,0
            36.3946236,49.9269482,0
            36.3901282,49.9284746,0
            36.3898922,49.9289305,0
            36.3891197,49.9288476,0
            36.3858045,49.9299457,0
            36.3840235,49.9308435,0
            36.3833476,49.9311198,0
            36.3796676,49.9322662,0
            36.3791848,49.9315618,0
            36.3752366,49.9329361,0
            36.370473,49.9345175,0
            36.3647975,49.9364096,0
            36.3655271,49.9373143,0
            36.3659347,49.9378322,0
            36.3661922,49.9381705,0
            36.367426,49.9398485,0
            36.3681663,49.9408221,0
            36.3699366,49.9431904,0
            36.3703443,49.9437358,0
            36.3705052,49.9437842,0
            36.3706769,49.9439222,0
            36.370988,49.9443227,0
            36.3721896,49.9458831,0
            36.3735629,49.9475124,0
            36.3741208,49.9482097,0
            36.3749684,49.9492867,0
            36.3757838,49.950336,0
            36.3769961,49.9518202,0
            36.3777042,49.9527177,0
            36.3779403,49.9526624,0
            36.3784338,49.9524415,0
            36.3792599,49.9521792,0
            36.3793565,49.9523311,0
            36.3793672,49.9525106,0
            36.3792599,49.9526417,0
            36.3790561,49.9526969,0
            36.3785947,49.9528488,0
          </coordinates>
        </LineString>
      </Placemark>
      <Placemark>
        <name>вул. Плиткова</name>
        <description>Автобус-252, 280. Маршрутка-252е.</description>
        <styleUrl>#icon-1499-000000</styleUrl>
        <Point>
          <coordinates>
            36.4006418,49.9247894,0
          </coordinates>
        </Point>
      </Placemark>
      <Placemark>
        <name>вул. Пономоренківська</name>
        <description>Автобус-252, 280. Троллейбус-59. Маршрутка-252е.</description>
        <styleUrl>#icon-1532-000000</styleUrl>
        <Point>
          <coordinates>
            36.3949076,49.926872,0
          </coordinates>
        </Point>
      </Placemark>
      <Placemark>
        <name>Остановка бул. Івана Каркача</name>
        <description>Автобус-252, 280. Троллейбус-59. Маршрутка-252е.</description>
        <styleUrl>#icon-1532-000000</styleUrl>
        <Point>
          <coordinates>
            36.3901322,49.9286423,0
          </coordinates>
        </Point>
      </Placemark>
      <Placemark>
        <name>Остановка пров. Тюленіна</name>
        <description>Автобус-280. Троллейбус-59.</description>
        <styleUrl>#icon-1532-000000</styleUrl>
        <Point>
          <coordinates>
            36.3826887,49.93134,0
          </coordinates>
        </Point>
      </Placemark>
      <Placemark>
        <name>вул. Дністровська</name>
        <description>Автобус-64, 280.</description>
        <styleUrl>#icon-1532-000000</styleUrl>
        <Point>
          <coordinates>
            36.378945,49.9317048,0
          </coordinates>
        </Point>
      </Placemark>
      <Placemark>
        <name>вул. Крушельницького</name>
        <description>Автобус-64.</description>
        <styleUrl>#icon-1532-000000</styleUrl>
        <Point>
          <coordinates>
            36.3759524,49.9327047,0
          </coordinates>
        </Point>
      </Placemark>
      <Placemark>
        <name>Індустріальний</name>
        <description>Автобус-64.</description>
        <styleUrl>#icon-1532-000000</styleUrl>
        <Point>
          <coordinates>
            36.3717987,49.9340603,0
          </coordinates>
        </Point>
      </Placemark>
      <Placemark>
        <name>вул. Пирогова</name>
        <description>Автобус-64.</description>
        <styleUrl>#icon-1532-000000</styleUrl>
        <Point>
          <coordinates>
            36.3680317,49.9353574,0
          </coordinates>
        </Point>
      </Placemark>
      <Placemark>
        <name>вул. Архітектора Альошина</name>
        <description>Автобус-64.</description>
        <styleUrl>#icon-1532-000000</styleUrl>
        <Point>
          <coordinates>
            36.3650547,49.9366113,0
          </coordinates>
        </Point>
      </Placemark>
      <Placemark>
        <name>вул. Душкіна</name>
        <description>Автобус-64.</description>
        <styleUrl>#icon-1532-000000</styleUrl>
        <Point>
          <coordinates>
            36.3674079,49.9396404,0
          </coordinates>
        </Point>
      </Placemark>
      <Placemark>
        <name>Остановка пр. Олександрівський</name>
        <description>Автобус-64.</description>
        <styleUrl>#icon-1532-000000</styleUrl>
        <Point>
          <coordinates>
            36.368541,49.9412537,0
          </coordinates>
        </Point>
      </Placemark>
      <Placemark>
        <name>Остановка пр. Олександрівський</name>
        <description>Автобус-64, 224, 280.</description>
        <styleUrl>#icon-1532-000000</styleUrl>
        <Point>
          <coordinates>
            36.370539,49.9436381,0
          </coordinates>
        </Point>
      </Placemark>
      <Placemark>
        <name>вул. Бібліка</name>
        <description>Автобус-64, 224, 280.</description>
        <styleUrl>#icon-1532-000000</styleUrl>
        <Point>
          <coordinates>
            36.3747022,49.9490195,0
          </coordinates>
        </Point>
      </Placemark>
      <Placemark>
        <name>Станція метро Тракторний завод</name>
        <description>Автобус-64.</description>
        <styleUrl>#icon-1626-000000</styleUrl>
        <Point>
          <coordinates>
            36.3787388,49.9524432,0
          </coordinates>
        </Point>
      </Placemark>
    </Folder><Folder><name>Автобус №29</name><Placemark>
        <name>Лінія маршруту</name>
        <styleUrl>#line-A52714-4875-nodesc</styleUrl>
        <LineString>
          <tessellate>1</tessellate>
          <coordinates>
            36.2130132,49.9548083,0
            36.211839,49.954872,0
            36.2118175,49.9551136,0
            36.2116351,49.9552792,0
            36.2093821,49.9557969,0
            36.2078156,49.9560316,0
            36.2080839,49.9565631,0
            36.2087061,49.9574121,0
            36.2091997,49.9579367,0
            36.2098648,49.9585717,0
            36.2105837,49.9592137,0
            36.2112167,49.9596209,0
            36.2116888,49.9598556,0
            36.2127724,49.9603939,0
            36.213577,49.9607597,0
            36.2144461,49.9611117,0
            36.2149718,49.9614292,0
            36.2157013,49.962009,0
            36.2164953,49.9626922,0
            36.2172999,49.9633824,0
            36.2201967,49.9658117,0
            36.2204649,49.9660878,0
            36.2205722,49.9664052,0
            36.2210121,49.9670332,0
            36.2218704,49.9683444,0
            36.2233617,49.9706148,0
            36.2234476,49.9709046,0
            36.223351,49.9740028,0
            36.2233188,49.9756174,0
            36.2232437,49.9762039,0
            36.2230828,49.9772458,0
            36.2227931,49.9779633,0
            36.2222352,49.9789085,0
            36.2221065,49.9790465,0
            36.2224069,49.9795157,0
            36.2236407,49.98182,0
            36.2243273,49.9832481,0
            36.2246063,49.9833377,0
            36.2253144,49.9836344,0
            36.2255289,49.9838138,0
            36.2258186,49.9841173,0
            36.225883,49.9843449,0
            36.227031,49.9843863,0
            36.2275996,49.9843243,0
            36.2280288,49.9842691,0
            36.2285008,49.9841449,0
            36.2289729,49.9839103,0
            36.2295308,49.9836413,0
            36.2305071,49.9830756,0
            36.2307324,49.9831653,0
            36.2306466,49.9835309,0
            36.2306144,49.9840207,0
            36.2303998,49.9864283,0
            36.2302926,49.9875389,0
            36.2302765,49.98767,0
            36.2302496,49.9880838,0
            36.2301423,49.9900153,0
            36.2300887,49.9914983,0
            36.2303837,49.9915293,0
            36.2309303,49.991545,0
          </coordinates>
        </LineString>
      </Placemark>
      <Placemark>
        <name>вул. Власенко</name>
        <description>Автобус – 29.</description>
        <styleUrl>#icon-1499-A52714</styleUrl>
        <Point>
          <coordinates>
            36.2133173,49.9547919,0
          </coordinates>
        </Point>
      </Placemark>
      <Placemark>
        <name>Остановка Новожанове</name>
        <description>Автобус-29.</description>
        <styleUrl>#icon-1532-A52714</styleUrl>
        <Point>
          <coordinates>
            36.2080254,49.9562597,0
          </coordinates>
        </Point>
      </Placemark>
      <Placemark>
        <name>Остановка Жовтневе депо</name>
        <description>Автобус-29.</description>
        <styleUrl>#icon-1532-A52714</styleUrl>
        <Point>
          <coordinates>
            36.2121494,49.9600305,0
          </coordinates>
        </Point>
      </Placemark>
      <Placemark>
        <name>вул. Миколи Бажана</name>
        <description>Автобус-29.</description>
        <styleUrl>#icon-1532-A52714</styleUrl>
        <Point>
          <coordinates>
            36.2169817,49.9631025,0
          </coordinates>
        </Point>
      </Placemark>
      <Placemark>
        <name>Парк Квітки Основ'яненко</name>
        <description>Автобус-29, 58. Маршрутка - 258е.</description>
        <styleUrl>#icon-1720-A52714</styleUrl>
        <Point>
          <coordinates>
            36.220688,49.9663649,0
          </coordinates>
        </Point>
      </Placemark>
      <Placemark>
        <name>вул. Валер'янівська</name>
        <description>Автобус-29, 58. Маршрутка - 258е.</description>
        <styleUrl>#icon-1532-A52714</styleUrl>
        <Point>
          <coordinates>
            36.223257,49.9702916,0
          </coordinates>
        </Point>
      </Placemark>
      <Placemark>
        <name>Косметологічна поліклініка</name>
        <description>Автобус-29, 58. Маршрутка - 258е.</description>
        <styleUrl>#icon-1624-A52714</styleUrl>
        <Point>
          <coordinates>
            36.2234618,49.9745926,0
          </coordinates>
        </Point>
      </Placemark>
      <Placemark>
        <name>вул. Москалевська</name>
        <description>Автобус-29.</description>
        <styleUrl>#icon-1532-A52714</styleUrl>
        <Point>
          <coordinates>
            36.2222524,49.9791377,0
          </coordinates>
        </Point>
      </Placemark>
      <Placemark>
        <name>вул. Мар'їнська</name>
        <description>Автобус-29.</description>
        <styleUrl>#icon-1532-A52714</styleUrl>
        <Point>
          <coordinates>
            36.2243875,49.9830831,0
          </coordinates>
        </Point>
      </Placemark>
      <Placemark>
        <name>Остановка пл. Рибна</name>
        <description>Автобус-29.</description>
        <styleUrl>#icon-1573-A52714</styleUrl>
        <Point>
          <coordinates>
            36.2305366,49.9854738,0
          </coordinates>
        </Point>
      </Placemark>
    <Placemark>
        <name>Лінія маршруту</name>
        <styleUrl>#line-000000-4875-nodesc</styleUrl>
        <LineString>
          <tessellate>1</tessellate>
          <coordinates>
            36.2309303,49.991545,0
            36.2318852,49.991545,0
            36.2323573,49.9914139,0
            36.2325182,49.9909863,0
            36.2325718,49.9900275,0
            36.2327542,49.9886686,0
            36.2325933,49.9884686,0
            36.2315419,49.9881375,0
            36.2303081,49.9877512,0
            36.2301042,49.9877443,0
            36.2301686,49.9868613,0
            36.230351,49.9843986,0
            36.2303939,49.9836052,0
            36.2304261,49.9832948,0
            36.2298038,49.9835638,0
            36.2289348,49.9840674,0
            36.2281408,49.9843434,0
            36.2276795,49.9844469,0
            36.2270465,49.9844676,0
            36.2257268,49.98444,0
            36.2257376,49.9842399,0
            36.2254908,49.9839088,0
            36.225126,49.9836052,0
            36.2244608,49.9833569,0
            36.2242463,49.9833155,0
            36.2238064,49.9824669,0
            36.222755,49.9803972,0
            36.2220468,49.9790933,0
            36.2219396,49.978907,0
            36.2220683,49.9788104,0
            36.2222722,49.9785068,0
            36.2227657,49.9776789,0
            36.2229266,49.9772028,0
            36.2230661,49.9765956,0
            36.2230983,49.9759401,0
            36.2231948,49.975264,0
            36.2231948,49.9741945,0
            36.2232163,49.9721658,0
            36.223227,49.9713999,0
            36.2232592,49.9708616,0
            36.2231841,49.9705856,0
            36.2228515,49.9700957,0
            36.221092,49.9673905,0
            36.2203517,49.9662518,0
            36.220298,49.966031,0
            36.2197723,49.9656238,0
            36.2171223,49.9633739,0
            36.2152019,49.9617106,0
            36.2145152,49.9612551,0
            36.2136891,49.9608962,0
            36.2128522,49.9605511,0
            36.2118437,49.960068,0
            36.2106528,49.9593846,0
            36.2100091,49.958867,0
            36.2095263,49.9584045,0
            36.2089362,49.9578247,0
            36.208389,49.9572311,0
            36.2078633,49.9564787,0
            36.207638,49.9560025,0
            36.207917,49.955961,0
            36.2093976,49.9557125,0
            36.2111893,49.9552915,0
            36.2116721,49.9551603,0
            36.2117472,49.9549532,0
            36.2117472,49.9547807,0
            36.2123373,49.9547393,0
            36.2145045,49.9546978,0
            36.2145259,49.95447,0
            36.2146547,49.9543251,0
            36.2149336,49.9543389,0
            36.2151375,49.9544493,0
            36.2152233,49.9546357,0
            36.215234,49.9547393,0
            36.2130132,49.9548083,0
          </coordinates>
        </LineString>
      </Placemark>
      <Placemark>
        <name>Станція метро Площа Конституції.</name>
        <description>Автобус-29.</description>
        <styleUrl>#icon-1499-000000</styleUrl>
        <Point>
          <coordinates>
            36.2308981,49.9914322,0
          </coordinates>
        </Point>
      </Placemark>
      <Placemark>
        <name>Остановка пл. Рибна</name>
        <description>Автобус-29.</description>
        <styleUrl>#icon-1573-000000</styleUrl>
        <Point>
          <coordinates>
            36.2302255,49.9851013,0
          </coordinates>
        </Point>
      </Placemark>
      <Placemark>
        <name>вул. Мар'їнська</name>
        <description>Автобус-29.</description>
        <styleUrl>#icon-1532-000000</styleUrl>
        <Point>
          <coordinates>
            36.2240227,49.9828386,0
          </coordinates>
        </Point>
      </Placemark>
      <Placemark>
        <name>вул. Москалевська</name>
        <description>Автобус-29.</description>
        <styleUrl>#icon-1532-000000</styleUrl>
        <Point>
          <coordinates>
            36.2218983,49.9794757,0
          </coordinates>
        </Point>
      </Placemark>
      <Placemark>
        <name>Косметологічна поліклініка</name>
        <description>Автобус-29, 58. Маршрутка - 258е.</description>
        <styleUrl>#icon-1624-000000</styleUrl>
        <Point>
          <coordinates>
            36.2231185,49.9743941,0
          </coordinates>
        </Point>
      </Placemark>
      <Placemark>
        <name>вул. Валер'янівська</name>
        <description>Автобус-29, 58. Маршрутка - 258е.</description>
        <styleUrl>#icon-1532-000000</styleUrl>
        <Point>
          <coordinates>
            36.2231014,49.9709904,0
          </coordinates>
        </Point>
      </Placemark>
      <Placemark>
        <name>Парк Квітки Основ'яненко</name>
        <description>Автобус-29, 58. Маршрутка - 258е.</description>
        <styleUrl>#icon-1720-000000</styleUrl>
        <Point>
          <coordinates>
            36.2204413,49.9665581,0
          </coordinates>
        </Point>
      </Placemark>
      <Placemark>
        <name>вул. Миколи Бажана</name>
        <description>Автобус-29.</description>
        <styleUrl>#icon-1532-000000</styleUrl>
        <Point>
          <coordinates>
            36.2169126,49.9632681,0
          </coordinates>
        </Point>
      </Placemark>
      <Placemark>
        <name>Остановка Жовтневе депо</name>
        <description>Автобус-29.</description>
        <styleUrl>#icon-1532-000000</styleUrl>
        <Point>
          <coordinates>
            36.2125545,49.9604152,0
          </coordinates>
        </Point>
      </Placemark>
      <Placemark>
        <name>Остановка Новожанове</name>
        <description>Автобус-29.</description>
        <styleUrl>#icon-1532-000000</styleUrl>
        <Point>
          <coordinates>
            36.2079718,49.9558594,0
          </coordinates>
        </Point>
      </Placemark>
      <Placemark>
        <name>вул. Власенко</name>
        <description>Автобус-29.</description>
        <styleUrl>#icon-1532-000000</styleUrl>
        <Point>
          <coordinates>
            36.2131349,49.9546883,0
          </coordinates>
        </Point>
      </Placemark>
    </Folder><Folder><name>Автобус №31</name><Placemark>
        <name>Лінія маршруту</name>
        <styleUrl>#line-A52714-4875-nodesc</styleUrl>
        <LineString>
          <tessellate>1</tessellate>
          <coordinates>
            36.2309266,50.0057577,0
            36.2319405,50.0050854,0
            36.2335927,50.0066852,0
            36.2337429,50.0066507,0
            36.2364197,50.0056784,0
            36.2366129,50.0059715,0
            36.2369562,50.0064921,0
            36.2375409,50.0073058,0
            36.2376589,50.0074471,0
            36.237895,50.0076919,0
            36.2381417,50.0079091,0
            36.2385441,50.0082263,0
            36.2393004,50.0088641,0
            36.2401158,50.0096122,0
            36.2411726,50.0105844,0
            36.2417305,50.0110773,0
            36.2430073,50.012215,0
            36.2435652,50.0127286,0
            36.2440104,50.0131009,0
            36.2454159,50.0143488,0
            36.2475348,50.0162275,0
            36.2486774,50.0172236,0
            36.2508876,50.0191401,0
            36.2527759,50.0208221,0
            36.2546373,50.0226385,0
            36.2559784,50.0240274,0
            36.2581295,50.0262917,0
            36.2584085,50.0265605,0
            36.2588913,50.0270671,0
            36.2598676,50.0280527,0
            36.2604416,50.0286317,0
            36.2615091,50.0297103,0
            36.2643523,50.0325636,0
            36.2661762,50.0344518,0
            36.2690086,50.0373461,0
            36.2724472,50.0408777,0
            36.2747431,50.0432307,0
            36.2751455,50.0436855,0
            36.2754834,50.0436992,0
            36.2763257,50.0438233,0
            36.2768782,50.043999,0
            36.2789435,50.0431308,0
            36.2819637,50.0418871,0
            36.2846941,50.0408019,0
            36.2850589,50.0406434,0
            36.2853486,50.0405641,0
            36.2869687,50.0403505,0
            36.2884975,50.0401886,0
            36.2907398,50.039944,0
            36.2930895,50.0397028,0
            36.2933845,50.039658,0
            36.2935615,50.0395788,0
            36.2937278,50.0394616,0
            36.2942428,50.0390344,0
            36.2948007,50.0385348,0
            36.2962062,50.0373082,0
            36.2967265,50.0368052,0
            36.2982876,50.0353443,0
            36.2989259,50.0347206,0
            36.2997843,50.0339315,0
            36.2998272,50.0338006,0
            36.2997521,50.0337145,0
            36.299618,50.0336386,0
            36.299339,50.0335215,0
            36.2991566,50.0334078,0
            36.2991673,50.0333216,0
            36.2992854,50.0332114,0
            36.3003153,50.0322431,0
            36.3027937,50.030017,0
            36.3029144,50.0299825,0
            36.3030458,50.0300032,0
            36.3032121,50.0300997,0
            36.3034642,50.0303616,0
            36.3039256,50.0309164,0
            36.3044835,50.031647,0
            36.3050146,50.0323189,0
            36.3054813,50.0328082,0
            36.3059372,50.0332252,0
            36.3063664,50.0336007,0
            36.3068653,50.0340521,0
            36.3073427,50.0344622,0
            36.3076592,50.0346586,0
            36.3082922,50.0349825,0
            36.3088287,50.0353236,0
            36.3089413,50.0354545,0
            36.3090593,50.0356854,0
            36.3091505,50.0359094,0
            36.3096655,50.0372531,0
            36.3104112,50.0390344,0
            36.3110388,50.0405262,0
            36.3111836,50.040764,0
            36.3114089,50.0410051,0
            36.3127393,50.0423901,0
            36.3135011,50.0432617,0
            36.3138766,50.0437854,0
            36.3144559,50.0447017,0
            36.3148207,50.0453804,0
            36.3150943,50.045718,0
            36.3152821,50.0459109,0
            36.3154698,50.0460005,0
            36.3157488,50.046059,0
            36.3160116,50.0459832,0
            36.3168109,50.0456388,0
            36.3172025,50.0454286,0
            36.3180823,50.0450497,0
            36.3195682,50.0445708,0
            36.3212687,50.0440954,0
            36.3216764,50.044061,0
            36.3230283,50.0443124,0
            36.324482,50.0446673,0
            36.3269819,50.0453632,0
            36.3278133,50.0456353,0
            36.3292993,50.0462003,0
            36.3298304,50.0463346,0
            36.3312787,50.0466205,0
            36.3318527,50.0466894,0
            36.3327271,50.0467618,0
            36.336552,50.0470994,0
            36.3369489,50.047151,0
            36.3375444,50.0472509,0
            36.3381345,50.0473956,0
            36.3386012,50.04753,0
            36.340189,50.0480398,0
            36.3423777,50.0487356,0
            36.3450385,50.0496347,0
            36.3459826,50.0500825,0
            36.3464225,50.0503167,0
            36.3469268,50.0507438,0
            36.3473023,50.0511985,0
            36.3476027,50.0514947,0
            36.3479245,50.0517841,0
            36.3484824,50.0522732,0
            36.3498021,50.0532307,0
            36.3505316,50.0537612,0
            36.3510574,50.0539885,0
            36.3512505,50.0540643,0
            36.351347,50.0542916,0
            36.3509501,50.0540643,0
            36.3507891,50.0540092,0
          </coordinates>
        </LineString>
      </Placemark>
      <Placemark>
        <name>Станція метро Держпром</name>
        <description>Автобус-31, 62. Маршрутка – 270е.</description>
        <styleUrl>#icon-1499-A52714</styleUrl>
        <Point>
          <coordinates>
            36.2309947,50.0058283,0
          </coordinates>
        </Point>
      </Placemark>
      <Placemark>
        <name>Станція метро Університет</name>
        <description>Автобус-31, 47, 96. Троллейбус -2, 58.</description>
        <styleUrl>#icon-1626-A52714</styleUrl>
        <Point>
          <coordinates>
            36.235651,50.0057731,0
          </coordinates>
        </Point>
      </Placemark>
      <Placemark>
        <name>вул. Миколи Хвильового</name>
        <description>Автобус-31, 62, 96. Троллейбус -2, 40, 55.</description>
        <styleUrl>#icon-1532-A52714</styleUrl>
        <Point>
          <coordinates>
            36.2414427,50.010797,0
          </coordinates>
        </Point>
      </Placemark>
      <Placemark>
        <name>вул. Олеся Гончара</name>
        <description>Автобус-31, 62, 96. Троллейбус -2, 40, 55.</description>
        <styleUrl>#icon-1532-A52714</styleUrl>
        <Point>
          <coordinates>
            36.2438296,50.0128826,0
          </coordinates>
        </Point>
      </Placemark>
      <Placemark>
        <name>Центральний парк</name>
        <description>Автобус-31, 62, 96. Троллейбус -2, 40, 55.</description>
        <styleUrl>#icon-1720-A52714</styleUrl>
        <Point>
          <coordinates>
            36.2482799,50.0164297,0
          </coordinates>
        </Point>
      </Placemark>
      <Placemark>
        <name>вул. Січових Стрілків</name>
        <description>Автобус-31, 208.</description>
        <styleUrl>#icon-1532-A52714</styleUrl>
        <Point>
          <coordinates>
            36.3477633,50.0516311,0
          </coordinates>
        </Point>
      </Placemark>
      <Placemark>
        <name>Зупинка Дитяча Залізниця</name>
        <description>Автобус-31, 33, 62, 63, 96. Троллейбус -2, 12.</description>
        <styleUrl>#icon-1662-A52714</styleUrl>
        <Point>
          <coordinates>
            36.2526686,50.0206698,0
          </coordinates>
        </Point>
      </Placemark>
      <Placemark>
        <name>Зупинка Сокільники</name>
        <description>Автобус-31, 33, 62, 63, 96. Троллейбус -2, 12, 55.</description>
        <styleUrl>#icon-1532-A52714</styleUrl>
        <Point>
          <coordinates>
            36.2590143,50.0268941,0
          </coordinates>
        </Point>
      </Placemark>
      <Placemark>
        <name>Велоцентр</name>
        <description>Автобус-31, 33, 62, 63, 96. Троллейбус -2, 12, 55.</description>
        <styleUrl>#icon-1522-A52714</styleUrl>
        <Point>
          <coordinates>
            36.2638452,50.0319047,0
          </coordinates>
        </Point>
      </Placemark>
      <Placemark>
        <name>Меморіал Слави</name>
        <description>Автобус-31, 33, 62, 63, 96. Троллейбус -2, 12.</description>
        <styleUrl>#icon-1600-A52714</styleUrl>
        <Point>
          <coordinates>
            36.2693384,50.0376142,0
          </coordinates>
        </Point>
      </Placemark>
      <Placemark>
        <name>Остановка Лісопарк</name>
        <description>Автобус-31, 33, 62, 63, 96. Троллейбус -2, 12.</description>
        <styleUrl>#icon-1720-A52714</styleUrl>
        <Point>
          <coordinates>
            36.2718952,50.0401532,0
          </coordinates>
        </Point>
      </Placemark>
      <Placemark>
        <name>вул. Вадима Манько</name>
        <description>Автобус-31, 63. Троллейбус -12.</description>
        <styleUrl>#icon-1532-A52714</styleUrl>
        <Point>
          <coordinates>
            36.2759507,50.0436397,0
          </coordinates>
        </Point>
      </Placemark>
      <Placemark>
        <name>Остановка ХАІ</name>
        <description>Автобус-31,63. Троллейбус-12,55.</description>
        <styleUrl>#icon-1726-A52714</styleUrl>
        <Point>
          <coordinates>
            36.282388,50.0415175,0
          </coordinates>
        </Point>
      </Placemark>
      <Placemark>
        <name>вул. Вадима Манько</name>
        <description>Автобус-31,63.</description>
        <styleUrl>#icon-1532-A52714</styleUrl>
        <Point>
          <coordinates>
            36.2945759,50.0387677,0
          </coordinates>
        </Point>
      </Placemark>
      <Placemark>
        <name>вул. Богданівська</name>
        <description>Автобус-31,63.</description>
        <styleUrl>#icon-1532-A52714</styleUrl>
        <Point>
          <coordinates>
            36.2985885,50.0349087,0
          </coordinates>
        </Point>
      </Placemark>
      <Placemark>
        <name>вул. Архітектора Гінзбурга</name>
        <description>Автобус-31, 208.</description>
        <styleUrl>#icon-1532-A52714</styleUrl>
        <Point>
          <coordinates>
            36.3037088,50.0305849,0
          </coordinates>
        </Point>
      </Placemark>
      <Placemark>
        <name>Остановка пров. Соколовський</name>
        <description>Автобус-31, 208.</description>
        <styleUrl>#icon-1532-A52714</styleUrl>
        <Point>
          <coordinates>
            36.3090089,50.0355193,0
          </coordinates>
        </Point>
      </Placemark>
      <Placemark>
        <name>вул. Нижегородська</name>
        <description>Автобус-31, 208.</description>
        <styleUrl>#icon-1532-A52714</styleUrl>
        <Point>
          <coordinates>
            36.3152751,50.0457881,0
          </coordinates>
        </Point>
      </Placemark>
      <Placemark>
        <name>вул. Челюскіна</name>
        <description>Автобус-31, 208.</description>
        <styleUrl>#icon-1532-A52714</styleUrl>
        <Point>
          <coordinates>
            36.3111251,50.0404442,0
          </coordinates>
        </Point>
      </Placemark>
      <Placemark>
        <name>вул. Генерала Удовіченко</name>
        <description>Автобус-31, 208.</description>
        <styleUrl>#icon-1532-A52714</styleUrl>
        <Point>
          <coordinates>
            36.3219935,50.0441035,0
          </coordinates>
        </Point>
      </Placemark>
      <Placemark>
        <name>Зупинка Вул. Познанська</name>
        <description>Автобус-31, 208.</description>
        <styleUrl>#icon-1532-A52714</styleUrl>
        <Point>
          <coordinates>
            36.3340867,50.046835,0
          </coordinates>
        </Point>
      </Placemark>
      <Placemark>
        <name>Покровський храм</name>
        <description>Автобус-31, 208.</description>
        <styleUrl>#icon-1670-A52714</styleUrl>
        <Point>
          <coordinates>
            36.3273275,50.0454777,0
          </coordinates>
        </Point>
      </Placemark>
      <Placemark>
        <name>вул. Колосиста</name>
        <description>Автобус-31, 208.</description>
        <styleUrl>#icon-1532-A52714</styleUrl>
        <Point>
          <coordinates>
            36.3418194,50.0485448,0
          </coordinates>
        </Point>
      </Placemark>
    <Placemark>
        <name>Лінія маршруту</name>
        <styleUrl>#line-000000-5263-nodesc</styleUrl>
        <LineString>
          <tessellate>1</tessellate>
          <coordinates>
            36.3507891,50.0540092,0
            36.3503826,50.0537966,0
            36.3492668,50.0529976,0
            36.3479471,50.0519849,0
            36.3472068,50.0512547,0
            36.3464236,50.0504693,0
            36.3448894,50.0496977,0
            36.3408125,50.0483336,0
            36.3380337,50.0474656,0
            36.3366711,50.0472038,0
            36.3343752,50.0469971,0
            36.3326585,50.0468455,0
            36.3314569,50.0467559,0
            36.3300622,50.046501,0
            36.3287211,50.0461014,0
            36.3275516,50.0456536,0
            36.3251269,50.0449646,0
            36.3235176,50.0445305,0
            36.3223159,50.0442756,0
            36.3216186,50.0441447,0
            36.3208568,50.0443032,0
            36.3181424,50.0451368,0
            36.3168872,50.0457156,0
            36.3157821,50.0461634,0
            36.3153422,50.0460876,0
            36.3151169,50.0459567,0
            36.314795,50.0455778,0
            36.3145268,50.0451368,0
            36.3142586,50.0446339,0
            36.3134754,50.0434832,0
            36.3129175,50.0428218,0
            36.3121021,50.0419192,0
            36.3113403,50.0410785,0
            36.3108468,50.0404859,0
            36.3106322,50.0399416,0
            36.3104069,50.0394041,0
            36.3101173,50.0387219,0
            36.3091517,50.0362894,0
            36.3089264,50.035745,0
            36.3087332,50.0354142,0
            36.3081646,50.0350834,0
            36.3073385,50.034601,0
            36.3066626,50.0340359,0
            36.3058901,50.0333261,0
            36.305182,50.0326438,0
            36.3045919,50.0319685,0
            36.3040447,50.0312517,0
            36.3031006,50.0301283,0
            36.3029772,50.0300731,0
            36.3028753,50.0301007,0
            36.3027465,50.0302179,0
            36.2993348,50.0333744,0
            36.2996352,50.0335122,0
            36.299957,50.0336914,0
            36.3000107,50.0338292,0
            36.299839,50.0340222,0
            36.2959874,50.0376676,0
            36.2937343,50.0396108,0
            36.2934339,50.0397349,0
            36.2930155,50.0398175,0
            36.2887025,50.0402517,0
            36.2865782,50.0405135,0
            36.2857735,50.0406031,0
            36.2853766,50.0406513,0
            36.2849367,50.0408167,0
            36.2844968,50.0410096,0
            36.2799907,50.042808,0
            36.2770081,50.0440827,0
            36.2766111,50.0442136,0
            36.2752807,50.0440069,0
            36.2750447,50.0437933,0
            36.2746585,50.0433385,0
            36.27262,50.0412439,0
            36.2700021,50.0385565,0
            36.2672556,50.0357381,0
            36.2644553,50.0328851,0
            36.262846,50.0312517,0
            36.2586403,50.0269854,0
            36.2556684,50.0238906,0
            36.2529004,50.0210989,0
            36.2522137,50.0204992,0
            36.250422,50.0188723,0
            36.2479544,50.0167214,0
            36.2467635,50.0157218,0
            36.2439633,50.0131916,0
            36.2401652,50.0098477,0
            36.2385559,50.0083514,0
            36.2380624,50.0080342,0
            36.2376225,50.0076205,0
            36.237247,50.0071792,0
            36.2363565,50.0058346,0
            36.2361205,50.0058967,0
            36.2335563,50.0068069,0
            36.2319362,50.0051589,0
            36.2307507,50.0059863,0
            36.2306649,50.0059415,0
            36.2309266,50.0057577,0
          </coordinates>
        </LineString>
      </Placemark>
      <Placemark>
        <name>Великий Данилівка</name>
        <description>Автобус-31е, 308е.</description>
        <styleUrl>#icon-1499-000000</styleUrl>
        <Point>
          <coordinates>
            36.3511321,50.054242,0
          </coordinates>
        </Point>
      </Placemark>
      <Placemark>
        <name>вул. Січових Стрільців</name>
        <description>Автобус-31, 208.</description>
        <styleUrl>#icon-1532-000000</styleUrl>
        <Point>
          <coordinates>
            36.3474181,50.0516073,0
          </coordinates>
        </Point>
      </Placemark>
      <Placemark>
        <name>вул. Колосиста</name>
        <description>Автобус-31, 208.</description>
        <styleUrl>#icon-1532-000000</styleUrl>
        <Point>
          <coordinates>
            36.3411714,50.0484512,0
          </coordinates>
        </Point>
      </Placemark>
      <Placemark>
        <name>вул. Познанська</name>
        <description>Автобус-31, 208.</description>
        <styleUrl>#icon-1532-000000</styleUrl>
        <Point>
          <coordinates>
            36.3335184,50.0469744,0
          </coordinates>
        </Point>
      </Placemark>
      <Placemark>
        <name>Покровський храм</name>
        <description>Автобус-31, 208.</description>
        <styleUrl>#icon-1670-000000</styleUrl>
        <Point>
          <coordinates>
            36.3271562,50.0455417,0
          </coordinates>
        </Point>
      </Placemark>
      <Placemark>
        <name>вул. Генерала Удовиченка</name>
        <description>Автобус-31, 208.</description>
        <styleUrl>#icon-1532-000000</styleUrl>
        <Point>
          <coordinates>
            36.3212127,50.0441987,0
          </coordinates>
        </Point>
      </Placemark>
      <Placemark>
        <name>вул. Нижегородська</name>
        <description>Автобус-31, 208.</description>
        <styleUrl>#icon-1532-000000</styleUrl>
        <Point>
          <coordinates>
            36.3149685,50.0457833,0
          </coordinates>
        </Point>
      </Placemark>
      <Placemark>
        <name>вул. Челюскіна</name>
        <description>Автобус-31, 208.</description>
        <styleUrl>#icon-1532-000000</styleUrl>
        <Point>
          <coordinates>
            36.3109418,50.0407228,0
          </coordinates>
        </Point>
      </Placemark>
      <Placemark>
        <name>Остановка пров. Соколовський</name>
        <description>Автобус-31, 208.</description>
        <styleUrl>#icon-1532-000000</styleUrl>
        <Point>
          <coordinates>
            36.308805,50.0356222,0
          </coordinates>
        </Point>
      </Placemark>
      <Placemark>
        <name>вул. Архітектора Гінзбурга</name>
        <description>Автобус-31, 208.</description>
        <styleUrl>#icon-1532-000000</styleUrl>
        <Point>
          <coordinates>
            36.3031239,50.0303332,0
          </coordinates>
        </Point>
      </Placemark>
      <Placemark>
        <name>вул. Богданівська</name>
        <description>Автобус-31,63.</description>
        <styleUrl>#icon-1532-000000</styleUrl>
        <Point>
          <coordinates>
            36.2983914,50.0353295,0
          </coordinates>
        </Point>
      </Placemark>
      <Placemark>
        <name>вул. Вадима Манько</name>
        <description>Автобус-31,63.</description>
        <styleUrl>#icon-1532-000000</styleUrl>
        <Point>
          <coordinates>
            36.2927695,50.0398637,0
          </coordinates>
        </Point>
      </Placemark>
      <Placemark>
        <name>Остановка ХАІ</name>
        <description>Автобус-31,63. Троллейбус-12,55.</description>
        <styleUrl>#icon-1726-000000</styleUrl>
        <Point>
          <coordinates>
            36.2836769,50.0412814,0
          </coordinates>
        </Point>
      </Placemark>
      <Placemark>
        <name>вул. Академіка Проскури</name>
        <description>Автобус-31,63. Троллейбус-12,55.</description>
        <styleUrl>#icon-1532-000000</styleUrl>
        <Point>
          <coordinates>
            36.2783817,50.0434694,0
          </coordinates>
        </Point>
      </Placemark>
      <Placemark>
        <name>Остановка Лісопарк</name>
        <description>Автобус-31, 33, 62, 63, 96. Троллейбус -2, 12.</description>
        <styleUrl>#icon-1720-000000</styleUrl>
        <Point>
          <coordinates>
            36.2723413,50.0410702,0
          </coordinates>
        </Point>
      </Placemark>
      <Placemark>
        <name>Меморіал Слави</name>
        <description>Автобус-31, 33, 62, 63, 96. Троллейбус -2, 12.</description>
        <styleUrl>#icon-1600-000000</styleUrl>
        <Point>
          <coordinates>
            36.2673009,50.0360984,0
          </coordinates>
        </Point>
      </Placemark>
      <Placemark>
        <name>Велоцентр</name>
        <description>Автобус-31, 33, 62, 63, 96. Троллейбус -2, 12, 55.</description>
        <styleUrl>#icon-1522-000000</styleUrl>
        <Point>
          <coordinates>
            36.2639311,50.0324253,0
          </coordinates>
        </Point>
      </Placemark>
      <Placemark>
        <name>Зупинка Сокільники</name>
        <description>Автобус-31, 33, 62, 63, 96. Троллейбус -2, 12, 55.</description>
        <styleUrl>#icon-1532-000000</styleUrl>
        <Point>
          <coordinates>
            36.2573191,50.0259733,0
          </coordinates>
        </Point>
      </Placemark>
      <Placemark>
        <name>Дитяча залізниця</name>
        <description>Автобус-31, 33, 62, 63, 96. Троллейбус -2, 12, 55.</description>
        <styleUrl>#icon-1662-000000</styleUrl>
        <Point>
          <coordinates>
            36.2519175,50.0203259,0
          </coordinates>
        </Point>
      </Placemark>
      <Placemark>
        <name>Центральний парк</name>
        <description>Автобус-31, 62, 96. Троллейбус -2, 40, 55.</description>
        <styleUrl>#icon-1720-000000</styleUrl>
        <Point>
          <coordinates>
            36.247045,50.0159483,0
          </coordinates>
        </Point>
      </Placemark>
      <Placemark>
        <name>вул. Олеся Гончара</name>
        <description>Автобус-31, 62, 96. Троллейбус -2, 40, 55.</description>
        <styleUrl>#icon-1532-000000</styleUrl>
        <Point>
          <coordinates>
            36.2437442,50.0131002,0
          </coordinates>
        </Point>
      </Placemark>
      <Placemark>
        <name>вул. Миколи Хвильового</name>
        <description>Автобус-31, 62, 96. Троллейбус -2, 40, 55.</description>
        <styleUrl>#icon-1532-000000</styleUrl>
        <Point>
          <coordinates>
            36.2408097,50.0103527,0
          </coordinates>
        </Point>
      </Placemark>
      <Placemark>
        <name>вул. Сумська</name>
        <description>Автобус-31, 47, 62, 96. Троллейбус -2, 40, 55.</description>
        <styleUrl>#icon-1532-000000</styleUrl>
        <Point>
          <coordinates>
            36.2366786,50.0065289,0
          </coordinates>
        </Point>
      </Placemark>
    </Folder><Folder><name>Автобус №32</name><Placemark>
        <name>Лінія маршруту</name>
        <styleUrl>#line-A52714-5456-nodesc</styleUrl>
        <LineString>
          <tessellate>1</tessellate>
          <coordinates>
            36.1397831,49.9518169,0
            36.1400704,49.951804,0
            36.140285,49.9519214,0
            36.1402528,49.9521147,0
            36.1405317,49.952094,0
            36.1471514,49.9510792,0
            36.1482028,49.9509549,0
            36.1508314,49.9506097,0
            36.1520009,49.9504924,0
            36.1564962,49.949947,0
            36.1585884,49.9496916,0
            36.1598436,49.9495397,0
            36.1602942,49.9495121,0
            36.1613135,49.9495949,0
            36.1642639,49.9497606,0
            36.1644892,49.9499401,0
            36.1647574,49.9500022,0
            36.1651866,49.9499677,0
            36.1661307,49.9498503,0
            36.1680727,49.9495742,0
            36.1719136,49.9489391,0
            36.1730937,49.9487527,0
            36.1742739,49.9484351,0
            36.175261,49.9482142,0
            36.1806039,49.946861,0
            36.1831789,49.9492774,0
            36.1838655,49.948946,0
            36.1848311,49.948511,0
            36.1850349,49.9483177,0
            36.1868374,49.9469715,0
            36.189305,49.9450521,0
            36.1895196,49.9448519,0
            36.1901204,49.9439544,0
            36.1910967,49.942532,0
            36.1873095,49.9423525,0
            36.1872558,49.9420625,0
            36.1872129,49.941517,0
            36.1872344,49.9411304,0
            36.1888544,49.9374776,0
            36.1900775,49.9345704,0
            36.1904852,49.9332997,0
            36.1904637,49.9327196,0
            36.190453,49.9323398,0
            36.1908178,49.9320497,0
            36.1914615,49.931808,0
            36.191955,49.93225,0
            36.1933498,49.9332583,0
            36.195914,49.9347223,0
            36.1967616,49.9352057,0
            36.197813,49.9356891,0
            36.1988859,49.9360275,0
            36.1992077,49.9357443,0
            36.1998622,49.9353507,0
            36.2002592,49.935185,0
            36.2009565,49.9349433,0
            36.2013642,49.9348397,0
            36.2022225,49.9347568,0
            36.2032096,49.9347361,0
            36.2074368,49.9346325,0
            36.2082414,49.9347154,0
            36.2089388,49.9348742,0
            36.2110846,49.9354612,0
            36.2128334,49.9360482,0
            36.2179939,49.9378229,0
            36.2219314,49.9391763,0
            36.2224893,49.9392522,0
            36.222897,49.9392937,0
            36.2234978,49.9392868,0
            36.2245063,49.9392522,0
            36.2249462,49.9392868,0
            36.2253217,49.9393903,0
            36.2261264,49.9396596,0
            36.226298,49.9397839,0
            36.2264912,49.9398668,0
            36.227328,49.9401154,0
            36.2301712,49.9409232,0
            36.2321667,49.9414963,0
            36.2328748,49.9416413,0
            36.2337224,49.9417656,0
            36.2355034,49.9419106,0
            36.2396984,49.9421108,0
            36.2414686,49.9422627,0
            36.2468009,49.9429118,0
            36.2471871,49.943043,0
            36.2473266,49.9436437,0
            36.2473695,49.9443479,0
            36.2470691,49.9453835,0
            36.2472085,49.9455147,0
            36.2478416,49.9455631,0
            36.2569932,49.9463432,0
            36.2596433,49.9465849,0
            36.2603836,49.9466194,0
            36.2603728,49.9471855,0
            36.260287,49.9489529,0
            36.2602226,49.9496225,0
            36.2601475,49.9526117,0
            36.2599329,49.9550001,0
            36.2597076,49.9575265,0
            36.2594931,49.9593349,0
            36.2589674,49.9627997,0
            36.258742,49.9644561,0
            36.2588601,49.965022,0
            36.259418,49.9683207,0
            36.2596218,49.9709913,0
            36.2595682,49.9713777,0
            36.2592034,49.9719988,0
            36.2584738,49.9725232,0
            36.2540857,49.975987,0
            36.2532274,49.9766425,0
            36.2522296,49.9771531,0
            36.2503521,49.9779327,0
            36.251028,49.9785054,0
            36.2541608,49.9811547,0
            36.2559633,49.9826932,0
            36.2584524,49.9848869,0
            36.2588708,49.9851215,0
            36.2597398,49.9857699,0
            36.2613277,49.9870875,0
            36.2615208,49.9870875,0
            36.2622611,49.9870047,0
            36.2678508,49.9864874,0
            36.2679152,49.9868047,0
            36.2678079,49.9869634,0
            36.2675933,49.9869289,0
            36.2674753,49.9868047,0
            36.2673919,49.9866244,0
          </coordinates>
        </LineString>
      </Placemark>
      <Placemark>
        <name>Остановка пр. Дзюби</name>
        <description>Автобус-32, 57. Маршрутка - 259е. Троллейбус-11, 27.</description>
        <styleUrl>#icon-1499-A52714</styleUrl>
        <Point>
          <coordinates>
            36.1395969,49.9519673,0
          </coordinates>
        </Point>
      </Placemark>
      <Placemark>
        <name>Остановка пров. Архангельський</name>
        <description>Автобус-32, 57. Маршрутка - 259е. Троллейбус-11, 27.</description>
        <styleUrl>#icon-1532-A52714</styleUrl>
        <Point>
          <coordinates>
            36.1435216,49.9515807,0
          </coordinates>
        </Point>
      </Placemark>
      <Placemark>
        <name>вул. Даргомизького</name>
        <description>Автобус-32, 57. Маршрутка - 259е. Троллейбус-11, 27.</description>
        <styleUrl>#icon-1532-A52714</styleUrl>
        <Point>
          <coordinates>
            36.1500448,49.9506695,0
          </coordinates>
        </Point>
      </Placemark>
      <Placemark>
        <name>вул. Шульженко</name>
        <description>Автобус-32, 57. Маршрутка - 259е. Троллейбус-11, 27.</description>
        <styleUrl>#icon-1532-A52714</styleUrl>
        <Point>
          <coordinates>
            36.1572975,49.9497997,0
          </coordinates>
        </Point>
      </Placemark>
      <Placemark>
        <name>вул. Китаєнко</name>
        <description>Автобус-32, 57. Маршрутка - 259е. Троллейбус-11, 27.</description>
        <styleUrl>#icon-1532-A52714</styleUrl>
        <Point>
          <coordinates>
            36.1638911,49.9496883,0
          </coordinates>
        </Point>
      </Placemark>
      <Placemark>
        <name>вул. Крилова</name>
        <description>Автобус-22, 32. Маршрутка - 220е, 259е.</description>
        <styleUrl>#icon-1532-A52714</styleUrl>
        <Point>
          <coordinates>
            36.1738865,49.9485637,0
          </coordinates>
        </Point>
      </Placemark>
      <Placemark>
        <name>вул. Герцена</name>
        <description>Автобус-22, 32. Маршрутка - 220е, 259е.</description>
        <styleUrl>#icon-1532-A52714</styleUrl>
        <Point>
          <coordinates>
            36.1808717,49.9470898,0
          </coordinates>
        </Point>
      </Placemark>
      <Placemark>
        <name>вул. Кібальчича</name>
        <description>Автобус-22, 32. Маршрутка - 220е, 259е.</description>
        <styleUrl>#icon-1532-A52714</styleUrl>
        <Point>
          <coordinates>
            36.1898956,49.9443175,0
          </coordinates>
        </Point>
      </Placemark>
      <Placemark>
        <name>вул. Північнокавказька</name>
        <description>Автобус-22, 32. Маршрутка - 220е, 259е.</description>
        <styleUrl>#icon-1532-A52714</styleUrl>
        <Point>
          <coordinates>
            36.1905185,49.9424911,0
          </coordinates>
        </Point>
      </Placemark>
      <Placemark>
        <name>Остановка кладовище №10</name>
        <description>Автобус-22, 32. Маршрутка - 220е, 259е.</description>
        <styleUrl>#icon-1542-A52714</styleUrl>
        <Point>
          <coordinates>
            36.1883962,49.9385967,0
          </coordinates>
        </Point>
      </Placemark>
      <Placemark>
        <name>вул. Радіотехнічна</name>
        <description>Автобус-22, 32. Маршрутка - 220е, 259е.</description>
        <styleUrl>#icon-1532-A52714</styleUrl>
        <Point>
          <coordinates>
            36.1899302,49.9348684,0
          </coordinates>
        </Point>
      </Placemark>
      <Placemark>
        <name>Перемога</name>
        <description>Автобус-22, 32. Маршрутка - 220е, 259е.</description>
        <styleUrl>#icon-1532-A52714</styleUrl>
        <Point>
          <coordinates>
            36.1918761,49.9319162,0
          </coordinates>
        </Point>
      </Placemark>
      <Placemark>
        <name>Остановка Філіпповка</name>
        <description>Автобус-22, 32. Маршрутка - 220е, 259е.</description>
        <styleUrl>#icon-1532-A52714</styleUrl>
        <Point>
          <coordinates>
            36.1990409,49.935891,0
          </coordinates>
        </Point>
      </Placemark>
      <Placemark>
        <name>вул. Гутянська</name>
        <description>Автобус-22, 32. Маршрутка - 220е, 259е.</description>
        <styleUrl>#icon-1532-A52714</styleUrl>
        <Point>
          <coordinates>
            36.2054992,49.934686,0
          </coordinates>
        </Point>
      </Placemark>
      <Placemark>
        <name>Основянське озеро</name>
        <description>Автобус-22, 32. Маршрутка - 220е, 259е.</description>
        <styleUrl>#icon-1576-A52714</styleUrl>
        <Point>
          <coordinates>
            36.2256924,49.9394501,0
          </coordinates>
        </Point>
      </Placemark>
      <Placemark>
        <name>Остановка пров. Заводський</name>
        <description>Автобус-32, 102, 123. Маршрутка - 220е, 259е.</description>
        <styleUrl>#icon-1532-A52714</styleUrl>
        <Point>
          <coordinates>
            36.2376902,49.9419967,0
          </coordinates>
        </Point>
      </Placemark>
      <Placemark>
        <name>вул. Харківська</name>
        <description>Автобус-32 Маршрутка - 220е.</description>
        <styleUrl>#icon-1532-A52714</styleUrl>
        <Point>
          <coordinates>
            36.2472589,49.943443,0
          </coordinates>
        </Point>
      </Placemark>
      <Placemark>
        <name>вул. Одеська</name>
        <description>Автобус-32, 68. Троллейбус-58, 59.</description>
        <styleUrl>#icon-1532-A52714</styleUrl>
        <Point>
          <coordinates>
            36.2606362,49.947075,0
          </coordinates>
        </Point>
      </Placemark>
      <Placemark>
        <name>вул. Зернова</name>
        <description>Автобус-32, 68. Троллейбус-3, 6, 49, 58, 59.</description>
        <styleUrl>#icon-1587-A52714</styleUrl>
        <Point>
          <coordinates>
            36.2602628,49.9532208,0
          </coordinates>
        </Point>
      </Placemark>
      <Placemark>
        <name>Остановка Школа</name>
        <description>Автобус-32, 68. Троллейбус-3, 6, 49, 58, 59.</description>
        <styleUrl>#icon-1682-A52714</styleUrl>
        <Point>
          <coordinates>
            36.2599386,49.9574096,0
          </coordinates>
        </Point>
      </Placemark>
      <Placemark>
        <name>вул. Сидоренківська</name>
        <description>Автобус-32, 68. Троллейбус-3, 6, 49, 58, 59.</description>
        <styleUrl>#icon-1532-A52714</styleUrl>
        <Point>
          <coordinates>
            36.259252,49.9620901,0
          </coordinates>
        </Point>
      </Placemark>
      <Placemark>
        <name>Остановка пров. Золотий</name>
        <description>Автобус-32, 68. Троллейбус-3, 6, 49, 58, 59.</description>
        <styleUrl>#icon-1532-A52714</styleUrl>
        <Point>
          <coordinates>
            36.2596193,49.9682869,0
          </coordinates>
        </Point>
      </Placemark>
      <Placemark>
        <name>вул. Дмитра Коцюбайла</name>
        <description>Автобус-32, 68. Троллейбус-3, 6, 49, 58, 59.</description>
        <styleUrl>#icon-1532-A52714</styleUrl>
        <Point>
          <coordinates>
            36.2574544,49.9733215,0
          </coordinates>
        </Point>
      </Placemark>
      <Placemark>
        <name>вул. Молочна</name>
        <description>Автобус-32, 68. Троллейбус-3, 6, 49, 58, 59.</description>
        <styleUrl>#icon-1532-A52714</styleUrl>
        <Point>
          <coordinates>
            36.2512732,49.9779735,0
          </coordinates>
        </Point>
      </Placemark>
      <Placemark>
        <name>вул. Тарасенко</name>
        <description>Автобус-32.</description>
        <styleUrl>#icon-1532-A52714</styleUrl>
        <Point>
          <coordinates>
            36.2544282,49.9814006,0
          </coordinates>
        </Point>
      </Placemark>
      <Placemark>
        <name>Зупинка Кінний ринок</name>
        <description>Автобус-32, 260.</description>
        <styleUrl>#icon-1578-A52714</styleUrl>
        <Point>
          <coordinates>
            36.2604858,49.9862978,0
          </coordinates>
        </Point>
      </Placemark>
      <Placemark>
        <name>Станція метро Захисників України</name>
        <description>Автобус-32, 260. Троллейбус-13, 20.</description>
        <styleUrl>#icon-1626-A52714</styleUrl>
        <Point>
          <coordinates>
            36.2680141,49.986721,0
          </coordinates>
        </Point>
      </Placemark>
    <Placemark>
        <name>Лінія маршруту</name>
        <styleUrl>#line-000000-5069-nodesc</styleUrl>
        <LineString>
          <tessellate>1</tessellate>
          <coordinates>
            36.2673919,49.9866244,0
            36.2616734,49.9871556,0
            36.261094,49.9873211,0
            36.2591521,49.9855759,0
            36.2582509,49.9848653,0
            36.2571995,49.9838926,0
            36.2550215,49.9820506,0
            36.2533907,49.9806846,0
            36.2500862,49.9779249,0
            36.2508051,49.9775799,0
            36.2527363,49.9767037,0
            36.2535302,49.9762,0
            36.254249,49.9756204,0
            36.25809,49.9725361,0
            36.2586049,49.9720875,0
            36.2589697,49.9716666,0
            36.2591521,49.9712871,0
            36.2592809,49.9708662,0
            36.2593345,49.970252,0
            36.2593023,49.9695688,0
            36.2591307,49.9679678,0
            36.2586049,49.9646001,0
            36.2585728,49.9642757,0
            36.2586049,49.9639237,0
            36.2589483,49.9603624,0
            36.2589804,49.9596446,0
            36.2594847,49.9559449,0
            36.2599139,49.9529904,0
            36.2599997,49.949953,0
            36.2599568,49.9466944,0
            36.2596671,49.9466806,0
            36.2589483,49.946653,0
            36.255,49.946294,0
            36.2471251,49.9456036,0
            36.2468783,49.9454724,0
            36.2469105,49.9453205,0
            36.2471036,49.9446646,0
            36.2471787,49.9442227,0
            36.2470822,49.9435115,0
            36.2469749,49.9430766,0
            36.2466745,49.9429937,0
            36.2430696,49.9425794,0
            36.2401513,49.9422618,0
            36.2375871,49.9421306,0
            36.2357096,49.9420547,0
            36.233478,49.9418821,0
            36.2323515,49.9416542,0
            36.2270622,49.9401628,0
            36.2261609,49.939859,0
            36.2259893,49.9397139,0
            36.2253348,49.9395137,0
            36.2248306,49.9393687,0
            36.2241439,49.9393411,0
            36.2231569,49.9393963,0
            36.2224166,49.9393618,0
            36.2218158,49.9392444,0
            36.2142627,49.9366549,0
            36.2099282,49.9352117,0
            36.208748,49.9349562,0
            36.2081794,49.9348042,0
            36.2077503,49.9347421,0
            36.206377,49.9347559,0
            36.2031047,49.9348388,0
            36.2021605,49.9348526,0
            36.2013237,49.9349562,0
            36.2007336,49.9351495,0
            36.1998753,49.9355017,0
            36.1992208,49.9359229,0
            36.1988882,49.9362268,0
            36.1982981,49.9366964,0
            36.1958734,49.9376976,0
            36.1943714,49.9382984,0
            36.1933736,49.9387196,0
            36.1929874,49.9390303,0
            36.1926762,49.9398313,0
            36.1926011,49.9402594,0
            36.1927943,49.9414747,0
            36.1928264,49.9420064,0
            36.1926977,49.9423102,0
            36.1925153,49.9424828,0
            36.1921183,49.9425656,0
            36.19126,49.9425518,0
            36.1898116,49.9446301,0
            36.1894469,49.9451203,0
            36.1862926,49.9475781,0
            36.1848978,49.9486206,0
            36.183149,49.9494421,0
            36.1807887,49.9472674,0
            36.1805419,49.947012,0
            36.1752526,49.9483168,0
            36.1734502,49.9487794,0
            36.1664335,49.949953,0
            36.164792,49.9501394,0
            36.1644487,49.9500496,0
            36.1641375,49.9498909,0
            36.1615841,49.9497252,0
            36.1602108,49.9496216,0
            36.1588053,49.9497942,0
            36.15387,49.9503672,0
            36.1507372,49.9507538,0
            36.1470572,49.9512163,0
            36.1421756,49.9519619,0
            36.1396436,49.952307,0
            36.1395685,49.9521345,0
            36.1396651,49.9518583,0
            36.1397831,49.9518169,0
          </coordinates>
        </LineString>
      </Placemark>
      <Placemark>
        <name>Станція метро Захисників України</name>
        <description>Автобус-32, 260. Троллейбус-13, 20.</description>
        <styleUrl>#icon-1499-000000</styleUrl>
        <Point>
          <coordinates>
            36.2671424,49.9867693,0
          </coordinates>
        </Point>
      </Placemark>
      <Placemark>
        <name>Зупинка Кінний ринок</name>
        <description>Автобус-32, 260.</description>
        <styleUrl>#icon-1578-000000</styleUrl>
        <Point>
          <coordinates>
            36.2598681,49.9862419,0
          </coordinates>
        </Point>
      </Placemark>
      <Placemark>
        <name>вул. Тарасенко</name>
        <description>Автобус-32.</description>
        <styleUrl>#icon-1532-000000</styleUrl>
        <Point>
          <coordinates>
            36.2548994,49.9821417,0
          </coordinates>
        </Point>
      </Placemark>
      <Placemark>
        <name>вул. Молочна</name>
        <description>Автобус-32, 68. Троллейбус-3, 6, 49, 58, 59.</description>
        <styleUrl>#icon-1532-000000</styleUrl>
        <Point>
          <coordinates>
            36.2513588,49.977188,0
          </coordinates>
        </Point>
      </Placemark>
      <Placemark>
        <name>вул. Дмитра Коцюбайла</name>
        <description>Автобус-32, 68. Троллейбус-3, 6, 49, 58, 59.</description>
        <styleUrl>#icon-1532-000000</styleUrl>
        <Point>
          <coordinates>
            36.2577341,49.9726918,0
          </coordinates>
        </Point>
      </Placemark>
      <Placemark>
        <name>вул. Чугуївська</name>
        <description>Автобус-32, 68. Троллейбус-3, 6, 49, 58, 59.</description>
        <styleUrl>#icon-1532-000000</styleUrl>
        <Point>
          <coordinates>
            36.2589018,49.9673785,0
          </coordinates>
        </Point>
      </Placemark>
      <Placemark>
        <name>вул. Сидоренківська</name>
        <description>Автобус-32, 68. Троллейбус-3, 6, 49, 58, 59.</description>
        <styleUrl>#icon-1532-000000</styleUrl>
        <Point>
          <coordinates>
            36.258655,49.9614864,0
          </coordinates>
        </Point>
      </Placemark>
      <Placemark>
        <name>Остановка Школа</name>
        <description>Автобус-32, 68. Троллейбус-3, 6, 49, 58, 59.</description>
        <styleUrl>#icon-1682-000000</styleUrl>
        <Point>
          <coordinates>
            36.2592736,49.9559734,0
          </coordinates>
        </Point>
      </Placemark>
      <Placemark>
        <name>вул. Зернова</name>
        <description>Автобус-32, 68. Троллейбус-3, 6, 49, 58, 59.</description>
        <styleUrl>#icon-1587-000000</styleUrl>
        <Point>
          <coordinates>
            36.2596813,49.9512724,0
          </coordinates>
        </Point>
      </Placemark>
      <Placemark>
        <name>вул. Одеська</name>
        <description>Автобус-32 Маршрутка - 220е.</description>
        <styleUrl>#icon-1532-000000</styleUrl>
        <Point>
          <coordinates>
            36.2574606,49.9465295,0
          </coordinates>
        </Point>
      </Placemark>
      <Placemark>
        <name>вул. Харківська</name>
        <description>Автобус-32 Маршрутка - 220е.</description>
        <styleUrl>#icon-1532-000000</styleUrl>
        <Point>
          <coordinates>
            36.2470737,49.9432227,0
          </coordinates>
        </Point>
      </Placemark>
      <Placemark>
        <name>Остановка пров. Заводський</name>
        <description>Автобус-32, 102, 123. Маршрутка - 220е, 259е.</description>
        <styleUrl>#icon-1532-000000</styleUrl>
        <Point>
          <coordinates>
            36.2382455,49.9421425,0
          </coordinates>
        </Point>
      </Placemark>
      <Placemark>
        <name>Основянське озеро</name>
        <description>Автобус-32, 102. Маршрутка - 220е, 259е.</description>
        <styleUrl>#icon-1576-000000</styleUrl>
        <Point>
          <coordinates>
            36.2254688,49.9396228,0
          </coordinates>
        </Point>
      </Placemark>
      <Placemark>
        <name>вул. Гутянська</name>
        <description>Автобус-32. Маршрутка - 220е, 259е.</description>
        <styleUrl>#icon-1532-000000</styleUrl>
        <Point>
          <coordinates>
            36.2055251,49.9349056,0
          </coordinates>
        </Point>
      </Placemark>
      <Placemark>
        <name>вул. Пилипівка</name>
        <description>Автобус-22, 32. Маршрутка - 220е, 259е.</description>
        <styleUrl>#icon-1532-000000</styleUrl>
        <Point>
          <coordinates>
            36.1988004,49.9363839,0
          </coordinates>
        </Point>
      </Placemark>
      <Placemark>
        <name>Зупинка Бородівка</name>
        <description>Автобус-22, 32. Маршрутка - 220е, 259е.</description>
        <styleUrl>#icon-1532-000000</styleUrl>
        <Point>
          <coordinates>
            36.1927345,49.939657,0
          </coordinates>
        </Point>
      </Placemark>
      <Placemark>
        <name>Остановка селище Перемога</name>
        <description>Автобус-22, 32. Маршрутка - 220е, 259е.</description>
        <styleUrl>#icon-1532-000000</styleUrl>
        <Point>
          <coordinates>
            36.1879354,49.9463187,0
          </coordinates>
        </Point>
      </Placemark>
      <Placemark>
        <name>вул. Герцена</name>
        <description>Автобус-32е, 220е, 259е.</description>
        <styleUrl>#icon-1532-000000</styleUrl>
        <Point>
          <coordinates>
            36.1802642,49.9471403,0
          </coordinates>
        </Point>
      </Placemark>
      <Placemark>
        <name>вул. Крилова</name>
        <description>Автобус-22, 32. Маршрутка - 220е, 259е.</description>
        <styleUrl>#icon-1532-000000</styleUrl>
        <Point>
          <coordinates>
            36.1742883,49.9485763,0
          </coordinates>
        </Point>
      </Placemark>
      <Placemark>
        <name>вул. Китаєнка</name>
        <description>Автобус-22, 32. Маршрутка - 220е, 259е.</description>
        <styleUrl>#icon-1532-000000</styleUrl>
        <Point>
          <coordinates>
            36.165684,49.9500138,0
          </coordinates>
        </Point>
      </Placemark>
      <Placemark>
        <name>вул. Шульженко</name>
        <description>Автобус-32, 57. Маршрутка - 259е. Троллейбус-11, 27.</description>
        <styleUrl>#icon-1532-000000</styleUrl>
        <Point>
          <coordinates>
            36.1579826,49.9500309,0
          </coordinates>
        </Point>
      </Placemark>
      <Placemark>
        <name>вул. Даргомизького</name>
        <description>Автобус-32, 57. Маршрутка - 259е. Троллейбус-11, 27.</description>
        <styleUrl>#icon-1532-000000</styleUrl>
        <Point>
          <coordinates>
            36.1511249,49.9506591,0
          </coordinates>
        </Point>
      </Placemark>
      <Placemark>
        <name>Остановка пров. Архангельський</name>
        <description>Автобус-32, 57. Маршрутка - 259е. Троллейбус-11, 27.</description>
        <styleUrl>#icon-1532-000000</styleUrl>
        <Point>
          <coordinates>
            36.1424835,49.9520082,0
          </coordinates>
        </Point>
      </Placemark>
    </Folder><Folder><name>Автобус №33</name><Placemark>
        <name>Лінія маршруту</name>
        <styleUrl>#line-A52714-4875-nodesc</styleUrl>
        <LineString>
          <tessellate>1</tessellate>
          <coordinates>
            36.231582,50.0053521,0
            36.2310348,50.0057727,0
            36.230316,50.0062968,0
            36.2298225,50.0065381,0
            36.2291787,50.0066898,0
            36.2289963,50.0066967,0
            36.2285886,50.007731,0
            36.228653,50.0080137,0
            36.2285457,50.0082689,0
            36.2275909,50.0111923,0
            36.2268076,50.0138605,0
            36.2256811,50.0176316,0
            36.2251661,50.0193481,0
            36.2244366,50.0219607,0
            36.223471,50.0253107,0
            36.2229345,50.0273096,0
            36.2225483,50.0281918,0
            36.2219368,50.0301905,0
            36.2208531,50.033919,0
            36.2206708,50.0344496,0
            36.2225483,50.0346426,0
            36.2238572,50.0348286,0
            36.2249837,50.0348631,0
            36.2260566,50.0347046,0
            36.2269793,50.0346081,0
            36.22802,50.0344289,0
            36.2285457,50.0341257,0
            36.2289427,50.0341188,0
            36.2292646,50.0343049,0
            36.229286,50.0345599,0
            36.229404,50.0347528,0
            36.2295542,50.0349251,0
            36.2306271,50.0359244,0
            36.2327836,50.037971,0
            36.2335668,50.0376265,0
            36.2356268,50.0368547,0
            36.2368177,50.0365032,0
            36.2378262,50.0362758,0
            36.2389634,50.035945,0
            36.2397681,50.0355522,0
            36.240444,50.0352559,0
            36.241828,50.0346564,0
            36.2427936,50.0341395,0
            36.244478,50.0332987,0
            36.246656,50.0322443,0
            36.2505506,50.0303008,0
            36.2577711,50.0266272,0
            36.2583182,50.0264894,0
            36.2586401,50.0267444,0
            36.2616013,50.029777,0
            36.2645302,50.0327405,0
            36.2664507,50.0346977,0
            36.2675343,50.0358486,0
            36.2704955,50.0388599,0
            36.2747441,50.0431802,0
            36.2751893,50.0436901,0
            36.2758009,50.0437487,0
            36.2764124,50.0438624,0
            36.2768577,50.0439485,0
            36.2767504,50.0440829,0
            36.2766538,50.0441759,0
            36.276922,50.0442413,0
            36.2805216,50.0449544,0
            36.2849955,50.0458294,0
            36.2876294,50.0463117,0
            36.2881766,50.0464151,0
            36.2885736,50.0464495,0
            36.2912665,50.0464495,0
            36.293144,50.0464564,0
            36.2928007,50.0494396,0
            36.2924359,50.0528841,0
            36.2908695,50.0528978,0
            36.2875865,50.0527945,0
            36.2875221,50.0529874,0
            36.2871252,50.0530356,0
            36.2869642,50.0529254,0
            36.2871037,50.0528152,0
            36.2872968,50.0527807,0
          </coordinates>
        </LineString>
      </Placemark>
      <Placemark>
        <name>Остановка метро Держпром</name>
        <description>Автобус-33.</description>
        <styleUrl>#icon-1499-A52714</styleUrl>
        <Point>
          <coordinates>
            36.2314161,50.005441,0
          </coordinates>
        </Point>
      </Placemark>
      <Placemark>
        <name>вул. Данилевського</name>
        <description>Автобус-33. Троллейбус -2, 18, 58.</description>
        <styleUrl>#icon-1532-A52714</styleUrl>
        <Point>
          <coordinates>
            36.2279292,50.0106883,0
          </coordinates>
        </Point>
      </Placemark>
      <Placemark>
        <name>Станція метро Наукова</name>
        <description>Автобус-20, 33. Троллейбус -2, 18, 58.</description>
        <styleUrl>#icon-1626-A52714</styleUrl>
        <Point>
          <coordinates>
            36.227071,50.0134944,0
          </coordinates>
        </Point>
      </Placemark>
      <Placemark>
        <name>вул. Космічна</name>
        <description>Автобус-20, 33. Троллейбус -2, 18, 58.</description>
        <styleUrl>#icon-1532-A52714</styleUrl>
        <Point>
          <coordinates>
            36.2256547,50.0187787,0
          </coordinates>
        </Point>
      </Placemark>
      <Placemark>
        <name>вул. Європейська</name>
        <description>Автобус-20, 33. Троллейбус -2, 18, 58.</description>
        <styleUrl>#icon-1532-A52714</styleUrl>
        <Point>
          <coordinates>
            36.2247249,50.0217313,0
          </coordinates>
        </Point>
      </Placemark>
      <Placemark>
        <name>Станція метро Ботанічний сад</name>
        <description>Автобус-33. Троллейбус -2, 18, 58.</description>
        <styleUrl>#icon-1626-A52714</styleUrl>
        <Point>
          <coordinates>
            36.222901,50.0275674,0
          </coordinates>
        </Point>
      </Placemark>
      <Placemark>
        <name>вул. Тобольська</name>
        <description>Автобус-33. Троллейбус -2, 18, 58.</description>
        <styleUrl>#icon-1532-A52714</styleUrl>
        <Point>
          <coordinates>
            36.221989,50.030979,0
          </coordinates>
        </Point>
      </Placemark>
      <Placemark>
        <name>Станція метро 23 серпня</name>
        <description>Автобус-33, 63. Маршрутка -277е. Троллейбус -12.</description>
        <styleUrl>#icon-1626-A52714</styleUrl>
        <Point>
          <coordinates>
            36.2214848,50.0345007,0
          </coordinates>
        </Point>
      </Placemark>
      <Placemark>
        <name>Зупинка Павлове Поле</name>
        <description>Автобус-33, 63. Маршрутка -277е. Троллейбус -12.</description>
        <styleUrl>#icon-1532-A52714</styleUrl>
        <Point>
          <coordinates>
            36.2253679,50.0348327,0
          </coordinates>
        </Point>
      </Placemark>
      <Placemark>
        <name>вул. Космонавтів</name>
        <description>Автобус-33, 63. Троллейбус -12.</description>
        <styleUrl>#icon-1532-A52714</styleUrl>
        <Point>
          <coordinates>
            36.230389,50.035701,0
          </coordinates>
        </Point>
      </Placemark>
      <Placemark>
        <name>вул. Новопрудна</name>
        <description>Автобус-33, 63. Троллейбус -12, 18, 40.</description>
        <styleUrl>#icon-1532-A52714</styleUrl>
        <Point>
          <coordinates>
            36.2360431,50.0367209,0
          </coordinates>
        </Point>
      </Placemark>
      <Placemark>
        <name>вул. Портали</name>
        <description>Автобус-33, 63. Троллейбус -12, 18, 40.</description>
        <styleUrl>#icon-1532-A52714</styleUrl>
        <Point>
          <coordinates>
            36.2420834,50.0344881,0
          </coordinates>
        </Point>
      </Placemark>
      <Placemark>
        <name>Зупинка Сокільники</name>
        <description>Автобус-31, 33, 62, 63, 96. Троллейбус-2, 12, 55.</description>
        <styleUrl>#icon-1532-A52714</styleUrl>
        <Point>
          <coordinates>
            36.2590353,50.0269139,0
          </coordinates>
        </Point>
      </Placemark>
      <Placemark>
        <name>Велоцентр</name>
        <description>Автобус-31, 33, 62, 63, 96. Троллейбус-2, 12, 55.</description>
        <styleUrl>#icon-1522-A52714</styleUrl>
        <Point>
          <coordinates>
            36.2638525,50.0318556,0
          </coordinates>
        </Point>
      </Placemark>
      <Placemark>
        <name>Остановка Меморіал</name>
        <description>Автобус-31, 33, 62, 96. Троллейбус-2, 12.</description>
        <styleUrl>#icon-1600-A52714</styleUrl>
        <Point>
          <coordinates>
            36.2685722,50.0367618,0
          </coordinates>
        </Point>
      </Placemark>
      <Placemark>
        <name>Остановка Лісопарк</name>
        <description>Автобус-33е, 55е, 65е, 202е, 263е, 271е, 278е, 302е. Троллейбус-2, 12, 17, 50.</description>
        <styleUrl>#icon-1720-A52714</styleUrl>
        <Point>
          <coordinates>
            36.2720912,50.0402968,0
          </coordinates>
        </Point>
      </Placemark>
      <Placemark>
        <name>вул. Вадима Манько</name>
        <description>Автобус-33, 62. Троллейбус-2, 55.</description>
        <styleUrl>#icon-1532-A52714</styleUrl>
        <Point>
          <coordinates>
            36.278153,50.0445687,0
          </coordinates>
        </Point>
      </Placemark>
      <Placemark>
        <name>Зупинка Литвинівка</name>
        <description>Автобус-33, 62. Троллейбус-2, 55.</description>
        <styleUrl>#icon-1532-A52714</styleUrl>
        <Point>
          <coordinates>
            36.2814843,50.0450683,0
          </coordinates>
        </Point>
      </Placemark>
      <Placemark>
        <name>Остановка ХАІ</name>
        <description>Автобус-33е, 65е, 240е, 302е. Троллейбус-2.</description>
        <styleUrl>#icon-1726-A52714</styleUrl>
        <Point>
          <coordinates>
            36.2875086,50.0462429,0
          </coordinates>
        </Point>
      </Placemark>
      <Placemark>
        <name>вул. Академіка Проскури</name>
        <description>Автобус-33.</description>
        <styleUrl>#icon-1532-A52714</styleUrl>
        <Point>
          <coordinates>
            36.2931304,50.0468114,0
          </coordinates>
        </Point>
      </Placemark>
      <Placemark>
        <name>Остановка Аквапарк</name>
        <description>Автобус-33.</description>
        <styleUrl>#icon-1863-A52714</styleUrl>
        <Point>
          <coordinates>
            36.2928623,50.0488609,0
          </coordinates>
        </Point>
      </Placemark>
      <Placemark>
        <name>вул. Сонячногірська</name>
        <description>Автобус-33.</description>
        <styleUrl>#icon-1532-A52714</styleUrl>
        <Point>
          <coordinates>
            36.292122,50.0529255,0
          </coordinates>
        </Point>
      </Placemark>
    <Placemark>
        <name>Лінія маршруту</name>
        <styleUrl>#line-000000-5263-nodesc</styleUrl>
        <LineString>
          <tessellate>1</tessellate>
          <coordinates>
            36.2872968,50.0527807,0
            36.2875505,50.0527265,0
            36.2881406,50.0527609,0
            36.2922926,50.0527885,0
            36.2923785,50.052258,0
            36.2927969,50.0484139,0
            36.2930222,50.0465124,0
            36.2892671,50.0465537,0
            36.2881191,50.0465124,0
            36.2875076,50.0463677,0
            36.2752016,50.0439976,0
            36.2750085,50.0436669,0
            36.2745793,50.0431914,0
            36.2736567,50.0422819,0
            36.27194,50.0405249,0
            36.2703736,50.03894,0
            36.2679275,50.0364593,0
            36.2662538,50.0347296,0
            36.2631102,50.0315456,0
            36.2592693,50.0276171,0
            36.258293,50.0266177,0
            36.2578638,50.0267763,0
            36.2575205,50.0269417,0
            36.2525316,50.0294436,0
            36.2494846,50.0309667,0
            36.2442489,50.0335718,0
            36.2418457,50.0347985,0
            36.2415667,50.0349363,0
            36.2390669,50.0360389,0
            36.2382944,50.0363077,0
            36.2369104,50.0366247,0
            36.2350436,50.0371553,0
            36.2325974,50.0381407,0
            36.2315245,50.0370588,0
            36.2291213,50.0347365,0
            36.228499,50.0345642,0
            36.2279947,50.0345435,0
            36.2277909,50.0345573,0
            36.2272008,50.0346951,0
            36.2262567,50.0347916,0
            36.2254413,50.0349363,0
            36.2250336,50.0349363,0
            36.2245508,50.0349432,0
            36.2238105,50.0349087,0
            36.2204416,50.0345228,0
            36.2210532,50.0326552,0
            36.2222441,50.0286648,0
            36.222523,50.0274793,0
            36.2228771,50.02628,0
            36.2236174,50.0237917,0
            36.224304,50.0212895,0
            36.2245508,50.0204416,0
            36.2257095,50.0167949,0
            36.2269862,50.0125135,0
            36.2282415,50.0080456,0
            36.2284239,50.0077905,0
            36.2289067,50.0066321,0
            36.2291105,50.0066045,0
            36.2294646,50.0065287,0
            36.2298615,50.0064252,0
            36.2302371,50.0062391,0
            36.230752,50.0058564,0
            36.2311812,50.0055357,0
            36.2314333,50.0053254,0
            36.2315299,50.0052944,0
            36.2315996,50.0053288,0
            36.231582,50.0053521,0
          </coordinates>
        </LineString>
      </Placemark>
      <Placemark>
        <name>вул. Астрономічна</name>
        <description>Автобус-33.</description>
        <styleUrl>#icon-1499-000000</styleUrl>
        <Point>
          <coordinates>
            36.2872296,50.0530358,0
          </coordinates>
        </Point>
      </Placemark>
      <Placemark>
        <name>вул. Сонячногірська</name>
        <description>Автобус-33.</description>
        <styleUrl>#icon-1532-000000</styleUrl>
        <Point>
          <coordinates>
            36.2923554,50.0525207,0
          </coordinates>
        </Point>
      </Placemark>
      <Placemark>
        <name>Остановка Аквапарк</name>
        <description>Автобус-33.</description>
        <styleUrl>#icon-1701-000000</styleUrl>
        <Point>
          <coordinates>
            36.2927506,50.0488164,0
          </coordinates>
        </Point>
      </Placemark>
      <Placemark>
        <name>вул. Академіка Проскури</name>
        <description>Автобус-33.</description>
        <styleUrl>#icon-1532-000000</styleUrl>
        <Point>
          <coordinates>
            36.293001,50.0467582,0
          </coordinates>
        </Point>
      </Placemark>
      <Placemark>
        <name>вул. Поздовжня</name>
        <description>Автобус-33, 62. Троллейбус - 2, 55.</description>
        <styleUrl>#icon-1532-000000</styleUrl>
        <Point>
          <coordinates>
            36.2887858,50.0466144,0
          </coordinates>
        </Point>
      </Placemark>
      <Placemark>
        <name>Зупинка Литвинівка</name>
        <description>Автобус-33, 62. Троллейбус-2, 55.</description>
        <styleUrl>#icon-1532-000000</styleUrl>
        <Point>
          <coordinates>
            36.2827156,50.045481,0
          </coordinates>
        </Point>
      </Placemark>
      <Placemark>
        <name>Харківське шосе</name>
        <description>Автобус-33, 62. Троллейбус-2, 55.</description>
        <styleUrl>#icon-1532-000000</styleUrl>
        <Point>
          <coordinates>
            36.2759095,50.0440911,0
          </coordinates>
        </Point>
      </Placemark>
      <Placemark>
        <name>Остановка Лісопарк</name>
        <description>Автобус-31, 33, 62, 96. Троллейбус-2, 12.</description>
        <styleUrl>#icon-1720-000000</styleUrl>
        <Point>
          <coordinates>
            36.2724376,50.0410412,0
          </coordinates>
        </Point>
      </Placemark>
      <Placemark>
        <name>Остановка Меморіал</name>
        <description>Автобус-31, 33, 62, 96. Троллейбус-2, 12.</description>
        <styleUrl>#icon-1600-000000</styleUrl>
        <Point>
          <coordinates>
            36.2675378,50.0361659,0
          </coordinates>
        </Point>
      </Placemark>
      <Placemark>
        <name>Велоцентр</name>
        <description>Автобус-31, 33, 62, 63, 96. Троллейбус-2, 12, 55.</description>
        <styleUrl>#icon-1522-000000</styleUrl>
        <Point>
          <coordinates>
            36.2639343,50.0324342,0
          </coordinates>
        </Point>
      </Placemark>
      <Placemark>
        <name>Зупинка Сокільники</name>
        <description>Автобус-33, 63. Троллейбус-12, 40.</description>
        <styleUrl>#icon-1532-000000</styleUrl>
        <Point>
          <coordinates>
            36.2570167,50.0272307,0
          </coordinates>
        </Point>
      </Placemark>
      <Placemark>
        <name>вул. Портали</name>
        <description>Автобус-33, 63. Троллейбус -12, 18, 40.</description>
        <styleUrl>#icon-1532-000000</styleUrl>
        <Point>
          <coordinates>
            36.2413456,50.0350643,0
          </coordinates>
        </Point>
      </Placemark>
      <Placemark>
        <name>вул. Новопрудна</name>
        <description>Автобус-33, 63. Троллейбус -12, 18, 40.</description>
        <styleUrl>#icon-1532-000000</styleUrl>
        <Point>
          <coordinates>
            36.2355091,50.0370727,0
          </coordinates>
        </Point>
      </Placemark>
      <Placemark>
        <name>вул. Космонавтів</name>
        <description>Автобус-33, 63. Троллейбус -12.</description>
        <styleUrl>#icon-1532-000000</styleUrl>
        <Point>
          <coordinates>
            36.2307138,50.0362983,0
          </coordinates>
        </Point>
      </Placemark>
      <Placemark>
        <name>Зупинка Павлове Поле</name>
        <description>Автобус-33, 63. Маршрутка -277е. Троллейбус -12.</description>
        <styleUrl>#icon-1532-000000</styleUrl>
        <Point>
          <coordinates>
            36.2263276,50.0348529,0
          </coordinates>
        </Point>
      </Placemark>
      <Placemark>
        <name>Станція метро 23 серпня</name>
        <description>Автобус-33, 63. Маршрутка -277е. Троллейбус -12.</description>
        <styleUrl>#icon-1626-000000</styleUrl>
        <Point>
          <coordinates>
            36.2206661,50.0337664,0
          </coordinates>
        </Point>
      </Placemark>
      <Placemark>
        <name>вул. Тобольська</name>
        <description>Автобус-33. Троллейбус -2, 18, 58.</description>
        <styleUrl>#icon-1532-000000</styleUrl>
        <Point>
          <coordinates>
            36.2215815,50.0303274,0
          </coordinates>
        </Point>
      </Placemark>
      <Placemark>
        <name>Станція метро Ботанічний сад</name>
        <description>Автобус-33. Троллейбус -2, 18, 58.</description>
        <styleUrl>#icon-1626-000000</styleUrl>
        <Point>
          <coordinates>
            36.2227402,50.0265022,0
          </coordinates>
        </Point>
      </Placemark>
      <Placemark>
        <name>вул. Європейська</name>
        <description>Автобус-20, 33. Троллейбус -2, 18, 58.</description>
        <styleUrl>#icon-1532-000000</styleUrl>
        <Point>
          <coordinates>
            36.2241834,50.0210912,0
          </coordinates>
        </Point>
      </Placemark>
      <Placemark>
        <name>вул. Космічна</name>
        <description>Автобус-20, 33. Троллейбус -2, 18, 58.</description>
        <styleUrl>#icon-1532-000000</styleUrl>
        <Point>
          <coordinates>
            36.2251126,50.0181777,0
          </coordinates>
        </Point>
      </Placemark>
      <Placemark>
        <name>Станція метро Наукова</name>
        <description>Автобус-20, 33. Троллейбус -2, 18, 58.</description>
        <styleUrl>#icon-1626-000000</styleUrl>
        <Point>
          <coordinates>
            36.2267695,50.0129133,0
          </coordinates>
        </Point>
      </Placemark>
      <Placemark>
        <name>вул. Чичібабіна</name>
        <description>Автобус-33. Троллейбус -2, 18, 58.</description>
        <styleUrl>#icon-1532-000000</styleUrl>
        <Point>
          <coordinates>
            36.2277531,50.0094452,0
          </coordinates>
        </Point>
      </Placemark>
      <Placemark>
        <name>Станція метро Держпром</name>
        <description>Автобус-33.</description>
        <styleUrl>#icon-1626-000000</styleUrl>
        <Point>
          <coordinates>
            36.2309704,50.0055245,0
          </coordinates>
        </Point>
      </Placemark>
    </Folder><Folder><name>Автобус №41</name><Placemark>
        <name>Лінія маршруту</name>
        <styleUrl>#line-A52714-5263-nodesc</styleUrl>
        <LineString>
          <tessellate>1</tessellate>
          <coordinates>
            36.3364476,50.0262631,0
            36.336571,50.0263423,0
            36.3367051,50.0263837,0
            36.336807,50.0263837,0
            36.3369841,50.0263492,0
            36.3372255,50.0262665,0
            36.3373864,50.0262252,0
            36.3383574,50.0274383,0
            36.3401437,50.0296231,0
            36.3414526,50.0312117,0
            36.342724,50.0327692,0
            36.3444996,50.0349125,0
            36.3458729,50.0365319,0
            36.3474501,50.0383856,0
            36.3493491,50.0406458,0
            36.3510925,50.0426991,0
            36.3523209,50.0441633,0
            36.3532436,50.0452381,0
            36.3539571,50.0449797,0
            36.3562531,50.0441116,0
            36.3590855,50.0430264,0
            36.3625294,50.0417448,0
            36.3637686,50.0412866,0
            36.3638437,50.0412039,0
            36.3639242,50.0411453,0
            36.3640046,50.0411178,0
            36.3641066,50.0410799,0
            36.3641709,50.0410695,0
          </coordinates>
        </LineString>
      </Placemark>
      <Placemark>
        <name>Станція метро Салтівська</name>
        <description>Автобус -41.</description>
        <styleUrl>#icon-1499-A52714</styleUrl>
        <Point>
          <coordinates>
            36.3363087,50.0262558,0
          </coordinates>
        </Point>
      </Placemark>
      <Placemark>
        <name>вул. Бучми</name>
        <description>Автобус -41.</description>
        <styleUrl>#icon-1532-A52714</styleUrl>
        <Point>
          <coordinates>
            36.341657,50.031434,0
          </coordinates>
        </Point>
      </Placemark>
      <Placemark>
        <name>вул. Ромашова</name>
        <description>Автобус -41.</description>
        <styleUrl>#icon-1532-A52714</styleUrl>
        <Point>
          <coordinates>
            36.3435632,50.0337322,0
          </coordinates>
        </Point>
      </Placemark>
      <Placemark>
        <name>Остановка МЖК Інтернпціоналіст</name>
        <description>Автобус -41.</description>
        <styleUrl>#icon-1546-A52714</styleUrl>
        <Point>
          <coordinates>
            36.3479727,50.0390058,0
          </coordinates>
        </Point>
      </Placemark>
      <Placemark>
        <name>Зупинка Північна Салтівка-3</name>
        <description>Автобус -41.</description>
        <styleUrl>#icon-1532-A52714</styleUrl>
        <Point>
          <coordinates>
            36.3514382,50.0430606,0
          </coordinates>
        </Point>
      </Placemark>
      <Placemark>
        <name>вул. Ужвій</name>
        <description>Автобус -41.</description>
        <styleUrl>#icon-1532-A52714</styleUrl>
        <Point>
          <coordinates>
            36.3531167,50.0449032,0
          </coordinates>
        </Point>
      </Placemark>
      <Placemark>
        <name>вул. Ужвій</name>
        <description>Автобус -41.</description>
        <styleUrl>#icon-1532-A52714</styleUrl>
        <Point>
          <coordinates>
            36.3581871,50.0433434,0
          </coordinates>
        </Point>
      </Placemark>
    <Placemark>
        <name>Лінія маршруту</name>
        <styleUrl>#line-000000-4875-nodesc</styleUrl>
        <LineString>
          <tessellate>1</tessellate>
          <coordinates>
            36.3641709,50.0410695,0
            36.3643765,50.041033,0
            36.3644999,50.0410502,0
            36.3644946,50.0411019,0
            36.3640815,50.04125,0
            36.3619465,50.0420459,0
            36.3564479,50.0441164,0
            36.3531703,50.0453531,0
            36.3522798,50.0443059,0
            36.3502252,50.0418736,0
            36.3487607,50.0401545,0
            36.3471997,50.0382767,0
            36.3456708,50.0364782,0
            36.3437611,50.0342213,0
            36.3417226,50.0317231,0
            36.3397378,50.0293005,0
            36.3372809,50.0263023,0
            36.3369375,50.0264126,0
            36.3363528,50.0265953,0
            36.3358217,50.026771,0
            36.3356286,50.0267917,0
            36.3355106,50.0267538,0
            36.3354301,50.0266642,0
            36.3354677,50.0265884,0
            36.3356179,50.0265195,0
            36.3358325,50.026423,0
            36.3360363,50.0263471,0
            36.3361597,50.026323,0
            36.3364476,50.0262631,0
          </coordinates>
        </LineString>
      </Placemark>
      <Placemark>
        <name>Зупинка Північна Салтівка</name>
        <description>Автобус -41.</description>
        <styleUrl>#icon-1499-000000</styleUrl>
        <Point>
          <coordinates>
            36.3640611,50.0410524,0
          </coordinates>
        </Point>
      </Placemark>
      <Placemark>
        <name>вул. Ужвій</name>
        <description>Автобус -41.</description>
        <styleUrl>#icon-1532-000000</styleUrl>
        <Point>
          <coordinates>
            36.3568091,50.0441308,0
          </coordinates>
        </Point>
      </Placemark>
      <Placemark>
        <name>Зупинка Північна Салтівка 3</name>
        <description>Автобус -41.</description>
        <styleUrl>#icon-1532-000000</styleUrl>
        <Point>
          <coordinates>
            36.3508234,50.0426939,0
          </coordinates>
        </Point>
      </Placemark>
      <Placemark>
        <name>Остановка МЖК Інтернаціоналіст</name>
        <description>Автобус -41.</description>
        <styleUrl>#icon-1546-000000</styleUrl>
        <Point>
          <coordinates>
            36.3472386,50.0385458,0
          </coordinates>
        </Point>
      </Placemark>
      <Placemark>
        <name>вул. Ромашова</name>
        <description>Автобус -41.</description>
        <styleUrl>#icon-1532-000000</styleUrl>
        <Point>
          <coordinates>
            36.34294,50.033392,0
          </coordinates>
        </Point>
      </Placemark>
      <Placemark>
        <name>вул. Бучми</name>
        <description>Автобус -41.</description>
        <styleUrl>#icon-1532-000000</styleUrl>
        <Point>
          <coordinates>
            36.3405986,50.0305329,0
          </coordinates>
        </Point>
      </Placemark>
      <Placemark>
        <name>Станція метро Салтівська</name>
        <description>Автобус -41.</description>
        <styleUrl>#icon-1626-000000</styleUrl>
        <Point>
          <coordinates>
            36.3369278,50.026452,0
          </coordinates>
        </Point>
      </Placemark>
    </Folder><Folder><name>Автобус №45</name><Placemark>
        <name>Лінія маршруту</name>
        <styleUrl>#line-A52714-5069-nodesc</styleUrl>
        <LineString>
          <tessellate>1</tessellate>
          <coordinates>
            36.3927667,49.9470347,0
            36.3941722,49.9466136,0
            36.3959639,49.9460129,0
            36.3991289,49.9449497,0
            36.400352,49.9445837,0
            36.4000516,49.9441971,0
            36.399601,49.9436793,0
            36.3991826,49.9431683,0
            36.39885,49.942761,0
            36.3986676,49.9425331,0
            36.3985496,49.9422915,0
            36.3985174,49.9420222,0
            36.3986461,49.9417529,0
            36.4013069,49.938549,0
            36.4025836,49.9369746,0
            36.4051585,49.9338394,0
            36.4062529,49.9325204,0
            36.4064567,49.9323063,0
            36.4070253,49.93174,0
            36.4107053,49.9271817,0
            36.413409,49.9238595,0
            36.4161663,49.9205646,0
            36.4164882,49.9201294,0
            36.4167457,49.9196044,0
            36.4187412,49.9171037,0
            36.420608,49.9148377,0
            36.4202754,49.914817,0
            36.4198677,49.9147548,0
            36.4198463,49.9146097,0
            36.4200072,49.9145268,0
            36.4203291,49.9146097,0
            36.4204793,49.9147272,0
            36.4208012,49.9148239,0
            36.4198785,49.9159154,0
          </coordinates>
        </LineString>
      </Placemark>
      <Placemark>
        <name>вул. 12 Квітня</name>
        <description>Маршрутка -121е. Троллейбус-45, 46, 51, 52, 53.</description>
        <styleUrl>#icon-1499-A52714</styleUrl>
        <Point>
          <coordinates>
            36.3925758,49.9470207,0
          </coordinates>
        </Point>
      </Placemark>
      <Placemark>
        <name>Станція метро Індустріальна</name>
        <description>Автобус – 45. Маршрутка – 121е. Троллейбус-45, 51, 52, 53.</description>
        <styleUrl>#icon-1626-A52714</styleUrl>
        <Point>
          <coordinates>
            36.3976819,49.9452348,0
          </coordinates>
        </Point>
      </Placemark>
      <Placemark>
        <name>Остановка 18 поліклініка</name>
        <description>Автобус - 45. Маршрутка -121е, 252е. Троллейбус-45, 51, 52.</description>
        <styleUrl>#icon-1624-A52714</styleUrl>
        <Point>
          <coordinates>
            36.3993722,49.9434609,0
          </coordinates>
        </Point>
      </Placemark>
      <Placemark>
        <name>Остановка бул. Івана Каркача</name>
        <description>Автобус – 45. Маршрутка -121е. Троллейбус-45, 51, 52.</description>
        <styleUrl>#icon-1532-A52714</styleUrl>
        <Point>
          <coordinates>
            36.4029069,49.9364932,0
          </coordinates>
        </Point>
      </Placemark>
      <Placemark>
        <name>вул. Мохначанська</name>
        <description>Автобус – 45. Маршрутка -121е. Троллейбус-45, 51, 52.</description>
        <styleUrl>#icon-1532-A52714</styleUrl>
        <Point>
          <coordinates>
            36.4065118,49.9320873,0
          </coordinates>
        </Point>
      </Placemark>
      <Placemark>
        <name>вул. Гур'євська</name>
        <description>Автобус – 45. Маршрутка -121е. Троллейбус-45, 51, 52.</description>
        <styleUrl>#icon-1532-A52714</styleUrl>
        <Point>
          <coordinates>
            36.4091618,49.9288966,0
          </coordinates>
        </Point>
      </Placemark>
      <Placemark>
        <name>вул. 92 Бригади</name>
        <description>Автобус – 45. Троллейбус-45, 51, 59.</description>
        <styleUrl>#icon-1532-A52714</styleUrl>
        <Point>
          <coordinates>
            36.4141721,49.9230326,0
          </coordinates>
        </Point>
      </Placemark>
      <Placemark>
        <name>вул. Граківська</name>
        <description>Автобус – 45. Троллейбус-45, 51, 59.</description>
        <styleUrl>#icon-1624-A52714</styleUrl>
        <Point>
          <coordinates>
            36.4154837,49.9212255,0
          </coordinates>
        </Point>
      </Placemark>
      <Placemark>
        <name>вул. Луї Пастера</name>
        <description>Автобус – 45. Троллейбус-45, 51, 59.</description>
        <styleUrl>#icon-1532-A52714</styleUrl>
        <Point>
          <coordinates>
            36.4171226,49.9188949,0
          </coordinates>
        </Point>
      </Placemark>
      <Placemark>
        <name>вул. Роганська</name>
        <description>Троллейбус-45.</description>
        <styleUrl>#icon-1532-A52714</styleUrl>
        <Point>
          <coordinates>
            36.4200316,49.9147095,0
          </coordinates>
        </Point>
      </Placemark>
    <Placemark>
        <name>Лінія маршруту</name>
        <styleUrl>#line-000000-5069-nodesc</styleUrl>
        <LineString>
          <tessellate>1</tessellate>
          <coordinates>
            36.4198785,49.9159154,0
            36.4198525,49.9159441,0
            36.4192839,49.9166522,0
            36.4175994,49.9186901,0
            36.4169289,49.919564,0
            36.4167197,49.9199232,0
            36.4164675,49.920386,0
            36.416312,49.9205621,0
            36.4155234,49.9215016,0
            36.4144291,49.9228416,0
            36.4140321,49.9233113,0
            36.4130826,49.9244614,0
            36.4117844,49.9260604,0
            36.4105881,49.9275177,0
            36.4091076,49.9293307,0
            36.4076914,49.9311057,0
            36.4069672,49.9320035,0
            36.4066399,49.9323695,0
            36.4064361,49.9325042,0
            36.4062752,49.9326457,0
            36.4052559,49.9339199,0
            36.4040543,49.9353943,0
            36.402402,49.9373899,0
            36.4006693,49.9395064,0
            36.3988991,49.9416365,0
            36.398647,49.9420784,0
            36.3987113,49.9422752,0
            36.3988615,49.9425652,0
            36.3991029,49.9428276,0
            36.4004065,49.9444674,0
            36.400546,49.9446227,0
            36.3984324,49.945289,0
            36.3949294,49.9464351,0
            36.3926603,49.9471566,0
            36.3904072,49.9477986,0
            36.3902034,49.9475742,0
            36.3903965,49.9470185,0
            36.3905091,49.9467527,0
            36.390831,49.9466284,0
            36.391008,49.9465939,0
            36.3915927,49.9473913,0
            36.3927667,49.9470347,0
          </coordinates>
        </LineString>
      </Placemark>
      <Placemark>
        <name>вул. Роганська</name>
        <description>Тролейбус-45, 59.</description>
        <styleUrl>#icon-1499-000000</styleUrl>
        <Point>
          <coordinates>
            36.4202233,49.9159519,0
          </coordinates>
        </Point>
      </Placemark>
      <Placemark>
        <name>вул. Луї Пастера</name>
        <description>Автобус – 45. Троллейбус-45, 51, 59.</description>
        <styleUrl>#icon-1532-000000</styleUrl>
        <Point>
          <coordinates>
            36.4169846,49.9198924,0
          </coordinates>
        </Point>
      </Placemark>
      <Placemark>
        <name>вул. Граківська</name>
        <description>Автобус – 45. Троллейбус-45, 51, 59.</description>
        <styleUrl>#icon-1624-000000</styleUrl>
        <Point>
          <coordinates>
            36.415945,49.9211357,0
          </coordinates>
        </Point>
      </Placemark>
      <Placemark>
        <name>вул. 92 Бригади</name>
        <description>Автобус – 45. Троллейбус-45, 51, 59.</description>
        <styleUrl>#icon-1532-000000</styleUrl>
        <Point>
          <coordinates>
            36.413965,49.9235141,0
          </coordinates>
        </Point>
      </Placemark>
      <Placemark>
        <name>вул. Гур'євська</name>
        <description>Автобус – 45. Маршрутка -121е. Троллейбус-45, 51, 52.</description>
        <styleUrl>#icon-1532-000000</styleUrl>
        <Point>
          <coordinates>
            36.4093148,49.9291797,0
          </coordinates>
        </Point>
      </Placemark>
      <Placemark>
        <name>вул. Мохначанська</name>
        <description>Автобус – 45. Троллейбус-45, 51, 59.</description>
        <styleUrl>#icon-1532-000000</styleUrl>
        <Point>
          <coordinates>
            36.4061919,49.9328826,0
          </coordinates>
        </Point>
      </Placemark>
      <Placemark>
        <name>Остановка бул. Івана Каркача</name>
        <description>Автобус – 45. Маршрутка -121е. Троллейбус-45, 51, 52.</description>
        <styleUrl>#icon-1532-000000</styleUrl>
        <Point>
          <coordinates>
            36.4029557,49.9371636,0
          </coordinates>
        </Point>
      </Placemark>
      <Placemark>
        <name>Остановка 18 поліклініка</name>
        <description>Автобус - 45. Маршрутка -121е, 252е. Троллейбус-45, 51, 52.</description>
        <styleUrl>#icon-1624-000000</styleUrl>
        <Point>
          <coordinates>
            36.3995224,49.94298,0
          </coordinates>
        </Point>
      </Placemark>
      <Placemark>
        <name>Станція метро Індустріальна</name>
        <description>Автобус – 45. Маршрутка -121е. Троллейбус-45, 51, 52, 53.</description>
        <styleUrl>#icon-1626-000000</styleUrl>
        <Point>
          <coordinates>
            36.3981419,49.945433,0
          </coordinates>
        </Point>
      </Placemark>
      <Placemark>
        <name>вул. 12 квітня</name>
        <description>Троллейбус-45, 46, 53.</description>
        <styleUrl>#icon-1532-000000</styleUrl>
        <Point>
          <coordinates>
            36.3910716,49.9469242,0
          </coordinates>
        </Point>
      </Placemark>
    </Folder><Folder><name>Автобус №47</name><Placemark>
        <name>Лінія маршруту</name>
        <styleUrl>#line-A52714-5069-nodesc</styleUrl>
        <LineString>
          <tessellate>1</tessellate>
          <coordinates>
            36.3663188,50.0165513,0
            36.3659142,50.0167809,0
            36.3652383,50.0171808,0
            36.3640152,50.017815,0
            36.3620411,50.0188215,0
            36.3608287,50.0193661,0
            36.359831,50.0197935,0
            36.3591121,50.020021,0
            36.3583933,50.0202347,0
            36.3574384,50.0204553,0
            36.3560651,50.0207241,0
            36.3549493,50.0208689,0
            36.3538335,50.0209929,0
            36.3529967,50.0210067,0
            36.3503145,50.0210619,0
            36.3487803,50.0210825,0
            36.3478254,50.0211239,0
            36.3469134,50.0211722,0
            36.3461302,50.0212204,0
            36.3453685,50.0212893,0
            36.3443278,50.0214617,0
            36.3431369,50.0217788,0
            36.3414417,50.0223371,0
            36.3368283,50.0238674,0
            36.3312493,50.0257284,0
            36.3304125,50.0260041,0
            36.3298117,50.0261833,0
            36.3254772,50.0276032,0
            36.3249944,50.02781,0
            36.3243292,50.0279616,0
            36.3237499,50.0280719,0
            36.32331,50.0281822,0
            36.320896,50.028575,0
            36.3188361,50.0288714,0
            36.3172268,50.0290299,0
            36.3147484,50.0291953,0
            36.3134609,50.0292091,0
            36.3103281,50.0291884,0
            36.3081502,50.0291333,0
            36.3072919,50.0290988,0
            36.3062297,50.0290713,0
            36.3055538,50.0291333,0
            36.3048993,50.0291953,0
            36.3036333,50.0293469,0
            36.3026463,50.0294434,0
            36.3023888,50.0293538,0
            36.3022278,50.0292505,0
            36.3016699,50.0286164,0
            36.3008116,50.0276652,0
            36.2975608,50.0240673,0
            36.2964021,50.0227852,0
            36.2938057,50.0200141,0
            36.2931727,50.019373,0
            36.2928723,50.0190283,0
            36.2926041,50.0187112,0
            36.2920354,50.017491,0
            36.2914775,50.0162018,0
            36.2912201,50.0157537,0
            36.2898468,50.0142301,0
            36.2890636,50.0134786,0
            36.2883447,50.0129339,0
            36.2866818,50.011686,0
            36.2840639,50.0098313,0
            36.2823151,50.008735,0
            36.2789677,50.0065906,0
            36.2747513,50.0040254,0
            36.2734424,50.0034668,0
            36.2707172,50.0024393,0
            36.2700628,50.0022256,0
            36.2691401,50.002791,0
            36.2684213,50.0032186,0
            36.2678419,50.0033979,0
            36.2666403,50.0036048,0
            36.2658142,50.0037772,0
            36.2643014,50.0040323,0
            36.2630032,50.0042599,0
            36.2622629,50.0043426,0
            36.2616621,50.0044254,0
            36.2611579,50.0045633,0
            36.2603854,50.0049218,0
            36.2600313,50.0051977,0
            36.2595593,50.0056528,0
            36.2591408,50.0062665,0
            36.2585507,50.007418,0
            36.2585078,50.0080317,0
            36.2585937,50.0085419,0
            36.258819,50.008997,0
            36.2590121,50.0094245,0
            36.2589799,50.0097555,0
            36.258819,50.0101002,0
            36.2583576,50.0104105,0
            36.2549459,50.011493,0
            36.249678,50.0130787,0
            36.2483905,50.0134855,0
            36.2455259,50.0146575,0
            36.2435626,50.0128719,0
            36.2401937,50.0098451,0
            36.2387882,50.0085833,0
            36.2379836,50.0079696,0
            36.2375866,50.0075628,0
            36.2371574,50.0070732,0
            36.2363421,50.0058114,0
            36.2339817,50.0066388,0
            36.2324046,50.0073904,0
            36.231042,50.0080386,0
            36.2304841,50.0082316,0
            36.2295078,50.0084247,0
            36.2285422,50.0084868,0
            36.2281452,50.0084937,0
            36.2282096,50.0080179,0
            36.2284242,50.0079558,0
            36.2287031,50.0079696,0
            36.2293683,50.0080317,0
            36.2303983,50.0079834,0
            36.231042,50.007811,0
            36.2318467,50.0074387,0
            36.2333165,50.0068526,0
            36.2347113,50.0062182,0
            36.2352017,50.0060713,0
          </coordinates>
        </LineString>
      </Placemark>
      <Placemark>
        <name>вул. Світла</name>
        <description>Автобус-47, 222, 272.</description>
        <styleUrl>#icon-1499-A52714</styleUrl>
        <Point>
          <coordinates>
            36.366581,50.0161792,0
          </coordinates>
        </Point>
      </Placemark>
      <Placemark>
        <name>Володимирська церква</name>
        <description>Автобус-47, 222.</description>
        <styleUrl>#icon-1670-A52714</styleUrl>
        <Point>
          <coordinates>
            36.3596409,50.019981,0
          </coordinates>
        </Point>
      </Placemark>
      <Placemark>
        <name>Остановка 531 мікрорайон</name>
        <description>Автобус-47, 222.</description>
        <styleUrl>#icon-1546-A52714</styleUrl>
        <Point>
          <coordinates>
            36.3564606,50.0207806,0
          </coordinates>
        </Point>
      </Placemark>
      <Placemark>
        <name>вул. Гвардійців Широнінців</name>
        <description>Автобус-47, 222.</description>
        <styleUrl>#icon-1532-A52714</styleUrl>
        <Point>
          <coordinates>
            36.3472363,50.0211931,0
          </coordinates>
        </Point>
      </Placemark>
      <Placemark>
        <name>Салтівський Ринок</name>
        <description>Автобус-47, 63, 222.</description>
        <styleUrl>#icon-1578-A52714</styleUrl>
        <Point>
          <coordinates>
            36.3420435,50.0221444,0
          </coordinates>
        </Point>
      </Placemark>
      <Placemark>
        <name>Станція метро Салтівська</name>
        <description>Автобус-47, 63.</description>
        <styleUrl>#icon-1626-A52714</styleUrl>
        <Point>
          <coordinates>
            36.3348154,50.0246352,0
          </coordinates>
        </Point>
      </Placemark>
      <Placemark>
        <name>Остановка Піски</name>
        <description>Автобус-47, 63, 208.</description>
        <styleUrl>#icon-1532-A52714</styleUrl>
        <Point>
          <coordinates>
            36.3304809,50.0260965,0
          </coordinates>
        </Point>
      </Placemark>
      <Placemark>
        <name>вул. Барабашова</name>
        <description>Автобус-47, 63, 208.</description>
        <styleUrl>#icon-1532-A52714</styleUrl>
        <Point>
          <coordinates>
            36.325245,50.0278367,0
          </coordinates>
        </Point>
      </Placemark>
      <Placemark>
        <name>Сосновий бір</name>
        <description>Автобус-47, 63, 208, 272.</description>
        <styleUrl>#icon-1720-A52714</styleUrl>
        <Point>
          <coordinates>
            36.3163042,50.0291629,0
          </coordinates>
        </Point>
      </Placemark>
      <Placemark>
        <name>вул. Архітектора Гінзбурга</name>
        <description>Автобус-47, 63, 208, 272.</description>
        <styleUrl>#icon-1532-A52714</styleUrl>
        <Point>
          <coordinates>
            36.3042664,50.0292525,0
          </coordinates>
        </Point>
      </Placemark>
      <Placemark>
        <name>вул. Саперна</name>
        <description>Автобус-47, 63, 208, 272.</description>
        <styleUrl>#icon-1532-A52714</styleUrl>
        <Point>
          <coordinates>
            36.302007,50.0290811,0
          </coordinates>
        </Point>
      </Placemark>
      <Placemark>
        <name>вул. Борткевича</name>
        <description>Автобус-47, 241, 272.</description>
        <styleUrl>#icon-1532-A52714</styleUrl>
        <Point>
          <coordinates>
            36.2972914,50.0239746,0
          </coordinates>
        </Point>
      </Placemark>
      <Placemark>
        <name>Журавлівський гідропарк</name>
        <description>Автобус-47, 241, 272.</description>
        <styleUrl>#icon-1720-A52714</styleUrl>
        <Point>
          <coordinates>
            36.2930713,50.0192049,0
          </coordinates>
        </Point>
      </Placemark>
      <Placemark>
        <name>вул. Тахіатаська</name>
        <description>Автобус-47, 241, 272.</description>
        <styleUrl>#icon-1532-A52714</styleUrl>
        <Point>
          <coordinates>
            36.2890605,50.0138954,0
          </coordinates>
        </Point>
      </Placemark>
      <Placemark>
        <name>вул. Луганська</name>
        <description>Автобус-47, 241, 272.</description>
        <styleUrl>#icon-1532-A52714</styleUrl>
        <Point>
          <coordinates>
            36.285901,50.0110826,0
          </coordinates>
        </Point>
      </Placemark>
      <Placemark>
        <name>Зупинка Житлово-комунальний технікум</name>
        <description>Автобус-47, 241, 272.</description>
        <styleUrl>#icon-1726-A52714</styleUrl>
        <Point>
          <coordinates>
            36.2801184,50.0074041,0
          </coordinates>
        </Point>
      </Placemark>
      <Placemark>
        <name>вул. Кольцовська</name>
        <description>Автобус-47, 241, 272.</description>
        <styleUrl>#icon-1532-A52714</styleUrl>
        <Point>
          <coordinates>
            36.2738539,50.0036495,0
          </coordinates>
        </Point>
      </Placemark>
      <Placemark>
        <name>Станція метро Київська</name>
        <description>Автобус-47, 241, 272.</description>
        <styleUrl>#icon-1626-A52714</styleUrl>
        <Point>
          <coordinates>
            36.2697647,50.0024594,0
          </coordinates>
        </Point>
      </Placemark>
      <Placemark>
        <name>вул. Петропавлівська</name>
        <description>Автобус- 47.</description>
        <styleUrl>#icon-1532-A52714</styleUrl>
        <Point>
          <coordinates>
            36.2633193,50.0041955,0
          </coordinates>
        </Point>
      </Placemark>
      <Placemark>
        <name>вул. Мироносицька</name>
        <description>Автобус-47.</description>
        <styleUrl>#icon-1532-A52714</styleUrl>
        <Point>
          <coordinates>
            36.2478534,50.0137204,0
          </coordinates>
        </Point>
      </Placemark>
      <Placemark>
        <name>вул. Олеся Гончара</name>
        <description>Автобус-31, 47, 62, 96. Троллейбус-2, 40, 55.</description>
        <styleUrl>#icon-1532-A52714</styleUrl>
        <Point>
          <coordinates>
            36.2438018,50.0130965,0
          </coordinates>
        </Point>
      </Placemark>
      <Placemark>
        <name>вул. Миколи Хвильового</name>
        <description>Автобус-31, 47, 62, 96. Троллейбус-2, 40, 55.</description>
        <styleUrl>#icon-1532-A52714</styleUrl>
        <Point>
          <coordinates>
            36.2407395,50.0103712,0
          </coordinates>
        </Point>
      </Placemark>
      <Placemark>
        <name>Станція метро Університет</name>
        <description>Автобус-31, 47, 62, 96. Троллейбус-2, 40, 55.</description>
        <styleUrl>#icon-1626-A52714</styleUrl>
        <Point>
          <coordinates>
            36.236709,50.0064841,0
          </coordinates>
        </Point>
      </Placemark>
      <Placemark>
        <name>вул. Трінклера</name>
        <description>Автобус-31, 47, 62, 96. Троллейбус-2, 40, 55.</description>
        <styleUrl>#icon-1532-A52714</styleUrl>
        <Point>
          <coordinates>
            36.2329915,50.0071254,0
          </coordinates>
        </Point>
      </Placemark>
    <Placemark>
        <name>Лінія маршруту</name>
        <styleUrl>#line-000000-5263-nodesc</styleUrl>
        <LineString>
          <tessellate>1</tessellate>
          <coordinates>
            36.2352017,50.0060713,0
            36.2364033,50.0056782,0
            36.2367842,50.006254,0
            36.2372187,50.0068504,0
            36.2375674,50.0073676,0
            36.2377444,50.0075296,0
            36.2380985,50.007864,0
            36.2384955,50.008195,0
            36.2388495,50.0084639,0
            36.2393001,50.008857,0
            36.2402174,50.0096947,0
            36.241065,50.0104807,0
            36.2423793,50.0116632,0
            36.2440584,50.0131421,0
            36.2456033,50.0145278,0
            36.2461827,50.0143003,0
            36.247615,50.0136488,0
            36.2483123,50.0133799,0
            36.248602,50.0132765,0
            36.2491492,50.0131145,0
            36.2513271,50.0124595,0
            36.2543259,50.0115425,0
            36.2566004,50.0108324,0
            36.2577162,50.0104876,0
            36.2582848,50.0102808,0
            36.2585208,50.0101015,0
            36.2587408,50.0098878,0
            36.2588105,50.0096775,0
            36.2588427,50.0094775,0
            36.2587837,50.0092879,0
            36.2586496,50.0090397,0
            36.2584618,50.0085915,0
            36.2583974,50.0084157,0
            36.2583438,50.0082123,0
            36.2583331,50.0080226,0
            36.2583814,50.0075882,0
            36.2584511,50.0072573,0
            36.2585155,50.0070745,0
            36.258773,50.0065815,0
            36.2590251,50.0061402,0
            36.2591967,50.0058472,0
            36.259465,50.0054989,0
            36.2598083,50.0051679,0
            36.2601248,50.00493,0
            36.2606022,50.0046611,0
            36.2609724,50.0045163,0
            36.2615678,50.0043577,0
            36.2620345,50.0042612,0
            36.2634615,50.0040543,0
            36.2644753,50.0038681,0
            36.2665353,50.0034923,0
            36.2674848,50.0033233,0
            36.2680749,50.0031992,0
            36.2683109,50.0031268,0
            36.2696252,50.0023406,0
            36.2700543,50.0020683,0
            36.2703279,50.0021614,0
            36.2708644,50.0023372,0
            36.273788,50.0034509,0
            36.2741527,50.0036061,0
            36.2749467,50.0039543,0
            36.2752471,50.0041336,0
            36.2756548,50.0043853,0
            36.2767759,50.0050817,0
            36.2790022,50.0064471,0
            36.2812016,50.0078537,0
            36.2831542,50.0091017,0
            36.2844095,50.0098809,0
            36.2853107,50.01046,0
            36.2869415,50.0116873,0
            36.288803,50.0131145,0
            36.2892482,50.0134489,0
            36.2894306,50.0136798,0
            36.2907771,50.0149484,0
            36.2912813,50.0155171,0
            36.2914852,50.0158894,0
            36.2919197,50.0168408,0
            36.2926117,50.0183057,0
            36.292896,50.0187918,0
            36.2932072,50.0191744,0
            36.2936578,50.019619,0
            36.29428,50.0203152,0
            36.2954441,50.0215526,0
            36.296914,50.0231518,0
            36.298652,50.0250336,0
            36.3000039,50.0264914,0
            36.3019458,50.0286831,0
            36.3026593,50.0293689,0
            36.3030455,50.0293276,0
            36.305084,50.0290829,0
            36.3059262,50.0289209,0
            36.306586,50.0289003,0
            36.3079432,50.0289623,0
            36.3084153,50.0290381,0
            36.308705,50.0290484,0
            36.3114462,50.029107,0
            36.3130823,50.0291001,0
            36.3144663,50.0290863,0
            36.3160435,50.0290036,0
            36.3171378,50.0289278,0
            36.3191388,50.0287211,0
            36.3207481,50.0285108,0
            36.3229636,50.0281455,0
            36.3240955,50.0278871,0
            36.3245783,50.0277355,0
            36.325458,50.027508,0
            36.3261447,50.0272806,0
            36.3298622,50.0260709,0
            36.3304952,50.0258262,0
            36.3311926,50.0256194,0
            36.3339392,50.0247268,0
            36.3362566,50.0239583,0
            36.3392714,50.0229622,0
            36.3420448,50.0220317,0
            36.3429192,50.021749,0
            36.343681,50.0215181,0
            36.3439975,50.0214354,0
            36.3442067,50.0213871,0
            36.344609,50.0213044,0
            36.3451455,50.0212217,0
            36.3457409,50.0211424,0
            36.3462881,50.0210976,0
            36.3485197,50.0209873,0
            36.3491634,50.0209735,0
            36.350424,50.0209529,0
            36.35272,50.020915,0
            36.3537339,50.0208874,0
            36.3543991,50.0208391,0
            36.3553969,50.0207357,0
            36.3564536,50.0205634,0
            36.3571725,50.0204186,0
            36.3581059,50.0202049,0
            36.3586584,50.0200567,0
            36.3596026,50.0197534,0
            36.360434,50.019426,0
            36.3621936,50.0186263,0
            36.363068,50.0181748,0
            36.3645271,50.0174544,0
            36.3662223,50.0164961,0
            36.3668445,50.0160756,0
            36.3669625,50.0161445,0
            36.3663188,50.0165513,0
          </coordinates>
        </LineString>
      </Placemark>
      <Placemark>
        <name>Станція метро Університет</name>
        <description>Автобус-41.</description>
        <styleUrl>#icon-1499-000000</styleUrl>
        <Point>
          <coordinates>
            36.2351678,50.0060113,0
          </coordinates>
        </Point>
      </Placemark>
      <Placemark>
        <name>Станція метро Університет</name>
        <description>Автобус-31, 47, 62, 96. Троллейбус-2, 40, 55.</description>
        <styleUrl>#icon-1626-000000</styleUrl>
        <Point>
          <coordinates>
            36.2370507,50.0064355,0
          </coordinates>
        </Point>
      </Placemark>
      <Placemark>
        <name>вул. Миколи Хвильового</name>
        <description>Автобус-31, 47, 62, 96. Троллейбус-2, 40, 55.</description>
        <styleUrl>#icon-1532-000000</styleUrl>
        <Point>
          <coordinates>
            36.2411921,50.0103484,0
          </coordinates>
        </Point>
      </Placemark>
      <Placemark>
        <name>вул. Мироносицька</name>
        <description>Автобус-47.</description>
        <styleUrl>#icon-1532-000000</styleUrl>
        <Point>
          <coordinates>
            36.2476188,50.0136904,0
          </coordinates>
        </Point>
      </Placemark>
      <Placemark>
        <name>вул. Петропавлівська</name>
        <description>Автобус-47.</description>
        <styleUrl>#icon-1532-000000</styleUrl>
        <Point>
          <coordinates>
            36.2632229,50.0040545,0
          </coordinates>
        </Point>
      </Placemark>
      <Placemark>
        <name>Станція метро Київська</name>
        <description>Автобус-47, 241, 272.</description>
        <styleUrl>#icon-1626-000000</styleUrl>
        <Point>
          <coordinates>
            36.2705051,50.0022439,0
          </coordinates>
        </Point>
      </Placemark>
      <Placemark>
        <name>вул. Кольцовська</name>
        <description>Автобус-47, 241, 272.</description>
        <styleUrl>#icon-1532-000000</styleUrl>
        <Point>
          <coordinates>
            36.2746893,50.0037748,0
          </coordinates>
        </Point>
      </Placemark>
      <Placemark>
        <name>Зупинка Житлово-комунальний технікум</name>
        <description>Автобус-47, 241, 272.</description>
        <styleUrl>#icon-1726-000000</styleUrl>
        <Point>
          <coordinates>
            36.2809442,50.0075812,0
          </coordinates>
        </Point>
      </Placemark>
      <Placemark>
        <name>вул. Луганська</name>
        <description>Автобус-47, 241, 272.</description>
        <styleUrl>#icon-1532-000000</styleUrl>
        <Point>
          <coordinates>
            36.2865342,50.0112374,0
          </coordinates>
        </Point>
      </Placemark>
      <Placemark>
        <name>вул. Тахіатаська</name>
        <description>Автобус-241е.</description>
        <styleUrl>#icon-1532-000000</styleUrl>
        <Point>
          <coordinates>
            36.2895615,50.0135946,0
          </coordinates>
        </Point>
      </Placemark>
      <Placemark>
        <name>Журавлівський гідропарк</name>
        <description>Автобус-47, 241, 272.</description>
        <styleUrl>#icon-1720-000000</styleUrl>
        <Point>
          <coordinates>
            36.293445,50.0193152,0
          </coordinates>
        </Point>
      </Placemark>
      <Placemark>
        <name>вул. Ковпака</name>
        <description>Автобус-47, 241, 272.</description>
        <styleUrl>#icon-1532-000000</styleUrl>
        <Point>
          <coordinates>
            36.297108,50.0233978,0
          </coordinates>
        </Point>
      </Placemark>
      <Placemark>
        <name>вул. Архітектора Гінзбурга</name>
        <description>Автобус-47, 63, 208, 272.</description>
        <styleUrl>#icon-1532-000000</styleUrl>
        <Point>
          <coordinates>
            36.3032933,50.0291592,0
          </coordinates>
        </Point>
      </Placemark>
      <Placemark>
        <name>Сосновий бір</name>
        <description>Автобус-47, 63, 208, 272.</description>
        <styleUrl>#icon-1720-000000</styleUrl>
        <Point>
          <coordinates>
            36.3161947,50.0288629,0
          </coordinates>
        </Point>
      </Placemark>
      <Placemark>
        <name>вул. Барабашова</name>
        <description>Автобус-47, 63, 208.</description>
        <styleUrl>#icon-1532-000000</styleUrl>
        <Point>
          <coordinates>
            36.3250209,50.0274722,0
          </coordinates>
        </Point>
      </Placemark>
      <Placemark>
        <name>Остановка Піски</name>
        <description>Автобус-47, 63, 208.</description>
        <styleUrl>#icon-1532-000000</styleUrl>
        <Point>
          <coordinates>
            36.3311121,50.0255132,0
          </coordinates>
        </Point>
      </Placemark>
      <Placemark>
        <name>Станція метро Салтівська</name>
        <description>Автобус-47, 63.</description>
        <styleUrl>#icon-1626-000000</styleUrl>
        <Point>
          <coordinates>
            36.3361058,50.0239205,0
          </coordinates>
        </Point>
      </Placemark>
      <Placemark>
        <name>Салтівський ринок</name>
        <description>Автобус-47, 63, 222.</description>
        <styleUrl>#icon-1578-000000</styleUrl>
        <Point>
          <coordinates>
            36.342672,50.0217837,0
          </coordinates>
        </Point>
      </Placemark>
      <Placemark>
        <name>вул. Гвардійців Широнінців</name>
        <description>Автобус-47, 222.</description>
        <styleUrl>#icon-1532-000000</styleUrl>
        <Point>
          <coordinates>
            36.3484707,50.0209358,0
          </coordinates>
        </Point>
      </Placemark>
      <Placemark>
        <name>Остановка 531 мікрорайон</name>
        <description>Автобус-47, 222.</description>
        <styleUrl>#icon-1546-000000</styleUrl>
        <Point>
          <coordinates>
            36.356689,50.020412,0
          </coordinates>
        </Point>
      </Placemark>
      <Placemark>
        <name>вул. Олеся Гончара</name>
        <description>Автобус-31, 47, 62, 96. Троллейбус-2, 40, 55.</description>
        <styleUrl>#icon-1532-000000</styleUrl>
        <Point>
          <coordinates>
            36.2438785,50.0129397,0
          </coordinates>
        </Point>
      </Placemark>
      <Placemark>
        <name>Володимирська церква</name>
        <description>Автобус-47е, 212е, 266е.</description>
        <styleUrl>#icon-1670-000000</styleUrl>
        <Point>
          <coordinates>
            36.3611736,50.0189643,0
          </coordinates>
        </Point>
      </Placemark>
    </Folder><Folder><name>Автобус №48</name><Placemark>
        <name>Лінія маршруту</name>
        <styleUrl>#line-A52714-5069-nodesc</styleUrl>
        <LineString>
          <tessellate>1</tessellate>
          <coordinates>
            36.3369028,50.0263709,0
            36.3373641,50.0262158,0
            36.3384853,50.027615,0
            36.3403253,50.0298412,0
            36.3417415,50.0315711,0
            36.3429216,50.0330252,0
            36.3440589,50.0343691,0
            36.3459686,50.0366363,0
            36.3462476,50.0365639,0
            36.3488386,50.0359472,0
            36.349772,50.0357404,0
            36.3533071,50.0349617,0
            36.3547287,50.0346275,0
            36.3585482,50.033766,0
            36.359149,50.0336454,0
            36.3611607,50.0332044,0
            36.3639555,50.0326152,0
            36.366686,50.0319742,0
            36.3673619,50.0318536,0
            36.367378,50.031926,0
            36.367083,50.0320018,0
            36.3668147,50.0320259,0
            36.3667128,50.0320156,0
          </coordinates>
        </LineString>
      </Placemark>
      <Placemark>
        <name>Станція метро Салтівська</name>
        <description>Автобус -41е.</description>
        <styleUrl>#icon-1499-A52714</styleUrl>
        <Point>
          <coordinates>
            36.3363087,50.0262558,0
          </coordinates>
        </Point>
      </Placemark>
      <Placemark>
        <name>вул. Бучми</name>
        <description>Автобус -41.</description>
        <styleUrl>#icon-1532-A52714</styleUrl>
        <Point>
          <coordinates>
            36.341657,50.031434,0
          </coordinates>
        </Point>
      </Placemark>
      <Placemark>
        <name>вул. Леся Сердюка</name>
        <description>Автобус-48, 206.</description>
        <styleUrl>#icon-1532-A52714</styleUrl>
        <Point>
          <coordinates>
            36.3468564,50.0363361,0
          </coordinates>
        </Point>
      </Placemark>
      <Placemark>
        <name>вул. Сатиричний</name>
        <description>Автобус -41.</description>
        <styleUrl>#icon-1532-A52714</styleUrl>
        <Point>
          <coordinates>
            36.3435632,50.0337322,0
          </coordinates>
        </Point>
      </Placemark>
      <Placemark>
        <name>Зупинка м/н Північна-2</name>
        <description>Автобус-48, 206.</description>
        <styleUrl>#icon-1546-A52714</styleUrl>
        <Point>
          <coordinates>
            36.3508149,50.0354497,0
          </coordinates>
        </Point>
      </Placemark>
      <Placemark>
        <name>вул. Соборності України</name>
        <description>Автобус-48, 206.</description>
        <styleUrl>#icon-1532-A52714</styleUrl>
        <Point>
          <coordinates>
            36.3537117,50.0347881,0
          </coordinates>
        </Point>
      </Placemark>
      <Placemark>
        <name>вул. Гвардійців Широнінців</name>
        <description>Автобус-48, 206.</description>
        <styleUrl>#icon-1532-A52714</styleUrl>
        <Point>
          <coordinates>
            36.3600372,50.0333535,0
          </coordinates>
        </Point>
      </Placemark>
      <Placemark>
        <name>вул. Соборності України</name>
        <description>Автобус-48, 206.</description>
        <styleUrl>#icon-1532-A52714</styleUrl>
        <Point>
          <coordinates>
            36.3632344,50.0327263,0
          </coordinates>
        </Point>
      </Placemark>
    <Placemark>
        <name>Лінія маршруту</name>
        <styleUrl>#line-000000-4875-nodesc</styleUrl>
        <LineString>
          <tessellate>1</tessellate>
          <coordinates>
            36.3667128,50.0320156,0
            36.3654146,50.0323326,0
            36.3623891,50.0330011,0
            36.3610587,50.0332871,0
            36.3588164,50.0337936,0
            36.3536183,50.0349652,0
            36.3486884,50.0360505,0
            36.3458721,50.0367396,0
            36.3447241,50.0353511,0
            36.3431791,50.0335283,0
            36.3419292,50.0319777,0
            36.3406686,50.0304546,0
            36.3394294,50.0289659,0
            36.3372729,50.0262916,0
            36.3356904,50.0267913,0
            36.3355134,50.0267569,0
            36.335449,50.0266707,0
            36.3355134,50.0266052,0
            36.3357977,50.0265087,0
            36.3359801,50.0264467,0
            36.3360766,50.0264088,0
            36.3363127,50.0263261,0
            36.33642,50.0263192,0
            36.3365541,50.0263571,0
            36.3366345,50.0264329,0
            36.3367204,50.0264295,0
            36.3369028,50.0263709,0
          </coordinates>
        </LineString>
      </Placemark>
      <Placemark>
        <name>Остановка м/н Північна-5</name>
        <description>Автобус-48.</description>
        <styleUrl>#icon-1499-000000</styleUrl>
        <Point>
          <coordinates>
            36.3662814,50.0320371,0
          </coordinates>
        </Point>
      </Placemark>
      <Placemark>
        <name>вул. Соборності України</name>
        <description>Автобус-48. Маршрутка - 259е.</description>
        <styleUrl>#icon-1532-000000</styleUrl>
        <Point>
          <coordinates>
            36.3629984,50.0329606,0
          </coordinates>
        </Point>
      </Placemark>
      <Placemark>
        <name>вул. Гвардійців Широнінців</name>
        <description>Автобус-48, 206.</description>
        <styleUrl>#icon-1532-000000</styleUrl>
        <Point>
          <coordinates>
            36.3581597,50.0341047,0
          </coordinates>
        </Point>
      </Placemark>
      <Placemark>
        <name>вул. Соборності України</name>
        <description>Автобус-48, 206.</description>
        <styleUrl>#icon-1532-000000</styleUrl>
        <Point>
          <coordinates>
            36.3536259,50.0350431,0
          </coordinates>
        </Point>
      </Placemark>
      <Placemark>
        <name>Зупинка м/н Північна-2</name>
        <description>Автобус-48, 206.</description>
        <styleUrl>#icon-1546-000000</styleUrl>
        <Point>
          <coordinates>
            36.3501176,50.0358011,0
          </coordinates>
        </Point>
      </Placemark>
      <Placemark>
        <name>вул. Сердюка</name>
        <description>Автобус-48, 206.</description>
        <styleUrl>#icon-1532-000000</styleUrl>
        <Point>
          <coordinates>
            36.3469027,50.0365961,0
          </coordinates>
        </Point>
      </Placemark>
      <Placemark>
        <name>вул. Сатиричний</name>
        <description>Автобус -41.</description>
        <styleUrl>#icon-1532-000000</styleUrl>
        <Point>
          <coordinates>
            36.3430687,50.0334127,0
          </coordinates>
        </Point>
      </Placemark>
      <Placemark>
        <name>вул. Бучми</name>
        <description>Автобус -41.</description>
        <styleUrl>#icon-1532-000000</styleUrl>
        <Point>
          <coordinates>
            36.3405986,50.0305329,0
          </coordinates>
        </Point>
      </Placemark>
      <Placemark>
        <name>Станція метро Салтівська</name>
        <description>Автобус -41.</description>
        <styleUrl>#icon-1626-000000</styleUrl>
        <Point>
          <coordinates>
            36.3369278,50.026452,0
          </coordinates>
        </Point>
      </Placemark>
    </Folder><Folder><name>Автобус №57</name><Placemark>
        <name>Лінія маршруту</name>
        <styleUrl>#line-A52714-5069-nodesc</styleUrl>
        <LineString>
          <tessellate>1</tessellate>
          <coordinates>
            36.2179176,49.9924804,0
            36.2166623,49.9922873,0
            36.2163082,49.9923011,0
            36.2152997,49.9923907,0
            36.2110726,49.9935495,0
            36.211094,49.9934046,0
            36.2115983,49.9910595,0
            36.2117699,49.990218,0
            36.2124029,49.9874105,0
            36.2119094,49.9874243,0
            36.2111262,49.9874036,0
            36.2076393,49.9870725,0
            36.2054507,49.9868793,0
            36.2017599,49.9865896,0
            36.199582,49.9864379,0
            36.1972324,49.9862792,0
            36.1960415,49.9861688,0
            36.1948291,49.9860653,0
            36.1930589,49.985817,0
            36.1913744,49.9855618,0
            36.1906341,49.9854169,0
            36.1901835,49.9852927,0
            36.1842612,49.9833335,0
            36.1772124,49.9810914,0
            36.177384,49.9808637,0
            36.1775879,49.980567,0
            36.1776308,49.9802842,0
            36.177663,49.9800358,0
            36.1777166,49.9796632,0
            36.177781,49.979477,0
            36.1785642,49.9789043,0
            36.1796907,49.9781592,0
            36.1822227,49.976593,0
            36.1858491,49.9743574,0
            36.1878339,49.9730878,0
            36.1904732,49.9714524,0
            36.1889604,49.9704863,0
            36.1846045,49.967588,0
            36.1792187,49.9640614,0
            36.1745087,49.9609764,0
            36.1734787,49.9603138,0
            36.1706356,49.9585537,0
            36.1694769,49.9578566,0
            36.1687044,49.9573596,0
            36.1684362,49.957049,0
            36.1683074,49.9564899,0
            36.1675457,49.9535424,0
            36.1673955,49.9530039,0
            36.1663548,49.951927,0
            36.1655608,49.9511608,0
            36.1648098,49.9503738,0
            36.164445,49.9500769,0
            36.1641446,49.949932,0
            36.1611191,49.9496696,0
            36.1603574,49.9496144,0
            36.1598531,49.9496489,0
            36.1587159,49.9497732,0
            36.1545101,49.9502771,0
            36.150637,49.9507742,0
            36.146088,49.9513679,0
            36.1430088,49.9518166,0
            36.1396722,49.9523205,0
            36.1395971,49.9521479,0
            36.1396936,49.9518649,0
            36.1399082,49.9517752,0
            36.1400691,49.9518166,0
            36.1402762,49.9519224,0
          </coordinates>
        </LineString>
      </Placemark>
      <Placemark>
        <name>Станція метро Центральний ринок</name>
        <description>Автобус – 57, 67, 72, 109, 140. Маршрутка – 40е, 61е.</description>
        <styleUrl>#icon-1499-A52714</styleUrl>
        <Point>
          <coordinates>
            36.2182332,49.9923881,0
          </coordinates>
        </Point>
      </Placemark>
      <Placemark>
        <name>вул. Слов'янська</name>
        <description>Автобус-57, 67, 109. Троллейбус-11.</description>
        <styleUrl>#icon-1532-A52714</styleUrl>
        <Point>
          <coordinates>
            36.2116011,49.9905369,0
          </coordinates>
        </Point>
      </Placemark>
      <Placemark>
        <name>вул. Євгена Котляра</name>
        <description>Автобус-57, 109, 288. Маршрутка - 258е.</description>
        <styleUrl>#icon-1532-A52714</styleUrl>
        <Point>
          <coordinates>
            36.2071959,49.9871078,0
          </coordinates>
        </Point>
      </Placemark>
      <Placemark>
        <name>Озерянська церква.</name>
        <styleUrl>#icon-1670-A52714-nodesc</styleUrl>
        <Point>
          <coordinates>
            36.1907978,49.9855266,0
          </coordinates>
        </Point>
      </Placemark>
      <Placemark>
        <name>вул. Петра Болбочана</name>
        <description>Автобус-57, 58, 67, 109. Маршрутка - 258е.</description>
        <styleUrl>#icon-1532-A52714</styleUrl>
        <Point>
          <coordinates>
            36.1877242,49.9845557,0
          </coordinates>
        </Point>
      </Placemark>
      <Placemark>
        <name>вул. Полтавський шлях</name>
        <description>Автобус-22, 57, 109. Маршрутка - 75е, 209е, 220е, 237е, 258е.</description>
        <styleUrl>#icon-1532-A52714</styleUrl>
        <Point>
          <coordinates>
            36.177399,49.9805613,0
          </coordinates>
        </Point>
      </Placemark>
      <Placemark>
        <name>Остановка ш. Григорівське</name>
        <description>Автобус-22, 57, 109. Маршрутка - 75е, 209е, 220е, 237е, 258е.</description>
        <styleUrl>#icon-1532-A52714</styleUrl>
        <Point>
          <coordinates>
            36.1811837,49.9772994,0
          </coordinates>
        </Point>
      </Placemark>
      <Placemark>
        <name>вул. Цехівська</name>
        <description>Автобус-22, 57, 109. Маршрутка - 75е, 209е, 220е, 237е, 258е.</description>
        <styleUrl>#icon-1532-A52714</styleUrl>
        <Point>
          <coordinates>
            36.1865299,49.973884,0
          </coordinates>
        </Point>
      </Placemark>
      <Placemark>
        <name>Остановка пр. Любові Малої</name>
        <description>Маршрутка - 75е, 209е, 220е, 237е. Троллейбус-11, 27.</description>
        <styleUrl>#icon-1532-A52714</styleUrl>
        <Point>
          <coordinates>
            36.1897965,49.9710941,0
          </coordinates>
        </Point>
      </Placemark>
      <Placemark>
        <name>вул. Грушевського</name>
        <description>Маршрутка - 75е, 209е, 220е, 237е, 259е. Троллейбус-11, 27.</description>
        <styleUrl>#icon-1532-A52714</styleUrl>
        <Point>
          <coordinates>
            36.1832983,49.9668112,0
          </coordinates>
        </Point>
      </Placemark>
      <Placemark>
        <name>Остановка на вимогу</name>
        <description>Маршрутка - 75е, 209е, 220е, 237е, 259е. Троллейбус-11, 27.</description>
        <styleUrl>#icon-1769-A52714</styleUrl>
        <Point>
          <coordinates>
            36.1778207,49.9632018,0
          </coordinates>
        </Point>
      </Placemark>
      <Placemark>
        <name>Остановка Григорівка</name>
        <description>Маршрутка - 75е, 209е, 220е, 237е, 259е. Троллейбус-11, 27.</description>
        <styleUrl>#icon-1532-A52714</styleUrl>
        <Point>
          <coordinates>
            36.1712337,49.9590333,0
          </coordinates>
        </Point>
      </Placemark>
      <Placemark>
        <name>вул. Станційна</name>
        <description>Маршрутка - 75е, 209е, 220е, 237е, 259е. Троллейбус-11, 27.</description>
        <styleUrl>#icon-1662-A52714</styleUrl>
        <Point>
          <coordinates>
            36.1680439,49.9555916,0
          </coordinates>
        </Point>
      </Placemark>
      <Placemark>
        <name>вул. Китаєнко</name>
        <description>Маршрутка – 75е, 259е. Троллейбус-11, 27.</description>
        <styleUrl>#icon-1532-A52714</styleUrl>
        <Point>
          <coordinates>
            36.1648896,49.9504971,0
          </coordinates>
        </Point>
      </Placemark>
      <Placemark>
        <name>вул. Даргомизького</name>
        <description>Маршрутка – 75е, 259е. Троллейбус-11, 27.</description>
        <styleUrl>#icon-1532-A52714</styleUrl>
        <Point>
          <coordinates>
            36.1510844,49.9506904,0
          </coordinates>
        </Point>
      </Placemark>
      <Placemark>
        <name>вул. Шульженко</name>
        <description>Маршрутка – 75е, 259е. Троллейбус-11, 27.</description>
        <styleUrl>#icon-1532-A52714</styleUrl>
        <Point>
          <coordinates>
            36.157908,49.9499449,0
          </coordinates>
        </Point>
      </Placemark>
      <Placemark>
        <name>Остановка пров. Архангельський</name>
        <description>Маршрутка – 75е, 259е. Троллейбус-11, 27.</description>
        <styleUrl>#icon-1532-A52714</styleUrl>
        <Point>
          <coordinates>
            36.1423082,49.9519882,0
          </coordinates>
        </Point>
      </Placemark>
    <Placemark>
        <name>Лінія маршруту</name>
        <styleUrl>#line-000000-5263-nodesc</styleUrl>
        <LineString>
          <tessellate>1</tessellate>
          <coordinates>
            36.1402762,49.9519224,0
            36.1402333,49.9521295,0
            36.143173,49.9516739,0
            36.1448896,49.9513977,0
            36.1490738,49.9508731,0
            36.1515629,49.9505141,0
            36.1534512,49.9502656,0
            36.1554253,49.9500309,0
            36.1579144,49.9496995,0
            36.1595237,49.9495614,0
            36.1609829,49.9494786,0
            36.1625493,49.9496581,0
            36.1642444,49.9497961,0
            36.1648667,49.9500723,0
            36.16521,49.9504037,0
            36.1667979,49.952019,0
            36.167506,49.9529026,0
            36.1677635,49.9535515,0
            36.1681926,49.9550978,0
            36.168493,49.9564645,0
            36.1687291,49.957141,0
            36.1690509,49.9574033,0
            36.1699092,49.9579279,0
            36.1720121,49.9592255,0
            36.177119,49.9624556,0
            36.1825264,49.9660306,0
            36.1893284,49.9705714,0
            36.1907232,49.9714408,0
            36.1852944,49.9748634,0
            36.1785781,49.9790997,0
            36.1779344,49.9795551,0
            36.1778057,49.9799553,0
            36.1777413,49.980521,0
            36.1775696,49.9808108,0
            36.1773765,49.9810453,0
            36.1795223,49.9817766,0
            36.1838353,49.9830736,0
            36.1885774,49.9846741,0
            36.189543,49.9850052,0
            36.1905086,49.9852536,0
            36.192354,49.9856123,0
            36.1943925,49.9858882,0
            36.1958516,49.9860676,0
            36.197182,49.9861366,0
            36.2010229,49.9863711,0
            36.2051213,49.9867022,0
            36.208061,49.9868816,0
            36.207782,49.9883854,0
            36.212095,49.9887441,0
            36.215893,49.9890338,0
            36.2153781,49.9923309,0
            36.2166011,49.9922067,0
            36.2184465,49.9920826,0
            36.2187255,49.9921309,0
            36.218822,49.9923447,0
            36.2187469,49.9925723,0
            36.2183392,49.9925447,0
            36.2180174,49.9924757,0
          </coordinates>
        </LineString>
      </Placemark>
      <Placemark>
        <name>Остановка пр. Дзюби</name>
        <description>Маршрутка – 259е. Троллейбус-11, 27.</description>
        <styleUrl>#icon-1499-000000</styleUrl>
        <Point>
          <coordinates>
            36.1395188,49.9519883,0
          </coordinates>
        </Point>
      </Placemark>
      <Placemark>
        <name>Остановка пров. Архангельський</name>
        <description>Маршрутка – 75е, 259е. Троллейбус-11, 27.</description>
        <styleUrl>#icon-1532-000000</styleUrl>
        <Point>
          <coordinates>
            36.14346,49.9515689,0
          </coordinates>
        </Point>
      </Placemark>
      <Placemark>
        <name>вул. Даргомизького</name>
        <description>Маршрутка – 75е, 259е. Троллейбус-11, 27.</description>
        <styleUrl>#icon-1532-000000</styleUrl>
        <Point>
          <coordinates>
            36.1499402,49.9506715,0
          </coordinates>
        </Point>
      </Placemark>
      <Placemark>
        <name>вул. Шульженко</name>
        <description>Маршрутка – 75е, 259е. Троллейбус-11, 27.</description>
        <styleUrl>#icon-1532-000000</styleUrl>
        <Point>
          <coordinates>
            36.1573431,49.9497188,0
          </coordinates>
        </Point>
      </Placemark>
      <Placemark>
        <name>вул. Китаєнко</name>
        <description>Маршрутка – 75е, 259е. Троллейбус-11, 27.</description>
        <styleUrl>#icon-1532-000000</styleUrl>
        <Point>
          <coordinates>
            36.1638591,49.9496983,0
          </coordinates>
        </Point>
      </Placemark>
      <Placemark>
        <name>вул. Стаціональна</name>
        <description>Маршрутка - 75е, 209е, 220е, 237е, 259е. Троллейбус-11, 27.</description>
        <styleUrl>#icon-1662-000000</styleUrl>
        <Point>
          <coordinates>
            36.1685136,49.9559335,0
          </coordinates>
        </Point>
      </Placemark>
      <Placemark>
        <name>Остановка Григорівка</name>
        <description>Маршрутка - 75е, 209е, 220е, 237е, 259е. Троллейбус-11, 27.</description>
        <styleUrl>#icon-1532-000000</styleUrl>
        <Point>
          <coordinates>
            36.1723545,49.9592414,0
          </coordinates>
        </Point>
      </Placemark>
      <Placemark>
        <name>Зупинка На вимогу</name>
        <description>Маршрутка - 75е, 209е, 220е, 237е, 259е. Троллейбус-11, 27.</description>
        <styleUrl>#icon-1769-000000</styleUrl>
        <Point>
          <coordinates>
            36.1773063,49.9626064,0
          </coordinates>
        </Point>
      </Placemark>
      <Placemark>
        <name>вул. Грушевського</name>
        <description>Маршрутка - 75е, 209е, 220е, 237е, 259е. Троллейбус-11, 27.</description>
        <styleUrl>#icon-1532-000000</styleUrl>
        <Point>
          <coordinates>
            36.1829282,49.9663125,0
          </coordinates>
        </Point>
      </Placemark>
      <Placemark>
        <name>Остановка пр. Любові Малої</name>
        <description>Троллейбус-11.</description>
        <styleUrl>#icon-1532-000000</styleUrl>
        <Point>
          <coordinates>
            36.1899626,49.97196,0
          </coordinates>
        </Point>
      </Placemark>
      <Placemark>
        <name>вул. Цехівська</name>
        <description>Автобус-22, 57, 109. Маршрутка - 75е, 209е, 220е, 237е, 258е.</description>
        <styleUrl>#icon-1532-000000</styleUrl>
        <Point>
          <coordinates>
            36.1862294,49.9742348,0
          </coordinates>
        </Point>
      </Placemark>
      <Placemark>
        <name>Остановка ш. Григорівське</name>
        <description>Автобус-22, 57, 109. Маршрутка - 75е, 209е, 220е, 237е, 258е.</description>
        <styleUrl>#icon-1532-000000</styleUrl>
        <Point>
          <coordinates>
            36.1800679,49.978302,0
          </coordinates>
        </Point>
      </Placemark>
      <Placemark>
        <name>Остановка ДП Холодна гора</name>
        <description>Автобус-57, 58, 67, 109. Маршрутка - 258е.</description>
        <styleUrl>#icon-1626-000000</styleUrl>
        <Point>
          <coordinates>
            36.1859594,49.9835936,0
          </coordinates>
        </Point>
      </Placemark>
      <Placemark>
        <name>Озерянська церква.</name>
        <description>Автобус-57, 109, 288.</description>
        <styleUrl>#icon-1670-000000</styleUrl>
        <Point>
          <coordinates>
            36.1912263,49.9853771,0
          </coordinates>
        </Point>
      </Placemark>
      <Placemark>
        <name>Станція Харків - Пасажирський</name>
        <description>Автобус-57, 109, 288.</description>
        <styleUrl>#icon-1662-000000</styleUrl>
        <Point>
          <coordinates>
            36.2081669,49.9883468,0
          </coordinates>
        </Point>
      </Placemark>
      <Placemark>
        <name>вул. Благовіщенська</name>
        <description>Автобус-57, 109. Троллейбус-11.</description>
        <styleUrl>#icon-1532-000000</styleUrl>
        <Point>
          <coordinates>
            36.2130441,49.9887079,0
          </coordinates>
        </Point>
      </Placemark>
    </Folder><Folder><name>Автобус №58</name><Placemark>
        <name>Лінія маршруту</name>
        <styleUrl>#line-A52714-5069-nodesc</styleUrl>
        <LineString>
          <tessellate>1</tessellate>
          <coordinates>
            36.2078788,49.9691832,0
            36.208013,49.9693557,0
            36.2084528,49.969266,0
            36.2116929,49.9685587,0
            36.2136617,49.9681515,0
            36.214241,49.9680135,0
            36.2147399,49.9678651,0
            36.2187901,49.9666091,0
            36.2204745,49.9661157,0
            36.2206569,49.9664297,0
            36.2212041,49.9672751,0
            36.2224647,49.969266,0
            36.2231299,49.9702632,0
            36.2232801,49.9704874,0
            36.223382,49.9707186,0
            36.2234142,49.9708877,0
            36.2233981,49.9710912,0
            36.2233552,49.973082,0
            36.2233123,49.9754728,0
            36.2230387,49.9772944,0
            36.2228724,49.9777015,0
            36.2222609,49.9788226,0
            36.2220785,49.9789813,0
            36.2218853,49.9790986,0
            36.2216064,49.97924,0
            36.221365,49.9794229,0
            36.2198844,49.9807993,0
            36.2187418,49.9817962,0
            36.2182,49.9820963,0
            36.2175884,49.9824412,0
            36.2172773,49.9825861,0
            36.2165209,49.982862,0
            36.2155822,49.9832139,0
            36.2153193,49.9833829,0
            36.2135759,49.9846799,0
            36.2132003,49.9849834,0
            36.2129536,49.98518,0
            36.2128302,49.9853938,0
            36.2126371,49.9862734,0
            36.2124225,49.9874151,0
            36.211811,49.9874461,0
            36.2100461,49.9872874,0
            36.207439,49.9870426,0
            36.2062212,49.9869391,0
            36.2035229,49.9867114,0
            36.2015166,49.9865562,0
            36.2007764,49.9864907,0
            36.2002453,49.98647,0
            36.1993226,49.9864183,0
            36.1976114,49.9862975,0
            36.1962917,49.9861803,0
            36.1958304,49.9861285,0
            36.1945751,49.9860285,0
            36.1933359,49.9858664,0
            36.192145,49.9856836,0
            36.191394,49.9855387,0
            36.1905464,49.9854214,0
            36.1900583,49.9853111,0
            36.1896774,49.9851834,0
            36.1887976,49.984873,0
            36.1865177,49.9840935,0
            36.183798,49.9832208,0
            36.1797693,49.9819341,0
            36.1773768,49.9811373,0
            36.1771139,49.9816789,0
            36.177012,49.9818893,0
            36.1767223,49.9823481,0
            36.175805,49.9839452,0
            36.1751505,49.9852179,0
            36.174893,49.9851731,0
            36.174362,49.9851455,0
            36.17264,49.9852352,0
            36.1712291,49.9853594,0
            36.1699846,49.9854663,0
            36.1690136,49.9855353,0
            36.1684665,49.985618,0
            36.1678657,49.9857457,0
            36.1673614,49.9859733,0
            36.1657413,49.9868563,0
            36.1652532,49.9872012,0
            36.1647436,49.9875841,0
            36.164191,49.988129,0
            36.16263,49.9898535,0
            36.1623457,49.9902053,0
            36.1614176,49.9924505,0
            36.1571905,49.9916262,0
            36.1559674,49.9913537,0
            36.1551037,49.9911158,0
            36.1535534,49.9905985,0
            36.1531081,49.9904364,0
            36.152679,49.9902743,0
            36.1525878,49.9901915,0
            36.1525663,49.9900742,0
            36.1526414,49.9898604,0
            36.1530813,49.9891396,0
            36.1537948,49.9880117,0
            36.1538806,49.9878565,0
            36.1538699,49.9874909,0
            36.1538377,49.9868528,0
            36.1537358,49.9859216,0
            36.1535963,49.9843694,0
            36.153548,49.983238,0
            36.154122,49.9833243,0
            36.1575552,49.9838486,0
            36.1592665,49.9841866,0
            36.1597976,49.9842797,0
            36.1597976,49.9843349,0
            36.1590412,49.9841901,0
          </coordinates>
        </LineString>
      </Placemark>
      <Placemark>
        <name>Зупинка Академіка Богомольця</name>
        <description>Автобус-58. Маршрутка-258е.</description>
        <styleUrl>#icon-1499-A52714</styleUrl>
        <Point>
          <coordinates>
            36.2079356,49.9691447,0
          </coordinates>
        </Point>
      </Placemark>
      <Placemark>
        <name>вул. Жутівська</name>
        <description>Автобус-58. Маршрутка-258е.</description>
        <styleUrl>#icon-1532-A52714</styleUrl>
        <Point>
          <coordinates>
            36.2113367,49.9685717,0
          </coordinates>
        </Point>
      </Placemark>
      <Placemark>
        <name>вул. Арсенальна</name>
        <description>Автобус-58. Маршрутка-258е.</description>
        <styleUrl>#icon-1532-A52714</styleUrl>
        <Point>
          <coordinates>
            36.2169155,49.9671225,0
          </coordinates>
        </Point>
      </Placemark>
      <Placemark>
        <name>Парк Квітки Основ'яненко</name>
        <description>Автобус-58. Маршрутка-258е.</description>
        <styleUrl>#icon-1720-A52714</styleUrl>
        <Point>
          <coordinates>
            36.220735,49.9664116,0
          </coordinates>
        </Point>
      </Placemark>
      <Placemark>
        <name>вул. Валер'янівська</name>
        <description>Автобус-58. Маршрутка-258е.</description>
        <styleUrl>#icon-1532-A52714</styleUrl>
        <Point>
          <coordinates>
            36.2232886,49.9702553,0
          </coordinates>
        </Point>
      </Placemark>
      <Placemark>
        <name>Косметологічна поліклініка</name>
        <description>Автобус-29, 58. Маршрутка-258е.</description>
        <styleUrl>#icon-1532-A52714</styleUrl>
        <Point>
          <coordinates>
            36.2235139,49.9747061,0
          </coordinates>
        </Point>
      </Placemark>
      <Placemark>
        <name>вул. Катерининська</name>
        <description>Автобус-58. Маршрутка-258е.</description>
        <styleUrl>#icon-1532-A52714</styleUrl>
        <Point>
          <coordinates>
            36.2206599,49.9801706,0
          </coordinates>
        </Point>
      </Placemark>
      <Placemark>
        <name>Зупинка Нетеченська наб</name>
        <description>Автобус-58. Маршрутка-258е.</description>
        <styleUrl>#icon-1720-A52714</styleUrl>
        <Point>
          <coordinates>
            36.2183617,49.9820749,0
          </coordinates>
        </Point>
      </Placemark>
      <Placemark>
        <name>вул. Полтавський шлях</name>
        <description>Автобус-58, 67. Маршрутка-258е. Троллейбус-11.</description>
        <styleUrl>#icon-1532-A52714</styleUrl>
        <Point>
          <coordinates>
            36.2126348,49.9867728,0
          </coordinates>
        </Point>
      </Placemark>
      <Placemark>
        <name>вул. Євгена Котляра</name>
        <description>Автобус-58. Маршрутка-258е.</description>
        <styleUrl>#icon-1532-A52714</styleUrl>
        <Point>
          <coordinates>
            36.2072059,49.9871176,0
          </coordinates>
        </Point>
      </Placemark>
      <Placemark>
        <name>Озерянська церква.</name>
        <description>Автобус-57, 58, 109. Маршрутка-258е.</description>
        <styleUrl>#icon-1670-A52714</styleUrl>
        <Point>
          <coordinates>
            36.190898,49.9855828,0
          </coordinates>
        </Point>
      </Placemark>
      <Placemark>
        <name>вул. Петра Болбочана</name>
        <description>Автобус-57, 58, 109. Маршрутка-258е.</description>
        <styleUrl>#icon-1532-A52714</styleUrl>
        <Point>
          <coordinates>
            36.1876822,49.9845772,0
          </coordinates>
        </Point>
      </Placemark>
      <Placemark>
        <name>вул. Полтавський шлях</name>
        <description>Автобус-58, 99. Маршрутка-258е. Троллейбус-27.</description>
        <styleUrl>#icon-1532-A52714</styleUrl>
        <Point>
          <coordinates>
            36.177068,49.9817554,0
          </coordinates>
        </Point>
      </Placemark>
      <Placemark>
        <name>вул. Волонтерська</name>
        <description>Автобус-58, 99. Маршрутка-258е. Троллейбус-27.</description>
        <styleUrl>#icon-1532-A52714</styleUrl>
        <Point>
          <coordinates>
            36.1756097,49.9845444,0
          </coordinates>
        </Point>
      </Placemark>
      <Placemark>
        <name>вул. Барикадна</name>
        <description>Автобус-58, 72, 99. Маршрутка-61е, 258е, 270е.</description>
        <styleUrl>#icon-1532-A52714</styleUrl>
        <Point>
          <coordinates>
            36.1745958,49.9851687,0
          </coordinates>
        </Point>
      </Placemark>
      <Placemark>
        <name>Зупинка На вимогу</name>
        <description>Автобус-58, 72, 99. Маршрутка-61е, 258е, 270е.</description>
        <styleUrl>#icon-1769-A52714</styleUrl>
        <Point>
          <coordinates>
            36.1687752,49.9856069,0
          </coordinates>
        </Point>
      </Placemark>
      <Placemark>
        <name>Зупинка На вимогу</name>
        <description>Автобус-58, 72, 99. Маршрутка-61е, 258е, 270е.</description>
        <styleUrl>#icon-1769-A52714</styleUrl>
        <Point>
          <coordinates>
            36.1644086,49.9879868,0
          </coordinates>
        </Point>
      </Placemark>
      <Placemark>
        <name>Зупинка На вимогу</name>
        <description>Автобус-58, 72, 99. Маршрутка-61е, 258е, 270е.</description>
        <styleUrl>#icon-1769-A52714</styleUrl>
        <Point>
          <coordinates>
            36.1610104,49.9923825,0
          </coordinates>
        </Point>
      </Placemark>
      <Placemark>
        <name>вул. Алуштинська</name>
        <description>Автобус-58, 72, 99. Маршрутка-61е, 258е, 270е.</description>
        <styleUrl>#icon-1532-A52714</styleUrl>
        <Point>
          <coordinates>
            36.1549202,49.9911183,0
          </coordinates>
        </Point>
      </Placemark>
      <Placemark>
        <name>Остановка пров. 1 Золочівський</name>
        <description>Автобус-58, 72. Маршрутка-43е, 61е, 258е, 270е.</description>
        <styleUrl>#icon-1532-A52714</styleUrl>
        <Point>
          <coordinates>
            36.153762,49.9861104,0
          </coordinates>
        </Point>
      </Placemark>
      <Placemark>
        <name>Остановка пр. Слави</name>
        <description>Автобус-58, 72. Маршрутка-61е, 258е, 270е.</description>
        <styleUrl>#icon-1532-A52714</styleUrl>
        <Point>
          <coordinates>
            36.1534872,49.9838257,0
          </coordinates>
        </Point>
      </Placemark>
    <Placemark>
        <name>Лінія маршруту</name>
        <styleUrl>#line-000000-5069-nodesc</styleUrl>
        <LineString>
          <tessellate>1</tessellate>
          <coordinates>
            36.1590412,49.9841901,0
            36.1536805,49.9833376,0
            36.1537234,49.9844759,0
            36.1538414,49.9855107,0
            36.1540345,49.9876905,0
            36.1540238,49.9879802,0
            36.1529938,49.9895392,0
            36.1527042,49.9899875,0
            36.1527471,49.9901669,0
            36.1528973,49.9902428,0
            36.1548285,49.9909325,0
            36.1562661,49.9912912,0
            36.160386,49.9921396,0
            36.1613945,49.9923051,0
            36.1615555,49.9918499,0
            36.1618666,49.9910498,0
            36.1622743,49.9900496,0
            36.1626391,49.9896426,0
            36.1631541,49.9891115,0
            36.1641197,49.9880561,0
            36.1646883,49.9874422,0
            36.1651174,49.9871594,0
            36.1657826,49.9866696,0
            36.1663727,49.9863523,0
            36.1670915,49.9859797,0
            36.1678426,49.9856417,0
            36.1685721,49.98549,0
            36.1693553,49.9854141,0
            36.1703102,49.9853175,0
            36.1714689,49.985214,0
            36.1744086,49.9850416,0
            36.1750416,49.9850898,0
            36.1752669,49.9847035,0
            36.1757068,49.983855,0
            36.1764471,49.9825994,0
            36.1772839,49.9810058,0
            36.1776594,49.9811161,0
            36.182069,49.9825511,0
            36.1864142,49.9839516,0
            36.1900405,49.9851933,0
            36.1908237,49.9853451,0
            36.1917893,49.9855038,0
            36.19283,49.9857038,0
            36.1949436,49.9859728,0
            36.1960487,49.9860763,0
            36.197422,49.9861729,0
            36.2003724,49.986373,0
            36.2019924,49.9864695,0
            36.2071101,49.9868627,0
            36.2106292,49.9871938,0
            36.2119166,49.9872973,0
            36.2121956,49.9872421,0
            36.2122921,49.9868351,0
            36.2125925,49.9855451,0
            36.2127535,49.985083,0
            36.2137298,49.9843517,0
            36.2146203,49.983717,0
            36.2155,49.983103,0
            36.216294,49.9827995,0
            36.2171952,49.9824545,0
            36.2178818,49.9821096,0
            36.2185041,49.9817578,0
            36.219062,49.9813093,0
            36.220961,49.9795845,0
            36.2213365,49.9792327,0
            36.2216262,49.9790464,0
            36.2220661,49.9788256,0
            36.2224094,49.9782185,0
            36.2227957,49.9774526,0
            36.2229137,49.9769075,0
            36.2231282,49.9756863,0
            36.2232141,49.9748514,0
            36.2232463,49.9714427,0
            36.2231819,49.9706491,0
            36.2225167,49.9696692,0
            36.2203602,49.9662533,0
            36.2183432,49.9668399,0
            36.2151138,49.9678336,0
            36.2134938,49.9682615,0
            36.2118522,49.9686065,0
            36.2080435,49.9694277,0
            36.2078075,49.9691172,0
            36.2079791,49.9690413,0
            36.2081186,49.969131,0
            36.2081293,49.9692069,0
          </coordinates>
        </LineString>
      </Placemark>
      <Placemark>
        <name>Остановка пр. Слави</name>
        <description>Автобус-58, 72. Маршрутка-61е, 258е, 270е.</description>
        <styleUrl>#icon-1499-000000</styleUrl>
        <Point>
          <coordinates>
            36.1591468,49.9843026,0
          </coordinates>
        </Point>
      </Placemark>
      <Placemark>
        <name>Остановка пр. Слави</name>
        <description>Автобус-58, 72. Маршрутка-61е, 258е, 270е.</description>
        <styleUrl>#icon-1532-000000</styleUrl>
        <Point>
          <coordinates>
            36.1537661,49.9837015,0
          </coordinates>
        </Point>
      </Placemark>
      <Placemark>
        <name>Остановка пров. 1 Золочівський</name>
        <description>Автобус-58, 72. Маршрутка-43е, 61е, 258е, 270е.</description>
        <styleUrl>#icon-1532-000000</styleUrl>
        <Point>
          <coordinates>
            36.1539056,49.9858287,0
          </coordinates>
        </Point>
      </Placemark>
      <Placemark>
        <name>вул. Алуштинська</name>
        <description>Автобус-58, 72, 99. Маршрутка-61е, 258е, 270е.</description>
        <styleUrl>#icon-1532-000000</styleUrl>
        <Point>
          <coordinates>
            36.1550836,49.9909997,0
          </coordinates>
        </Point>
      </Placemark>
      <Placemark>
        <name>Зупинка На вимогу</name>
        <description>Автобус-58, 72, 99. Маршрутка-61е, 258е, 270е.</description>
        <styleUrl>#icon-1769-000000</styleUrl>
        <Point>
          <coordinates>
            36.1614046,49.9922035,0
          </coordinates>
        </Point>
      </Placemark>
      <Placemark>
        <name>Зупинка На вимогу</name>
        <description>Автобус-58, 72, 99. Маршрутка-61е, 258е, 270е.</description>
        <styleUrl>#icon-1769-000000</styleUrl>
        <Point>
          <coordinates>
            36.1644795,49.9877054,0
          </coordinates>
        </Point>
      </Placemark>
      <Placemark>
        <name>Зупинка На вимогу</name>
        <description>Автобус-58, 72, 99. Маршрутка-61е, 258е, 270е.</description>
        <styleUrl>#icon-1769-000000</styleUrl>
        <Point>
          <coordinates>
            36.168173,49.9855497,0
          </coordinates>
        </Point>
      </Placemark>
      <Placemark>
        <name>вул. Барикадна</name>
        <description>Автобус-58, 72, 99. Маршрутка-61е, 258е, 270е.</description>
        <styleUrl>#icon-1532-000000</styleUrl>
        <Point>
          <coordinates>
            36.1727193,49.9851257,0
          </coordinates>
        </Point>
      </Placemark>
      <Placemark>
        <name>Станція метро Холодна гора</name>
        <description>Автобус-57, 58, 67, 109. Маршрутка-258е.</description>
        <styleUrl>#icon-1626-000000</styleUrl>
        <Point>
          <coordinates>
            36.1830704,49.9826946,0
          </coordinates>
        </Point>
      </Placemark>
      <Placemark>
        <name>вул. Волонтерська</name>
        <description>Автобус-58, 99. Маршрутка-258е. Троллейбус-27.</description>
        <styleUrl>#icon-1532-000000</styleUrl>
        <Point>
          <coordinates>
            36.1757354,49.9836563,0
          </coordinates>
        </Point>
      </Placemark>
      <Placemark>
        <name>Озерянська церква.</name>
        <description>Автобус-57, 58, 109. Маршрутка-258е.</description>
        <styleUrl>#icon-1670-000000</styleUrl>
        <Point>
          <coordinates>
            36.1912643,49.9853537,0
          </coordinates>
        </Point>
      </Placemark>
      <Placemark>
        <name>вул. Євгена Котляра</name>
        <description>Автобус-58. Маршрутка-258е.</description>
        <styleUrl>#icon-1532-000000</styleUrl>
        <Point>
          <coordinates>
            36.2066953,49.9868428,0
          </coordinates>
        </Point>
      </Placemark>
      <Placemark>
        <name>вул. Конєва</name>
        <description>Автобус-58, 67. Маршрутка-258е. Троллейбус-11.</description>
        <styleUrl>#icon-1532-000000</styleUrl>
        <Point>
          <coordinates>
            36.2125281,49.9854449,0
          </coordinates>
        </Point>
      </Placemark>
      <Placemark>
        <name>Остановка наб. Нетеченська</name>
        <description>Автобус-58. Маршрутка-258е.</description>
        <styleUrl>#icon-1720-000000</styleUrl>
        <Point>
          <coordinates>
            36.2178061,49.9820333,0
          </coordinates>
        </Point>
      </Placemark>
      <Placemark>
        <name>вул. Катерининська</name>
        <description>Автобус-58. Маршрутка-258е.</description>
        <styleUrl>#icon-1532-000000</styleUrl>
        <Point>
          <coordinates>
            36.220885,49.9795343,0
          </coordinates>
        </Point>
      </Placemark>
      <Placemark>
        <name>Косметологічна поліклініка</name>
        <description>Автобус-58. Маршрутка-258е.</description>
        <styleUrl>#icon-1532-000000</styleUrl>
        <Point>
          <coordinates>
            36.2231076,49.974393,0
          </coordinates>
        </Point>
      </Placemark>
      <Placemark>
        <name>вул. Валер'янівська</name>
        <description>Автобус-58. Маршрутка-258е.</description>
        <styleUrl>#icon-1532-000000</styleUrl>
        <Point>
          <coordinates>
            36.2231238,49.9709032,0
          </coordinates>
        </Point>
      </Placemark>
      <Placemark>
        <name>Парк Квітки Основ'яненко</name>
        <description>Автобус-58. Маршрутка-258е.</description>
        <styleUrl>#icon-1720-000000</styleUrl>
        <Point>
          <coordinates>
            36.2204724,49.9665285,0
          </coordinates>
        </Point>
      </Placemark>
      <Placemark>
        <name>вул. Арсенальна</name>
        <description>Автобус-58. Маршрутка-258е.</description>
        <styleUrl>#icon-1532-000000</styleUrl>
        <Point>
          <coordinates>
            36.2166208,49.9673302,0
          </coordinates>
        </Point>
      </Placemark>
      <Placemark>
        <name>вул. Жутівська</name>
        <description>Автобус-58. Маршрутка-258е.</description>
        <styleUrl>#icon-1532-000000</styleUrl>
        <Point>
          <coordinates>
            36.2112222,49.9686995,0
          </coordinates>
        </Point>
      </Placemark>
    </Folder><Folder><name>Автобус №62</name><Placemark>
        <name>Лінія маршруту</name>
        <styleUrl>#line-A52714-5263-nodesc</styleUrl>
        <LineString>
          <tessellate>1</tessellate>
          <coordinates>
            36.2308673,50.0058817,0
            36.2305616,50.0061127,0
            36.230288,50.0063472,0
            36.230068,50.006461,0
            36.2297569,50.0065747,0
            36.2292848,50.0066678,0
            36.2289898,50.0066885,0
            36.2285874,50.0077263,0
            36.2287001,50.0079297,0
            36.2288718,50.0079641,0
            36.2296335,50.0080124,0
            36.2301431,50.008009,0
            36.2307064,50.0079021,0
            36.231672,50.0074987,0
            36.2332008,50.0068471,0
            36.2343757,50.0063851,0
            36.2355558,50.0059541,0
            36.2364034,50.0056714,0
            36.2364731,50.0057956,0
            36.2368755,50.0063817,0
            36.2372134,50.0068609,0
            36.2376533,50.0074711,0
            36.2380664,50.0078435,0
            36.2392734,50.0088536,0
            36.2398098,50.0093225,0
            36.2406628,50.010112,0
            36.2417625,50.011091,0
            36.2434898,50.0126389,0
            36.2448577,50.0138523,0
            36.246805,50.0155724,0
            36.2488006,50.0173201,0
            36.2506245,50.0189091,0
            36.2529741,50.0210081,0
            36.2545083,50.0225246,0
            36.2548516,50.022859,0
            36.2559621,50.0239998,0
            36.2577055,50.0258436,0
            36.2594543,50.0276529,0
            36.2601678,50.0283559,0
            36.261761,50.0299755,0
            36.2639229,50.0321637,0
            36.2664173,50.0347343,0
            36.2683646,50.0367155,0
            36.2703924,50.0387793,0
            36.2728922,50.0413323,0
            36.2748877,50.0433581,0
            36.2751881,50.0437232,0
            36.2756817,50.0437715,0
            36.2764005,50.0438645,0
            36.2768189,50.0439231,0
            36.2768511,50.0440264,0
            36.276776,50.0440953,0
            36.2768457,50.044209,0
            36.2771676,50.0442813,0
            36.2813358,50.0451357,0
            36.2860404,50.046021,0
            36.2877892,50.0463414,0
            36.2881754,50.0464344,0
            36.2884222,50.0464585,0
            36.2892483,50.0464551,0
            36.2932609,50.0464413,0
            36.2938188,50.046431,0
            36.2947254,50.0464344,0
            36.2949077,50.0463035,0
            36.2950901,50.0462174,0
            36.2952618,50.0462036,0
            36.2954603,50.0462622,0
            36.2955032,50.0463586,0
            36.2955086,50.0464482,0
            36.2953905,50.0465274,0
            36.2953154,50.0465584,0
            36.2951277,50.0487321,0
            36.2951974,50.0488905,0
            36.2952242,50.0493314,0
            36.295176,50.049731,0
            36.2950419,50.0512225,0
            36.2948702,50.0527002,0
            36.2946663,50.0544465,0
            36.2945805,50.0553799,0
            36.2944571,50.0553695,0
            36.2944998,50.0551861,0
          </coordinates>
        </LineString>
      </Placemark>
      <Placemark>
        <name>Станція метро Держпром</name>
        <description>Автобус-31, 62. Маршрутка – 270е.</description>
        <styleUrl>#icon-1499-A52714</styleUrl>
        <Point>
          <coordinates>
            36.2309947,50.0058283,0
          </coordinates>
        </Point>
      </Placemark>
      <Placemark>
        <name>Станція метро Університет</name>
        <description>Автобус-31, 47, 96. Троллейбус -2, 58.</description>
        <styleUrl>#icon-1626-A52714</styleUrl>
        <Point>
          <coordinates>
            36.235651,50.0057731,0
          </coordinates>
        </Point>
      </Placemark>
      <Placemark>
        <name>вул. Миколи Хвильового</name>
        <description>Автобус-31, 62, 96. Троллейбус -2, 40, 55.</description>
        <styleUrl>#icon-1532-A52714</styleUrl>
        <Point>
          <coordinates>
            36.2414427,50.010797,0
          </coordinates>
        </Point>
      </Placemark>
      <Placemark>
        <name>вул. Олеся Гончара</name>
        <description>Автобус-31, 62, 96. Троллейбус -2, 40, 55.</description>
        <styleUrl>#icon-1532-A52714</styleUrl>
        <Point>
          <coordinates>
            36.2438296,50.0128826,0
          </coordinates>
        </Point>
      </Placemark>
      <Placemark>
        <name>Центральний парк</name>
        <description>Автобус-31, 62, 96. Троллейбус -2, 40, 55.</description>
        <styleUrl>#icon-1720-A52714</styleUrl>
        <Point>
          <coordinates>
            36.2482799,50.0164297,0
          </coordinates>
        </Point>
      </Placemark>
      <Placemark>
        <name>Зупинка Дитяча Залізниця</name>
        <description>Автобус-31, 33, 62, 63, 96. Троллейбус -2, 12.</description>
        <styleUrl>#icon-1662-A52714</styleUrl>
        <Point>
          <coordinates>
            36.2526686,50.0206698,0
          </coordinates>
        </Point>
      </Placemark>
      <Placemark>
        <name>Зупинка Сокільники</name>
        <description>Автобус-31, 33, 62, 63, 96. Троллейбус -2, 12, 55.</description>
        <styleUrl>#icon-1532-A52714</styleUrl>
        <Point>
          <coordinates>
            36.2590143,50.0268941,0
          </coordinates>
        </Point>
      </Placemark>
      <Placemark>
        <name>Велоцентр</name>
        <description>Автобус-31, 33, 62, 63, 96. Троллейбус -2, 12, 55.</description>
        <styleUrl>#icon-1522-A52714</styleUrl>
        <Point>
          <coordinates>
            36.2638452,50.0319047,0
          </coordinates>
        </Point>
      </Placemark>
      <Placemark>
        <name>Меморіал Слави</name>
        <description>Автобус-31, 33, 62, 63, 96. Троллейбус -2, 12.</description>
        <styleUrl>#icon-1600-A52714</styleUrl>
        <Point>
          <coordinates>
            36.2693384,50.0376142,0
          </coordinates>
        </Point>
      </Placemark>
      <Placemark>
        <name>Остановка Лісопарк</name>
        <description>Автобус-31, 33, 62, 63, 96. Троллейбус -2, 12.</description>
        <styleUrl>#icon-1720-A52714</styleUrl>
        <Point>
          <coordinates>
            36.2718952,50.0401532,0
          </coordinates>
        </Point>
      </Placemark>
      <Placemark>
        <name>вул. Вадима Манько</name>
        <description>Автобус-33, 62. Троллейбус – 2, 55.</description>
        <styleUrl>#icon-1532-A52714</styleUrl>
        <Point>
          <coordinates>
            36.2774098,50.044246,0
          </coordinates>
        </Point>
      </Placemark>
      <Placemark>
        <name>Зупинка Литвинівка</name>
        <description>Автобус-58. Троллейбус – 2, 55.</description>
        <styleUrl>#icon-1532-A52714</styleUrl>
        <Point>
          <coordinates>
            36.2815236,50.0450923,0
          </coordinates>
        </Point>
      </Placemark>
      <Placemark>
        <name>вул. Поздовжня</name>
        <description>Автобус-58. Троллейбус – 2, 55.</description>
        <styleUrl>#icon-1532-A52714</styleUrl>
        <Point>
          <coordinates>
            36.2874065,50.046225,0
          </coordinates>
        </Point>
      </Placemark>
      <Placemark>
        <name>Остановка пров. Фізкультурний</name>
        <description>Автобус-58. Маршрутка-258е.</description>
        <styleUrl>#icon-1532-A52714</styleUrl>
        <Point>
          <coordinates>
            36.2948994,50.0530255,0
          </coordinates>
        </Point>
      </Placemark>
      <Placemark>
        <name>Остановка пр. Жуковського</name>
        <description>Автобус-58. Троллейбус – 2, 55.</description>
        <styleUrl>#icon-1532-A52714</styleUrl>
        <Point>
          <coordinates>
            36.2933619,50.0464463,0
          </coordinates>
        </Point>
      </Placemark>
      <Placemark>
        <name>вул. Фестивальна</name>
        <description>Автобус-58. Маршрутка-258е.</description>
        <styleUrl>#icon-1532-A52714</styleUrl>
        <Point>
          <coordinates>
            36.2952931,50.0497946,0
          </coordinates>
        </Point>
      </Placemark>
    <Placemark>
        <name>Лінія маршруту</name>
        <styleUrl>#line-000000-5456-nodesc</styleUrl>
        <LineString>
          <tessellate>1</tessellate>
          <coordinates>
            36.2944998,50.0551861,0
            36.2946821,50.053526,0
            36.294945,50.0513284,0
            36.2951274,50.0493719,0
            36.2951328,50.0491205,0
            36.2951006,50.0489069,0
            36.2950469,50.0487381,0
            36.2952561,50.046561,0
            36.2950255,50.0465162,0
            36.2942959,50.0464956,0
            36.2931694,50.0464921,0
            36.2913616,50.0464956,0
            36.2888242,50.0465128,0
            36.2882663,50.0465059,0
            36.2878801,50.0464336,0
            36.2872471,50.0462923,0
            36.2823172,50.0453966,0
            36.2788357,50.0446835,0
            36.2756975,50.0440565,0
            36.2754024,50.0440152,0
            36.2751932,50.0440152,0
            36.2751235,50.0438223,0
            36.274984,50.0436259,0
            36.2743456,50.0429438,0
            36.273659,50.0422617,0
            36.27279,50.0413625,0
            36.2716044,50.0401566,0
            36.2702901,50.0388233,0
            36.2693567,50.0378792,0
            36.2680156,50.0365045,0
            36.266122,50.0345715,0
            36.2657518,50.0341821,0
            36.2640674,50.0324592,0
            36.2633218,50.031708,0
            36.2617285,50.0300781,0
            36.26072,50.0290787,0
            36.2599314,50.0282585,0
            36.2584884,50.0267836,0
            36.25785,50.0261598,0
            36.2561227,50.024316,0
            36.2539233,50.0220861,0
            36.2519546,50.0202042,0
            36.2492563,50.0178259,0
            36.2465955,50.0155199,0
            36.2435271,50.0128138,0
            36.2410755,50.0106386,0
            36.2399114,50.0095595,0
            36.2379856,50.0078909,0
            36.2375296,50.0074427,0
            36.2369878,50.0067601,0
            36.2363548,50.0057843,0
            36.2360383,50.0051672,0
            36.2358398,50.0045776,0
            36.2324173,50.0050327,0
            36.2319453,50.0051569,0
            36.2314947,50.0054154,0
            36.2308831,50.0058602,0
          </coordinates>
        </LineString>
      </Placemark>
      <Placemark>
        <name>Остановка сел. Жуковського</name>
        <description>Автобус-62. Троллейбус-55.</description>
        <styleUrl>#icon-1499-000000</styleUrl>
        <Point>
          <coordinates>
            36.2942772,50.0550508,0
          </coordinates>
        </Point>
      </Placemark>
      <Placemark>
        <name>Остановка пров. Фізкультурний</name>
        <description>Автобус-58. Маршрутка-258е.</description>
        <styleUrl>#icon-1532-000000</styleUrl>
        <Point>
          <coordinates>
            36.2946849,50.0524606,0
          </coordinates>
        </Point>
      </Placemark>
      <Placemark>
        <name>вул. Фестивальна</name>
        <description>Автобус-58. Маршрутка-258е.</description>
        <styleUrl>#icon-1532-000000</styleUrl>
        <Point>
          <coordinates>
            36.2950356,50.0495879,0
          </coordinates>
        </Point>
      </Placemark>
      <Placemark>
        <name>Остановка пр. Жуковського</name>
        <description>Автобус-58. Троллейбус – 2, 55.</description>
        <styleUrl>#icon-1532-000000</styleUrl>
        <Point>
          <coordinates>
            36.2931044,50.0466668,0
          </coordinates>
        </Point>
      </Placemark>
      <Placemark>
        <name>вул. Поздовжня</name>
        <description>Автобус-58. Троллейбус – 2, 55.</description>
        <styleUrl>#icon-1532-000000</styleUrl>
        <Point>
          <coordinates>
            36.2887368,50.0466246,0
          </coordinates>
        </Point>
      </Placemark>
      <Placemark>
        <name>Зупинка Литвинівка</name>
        <description>Автобус-58. Троллейбус – 2, 55.</description>
        <styleUrl>#icon-1532-000000</styleUrl>
        <Point>
          <coordinates>
            36.2825536,50.0454919,0
          </coordinates>
        </Point>
      </Placemark>
      <Placemark>
        <name>Остановка ш. Харківське</name>
        <description>Автобус-31,63. Троллейбус-12,55.</description>
        <styleUrl>#icon-1532-000000</styleUrl>
        <Point>
          <coordinates>
            36.2757209,50.0441722,0
          </coordinates>
        </Point>
      </Placemark>
      <Placemark>
        <name>Остановка Лісопарк</name>
        <description>Автобус-31, 33, 62, 63, 96. Троллейбус -2, 12.</description>
        <styleUrl>#icon-1720-000000</styleUrl>
        <Point>
          <coordinates>
            36.2723413,50.0410702,0
          </coordinates>
        </Point>
      </Placemark>
      <Placemark>
        <name>Меморіал Слави</name>
        <description>Автобус-31, 33, 62, 63, 96. Троллейбус -2, 12.</description>
        <styleUrl>#icon-1600-000000</styleUrl>
        <Point>
          <coordinates>
            36.2673009,50.0360984,0
          </coordinates>
        </Point>
      </Placemark>
      <Placemark>
        <name>Велоцентр</name>
        <description>Автобус-31, 33, 62, 63, 96. Троллейбус -2, 12, 55.</description>
        <styleUrl>#icon-1522-000000</styleUrl>
        <Point>
          <coordinates>
            36.2639311,50.0324253,0
          </coordinates>
        </Point>
      </Placemark>
      <Placemark>
        <name>Зупинка Сокільники</name>
        <description>Автобус-31, 33, 62, 63, 96. Троллейбус -2, 12, 55.</description>
        <styleUrl>#icon-1532-000000</styleUrl>
        <Point>
          <coordinates>
            36.2573191,50.0259733,0
          </coordinates>
        </Point>
      </Placemark>
      <Placemark>
        <name>Дитяча залізниця</name>
        <description>Автобус-31, 33, 62, 63, 96. Троллейбус -2, 12, 55.</description>
        <styleUrl>#icon-1662-000000</styleUrl>
        <Point>
          <coordinates>
            36.2519175,50.0203259,0
          </coordinates>
        </Point>
      </Placemark>
      <Placemark>
        <name>Центральний парк</name>
        <description>Автобус-31, 62, 96. Троллейбус -2, 40, 55.</description>
        <styleUrl>#icon-1720-000000</styleUrl>
        <Point>
          <coordinates>
            36.247045,50.0159483,0
          </coordinates>
        </Point>
      </Placemark>
      <Placemark>
        <name>вул. Олеся Гончара</name>
        <description>Автобус-31, 62, 96. Троллейбус -2, 40, 55.</description>
        <styleUrl>#icon-1532-000000</styleUrl>
        <Point>
          <coordinates>
            36.2437442,50.0131002,0
          </coordinates>
        </Point>
      </Placemark>
      <Placemark>
        <name>вул. Миколи Хвильового</name>
        <description>Автобус-31, 62, 96. Троллейбус -2, 40, 55.</description>
        <styleUrl>#icon-1532-000000</styleUrl>
        <Point>
          <coordinates>
            36.2408097,50.0103527,0
          </coordinates>
        </Point>
      </Placemark>
      <Placemark>
        <name>вул. Сумська</name>
        <description>Автобус-31, 47, 62, 96. Троллейбус -2, 40, 55.</description>
        <styleUrl>#icon-1532-000000</styleUrl>
        <Point>
          <coordinates>
            36.2366786,50.0065289,0
          </coordinates>
        </Point>
      </Placemark>
    </Folder><Folder><name>Автобус №63</name><Placemark>
        <name>Остановка інститут Протезування</name>
        <description>Автобус-63.</description>
        <styleUrl>#icon-1499-A52714</styleUrl>
        <Point>
          <coordinates>
            36.1873506,50.0497731,0
          </coordinates>
        </Point>
      </Placemark>
      <Placemark>
        <name>Зупинка Обласна дитяча лікарня</name>
        <description>Автобус-63.</description>
        <styleUrl>#icon-1624-A52714</styleUrl>
        <Point>
          <coordinates>
            36.1896931,50.0486795,0
          </coordinates>
        </Point>
      </Placemark>
      <Placemark>
        <name>вул. Асхарова</name>
        <description>Автобус-63.</description>
        <styleUrl>#icon-1532-A52714</styleUrl>
        <Point>
          <coordinates>
            36.1939739,50.0519794,0
          </coordinates>
        </Point>
      </Placemark>
      <Placemark>
        <name>Банківський інститут</name>
        <description>Автобус-63.</description>
        <styleUrl>#icon-1726-A52714</styleUrl>
        <Point>
          <coordinates>
            36.1964312,50.0541403,0
          </coordinates>
        </Point>
      </Placemark>
      <Placemark>
        <name>Станція метро Перемога</name>
        <description>Автобус-63. Троллейбус-2, 40, 58.</description>
        <styleUrl>#icon-1626-A52714</styleUrl>
        <Point>
          <coordinates>
            36.2023314,50.0583718,0
          </coordinates>
        </Point>
      </Placemark>
      <Placemark>
        <name>Остановка 336 мікрорайон</name>
        <description>Автобус-63. Троллейбус-2, 40, 58.</description>
        <styleUrl>#icon-1546-A52714</styleUrl>
        <Point>
          <coordinates>
            36.2036188,50.0566498,0
          </coordinates>
        </Point>
      </Placemark>
      <Placemark>
        <name>Остановка пр. Людвіга Свободи</name>
        <description>Автобус-63. Троллейбус-2, 40, 58.</description>
        <styleUrl>#icon-1532-A52714</styleUrl>
        <Point>
          <coordinates>
            36.204563,50.0542113,0
          </coordinates>
        </Point>
      </Placemark>
      <Placemark>
        <name>Станція АТС-336</name>
        <description>Автобус-63. Троллейбус-2, 40, 58.</description>
        <styleUrl>#icon-1648-A52714</styleUrl>
        <Point>
          <coordinates>
            36.2052805,50.0523496,0
          </coordinates>
        </Point>
      </Placemark>
      <Placemark>
        <name>Станція метро Олексіївська</name>
        <description>Автобус-63. Троллейбус-2, 40, 58.</description>
        <styleUrl>#icon-1626-A52714</styleUrl>
        <Point>
          <coordinates>
            36.2089606,50.04927,0
          </coordinates>
        </Point>
      </Placemark>
      <Placemark>
        <name>вул. Білогірська</name>
        <description>Автобус-63. Троллейбус-2, 40, 58.</description>
        <styleUrl>#icon-1532-A52714</styleUrl>
        <Point>
          <coordinates>
            36.2127266,50.0467622,0
          </coordinates>
        </Point>
      </Placemark>
      <Placemark>
        <name>Зупинка Різдвяна церква</name>
        <description>Автобус-63. Троллейбус-2, 58.</description>
        <styleUrl>#icon-1670-A52714</styleUrl>
        <Point>
          <coordinates>
            36.2223824,50.0417911,0
          </coordinates>
        </Point>
      </Placemark>
      <Placemark>
        <name>Інститут низьких температур</name>
        <description>Автобус-63. Троллейбус-2, 18, 58.</description>
        <styleUrl>#icon-1694-A52714</styleUrl>
        <Point>
          <coordinates>
            36.2211844,50.0390212,0
          </coordinates>
        </Point>
      </Placemark>
      <Placemark>
        <name>Станція метро 23 серпня</name>
        <description>Автобус-33, 63, 77. Маршрутка - 277е. Троллейбус-12.</description>
        <styleUrl>#icon-1626-A52714</styleUrl>
        <Point>
          <coordinates>
            36.2214848,50.0345007,0
          </coordinates>
        </Point>
      </Placemark>
      <Placemark>
        <name>Зупинка Павлове Поле</name>
        <description>Автобус-33, 63, 77. Маршрутка - 277е. Троллейбус-12.</description>
        <styleUrl>#icon-1532-A52714</styleUrl>
        <Point>
          <coordinates>
            36.225207,50.0347707,0
          </coordinates>
        </Point>
      </Placemark>
      <Placemark>
        <name>вул. Новопрудна</name>
        <description>Автобус-33, 63. Троллейбус-12, 18, 40.</description>
        <styleUrl>#icon-1532-A52714</styleUrl>
        <Point>
          <coordinates>
            36.2360997,50.0366537,0
          </coordinates>
        </Point>
      </Placemark>
      <Placemark>
        <name>вул. Космонавтів</name>
        <description>Автобус-33, 63. Троллейбус-12, 18, 40.</description>
        <styleUrl>#icon-1532-A52714</styleUrl>
        <Point>
          <coordinates>
            36.2303675,50.0356183,0
          </coordinates>
        </Point>
      </Placemark>
      <Placemark>
        <name>вул. Портали</name>
        <description>Автобус-33, 63. Троллейбус-12, 40.</description>
        <styleUrl>#icon-1532-A52714</styleUrl>
        <Point>
          <coordinates>
            36.2420834,50.0344881,0
          </coordinates>
        </Point>
      </Placemark>
      <Placemark>
        <name>Зупинка Сокільники</name>
        <description>Автобус-33е, 55е, 65е, 202е, 263е, 271е, 278е, 302е. Троллейбус-2, 12, 17, 50.</description>
        <styleUrl>#icon-1532-A52714</styleUrl>
        <Point>
          <coordinates>
            36.2590353,50.0269139,0
          </coordinates>
        </Point>
      </Placemark>
      <Placemark>
        <name>Велоцентр</name>
        <description>Автобус-31, 33, 62, 63, 96. Троллейбус-2, 12, 55.</description>
        <styleUrl>#icon-1522-A52714</styleUrl>
        <Point>
          <coordinates>
            36.2639276,50.0317798,0
          </coordinates>
        </Point>
      </Placemark>
      <Placemark>
        <name>Остановка Меморіал</name>
        <description>Автобус-31, 33, 62, 63, 96. Троллейбус-2, 12.</description>
        <styleUrl>#icon-1600-A52714</styleUrl>
        <Point>
          <coordinates>
            36.2693554,50.0375267,0
          </coordinates>
        </Point>
      </Placemark>
      <Placemark>
        <name>Остановка Лісопарк</name>
        <description>Автобус-31, 33, 62, 63, 96. Троллейбус-2, 12.</description>
        <styleUrl>#icon-1720-A52714</styleUrl>
        <Point>
          <coordinates>
            36.272102,50.040283,0
          </coordinates>
        </Point>
      </Placemark>
      <Placemark>
        <name>вул. Академіка Проскури</name>
        <description>Автобус-31, 63. Троллейбус-12, 55.</description>
        <styleUrl>#icon-1532-A52714</styleUrl>
        <Point>
          <coordinates>
            36.2758785,50.0436868,0
          </coordinates>
        </Point>
      </Placemark>
      <Placemark>
        <name>Остановка ХАІ</name>
        <description>Автобус-31, 63. Троллейбус-12, 55.</description>
        <styleUrl>#icon-1726-A52714</styleUrl>
        <Point>
          <coordinates>
            36.2825948,50.0415232,0
          </coordinates>
        </Point>
      </Placemark>
      <Placemark>
        <name>вул. Вадима Манько</name>
        <description>Автобус-31,63.</description>
        <styleUrl>#icon-1532-A52714</styleUrl>
        <Point>
          <coordinates>
            36.2945681,50.0388429,0
          </coordinates>
        </Point>
      </Placemark>
      <Placemark>
        <name>вул. Архітектора Гінзбурга</name>
        <description>Автобус-47, 63, 208, 272.</description>
        <styleUrl>#icon-1532-A52714</styleUrl>
        <Point>
          <coordinates>
            36.3034947,50.0290431,0
          </coordinates>
        </Point>
      </Placemark>
      <Placemark>
        <name>Сосновий бір</name>
        <description>Автобус-47, 63, 208.</description>
        <styleUrl>#icon-1720-A52714</styleUrl>
        <Point>
          <coordinates>
            36.3161545,50.0288501,0
          </coordinates>
        </Point>
      </Placemark>
      <Placemark>
        <name>вул. Богданівська</name>
        <description>Автобус-31,63.</description>
        <styleUrl>#icon-1532-A52714</styleUrl>
        <Point>
          <coordinates>
            36.2988256,50.0348165,0
          </coordinates>
        </Point>
      </Placemark>
      <Placemark>
        <name>вул. Барабашова</name>
        <description>Автобус-47, 63, 208.</description>
        <styleUrl>#icon-1532-A52714</styleUrl>
        <Point>
          <coordinates>
            36.3251862,50.0274893,0
          </coordinates>
        </Point>
      </Placemark>
      <Placemark>
        <name>Остановка Піски</name>
        <description>Автобус-47, 63, 208.</description>
        <styleUrl>#icon-1532-A52714</styleUrl>
        <Point>
          <coordinates>
            36.3313445,50.0255869,0
          </coordinates>
        </Point>
      </Placemark>
      <Placemark>
        <name>Станція метро Салтівська</name>
        <description>Автобус-47,63.</description>
        <styleUrl>#icon-1626-A52714</styleUrl>
        <Point>
          <coordinates>
            36.3362154,50.0238637,0
          </coordinates>
        </Point>
      </Placemark>
      <Placemark>
        <name>Салтівський ринок</name>
        <description>Автобус-47, 63, 222.</description>
        <styleUrl>#icon-1578-A52714</styleUrl>
        <Point>
          <coordinates>
            36.3427466,50.021712,0
          </coordinates>
        </Point>
      </Placemark>
      <Placemark>
        <name>вул. Нескорених</name>
        <description>Автобус-63, 170. Маршрутка-259е. Троллейбус-31, 35.</description>
        <styleUrl>#icon-1532-A52714</styleUrl>
        <Point>
          <coordinates>
            36.3471147,50.0203766,0
          </coordinates>
        </Point>
      </Placemark>
      <Placemark>
        <name>Остановка 607 мікрорайон</name>
        <description>Автобус-63, 170. Маршрутка-259е. Троллейбус-31, 35.</description>
        <styleUrl>#icon-1546-A52714</styleUrl>
        <Point>
          <coordinates>
            36.3448494,50.0176034,0
          </coordinates>
        </Point>
      </Placemark>
      <Placemark>
        <name>вул. Валентинівська</name>
        <description>Автобус-63, 170. Маршрутка-259е. Троллейбус-31, 35, 56.</description>
        <styleUrl>#icon-1532-A52714</styleUrl>
        <Point>
          <coordinates>
            36.3403005,50.0128548,0
          </coordinates>
        </Point>
      </Placemark>
      <Placemark>
        <name>вул. Владислава Зубенка</name>
        <description>Автобус-63, 170. Маршрутка-259е. Троллейбус-31, 35, 56.</description>
        <styleUrl>#icon-1532-A52714</styleUrl>
        <Point>
          <coordinates>
            36.3349682,50.008711,0
          </coordinates>
        </Point>
      </Placemark>
      <Placemark>
        <name>Остановка 605 мікрорайон</name>
        <description>Автобус-63, 170. Маршрутка-259е. Троллейбус-31, 35, 56.</description>
        <styleUrl>#icon-1546-A52714</styleUrl>
        <Point>
          <coordinates>
            36.3318467,50.0050173,0
          </coordinates>
        </Point>
      </Placemark>
      <Placemark>
        <name>вул. Василя Стуса</name>
        <description>Автобус-63е, 107е, 152е, 259е. Троллейбус-31, 35, 56.</description>
        <styleUrl>#icon-1532-A52714</styleUrl>
        <Point>
          <coordinates>
            36.3303232,50.0024934,0
          </coordinates>
        </Point>
      </Placemark>
      <Placemark>
        <name>вул. Гвардійців Широнінців</name>
        <description>Автобус-63, 81, 83. Маршрутка-38е. Троллейбус-19, 20, 24.</description>
        <styleUrl>#icon-1532-A52714</styleUrl>
        <Point>
          <coordinates>
            36.3297217,49.9971959,0
          </coordinates>
        </Point>
      </Placemark>
      <Placemark>
        <name>Остановка 6 поліклініка</name>
        <description>Автобус-63, 81. Маршрутка -38е, 121е. Троллейбус-19, 20, 24.</description>
        <styleUrl>#icon-1624-A52714</styleUrl>
        <Point>
          <coordinates>
            36.3359336,49.9967201,0
          </coordinates>
        </Point>
      </Placemark>
      <Placemark>
        <name>Тракторобудівників</name>
        <description>Автобус-63, 81. Маршрутка-38е. Троллейбус-19, 20, 24.</description>
        <styleUrl>#icon-1883-A52714</styleUrl>
        <Point>
          <coordinates>
            36.3415126,49.9964235,0
          </coordinates>
        </Point>
      </Placemark>
      <Placemark>
        <name>вул. Познанська</name>
        <description>Автобус-63, 81. Маршрутка-38е. Троллейбус-19, 20, 24.</description>
        <styleUrl>#icon-1532-A52714</styleUrl>
        <Point>
          <coordinates>
            36.3516835,49.9960098,0
          </coordinates>
        </Point>
      </Placemark>
      <Placemark>
        <name>Салтівський РЕМ</name>
        <description>Автобус-63, 81. Маршрутка-38е. Троллейбус-19, 20, 24.</description>
        <styleUrl>#icon-1619-A52714</styleUrl>
        <Point>
          <coordinates>
            36.3568339,49.9944372,0
          </coordinates>
        </Point>
      </Placemark>
      <Placemark>
        <name>Остановка 602 м/н</name>
        <description>Автобус-63, 81. Маршрутка-38е. Троллейбус-19, 20, 24.</description>
        <styleUrl>#icon-1546-A52714</styleUrl>
        <Point>
          <coordinates>
            36.3594385,49.9921064,0
          </coordinates>
        </Point>
      </Placemark>
      <Placemark>
        <name>Лінія маршруту</name>
        <styleUrl>#line-A52714-5263-nodesc</styleUrl>
        <LineString>
          <tessellate>1</tessellate>
          <coordinates>
            36.1874935,50.0496548,0
            36.1880835,50.0491312,0
            36.189135,50.0484423,0
            36.189607,50.0486283,0
            36.1930724,50.0512737,0
            36.1935874,50.0516595,0
            36.1954864,50.05343,0
            36.1973962,50.0552416,0
            36.1988767,50.0566538,0
            36.2010654,50.058672,0
            36.2016341,50.0592092,0
            36.2018057,50.0590646,0
            36.2033721,50.0577145,0
            36.2035009,50.0572875,0
            36.2041339,50.0557307,0
            36.2053677,50.0525895,0
            36.2058076,50.0516664,0
            36.2060543,50.0513082,0
            36.2065264,50.0508948,0
            36.2075027,50.0501922,0
            36.2084254,50.0497237,0
            36.2090262,50.0493792,0
            36.20967,50.0490692,0
            36.210142,50.0487385,0
            36.210893,50.0482011,0
            36.2119445,50.0474364,0
            36.2125024,50.0470024,0
            36.2131246,50.0466854,0
            36.2135431,50.0464788,0
            36.2142941,50.0461481,0
            36.2158498,50.0455073,0
            36.2169226,50.0449906,0
            36.2191006,50.0439846,0
            36.2208816,50.0431509,0
            36.2221047,50.0425859,0
            36.2227377,50.0423517,0
            36.2222334,50.0411458,0
            36.2213751,50.0390993,0
            36.2204954,50.0369907,0
            36.2202915,50.0365979,0
            36.2202486,50.0362603,0
            36.2202057,50.0355918,0
            36.2205383,50.0343996,0
            36.221182,50.0344754,0
            36.2219545,50.034565,0
            36.2232097,50.0347235,0
            36.2245187,50.0348544,0
            36.2255594,50.0348475,0
            36.2263426,50.034758,0
            36.2272223,50.0345788,0
            36.2278446,50.0344547,0
            36.2282952,50.034248,0
            36.2287887,50.0341446,0
            36.2291643,50.034186,0
            36.2293037,50.0343376,0
            36.2293145,50.0345857,0
            36.2294432,50.0347717,0
            36.229926,50.0352748,0
            36.2323078,50.0375558,0
            36.2327262,50.0379968,0
            36.2343677,50.0372732,0
            36.235859,50.0367082,0
            36.238037,50.0362189,0
            36.2390241,50.0359157,0
            36.2397,50.035578,0
            36.2416312,50.0347442,0
            36.2440451,50.0335244,0
            36.2463948,50.0324079,0
            36.2481757,50.0314913,0
            36.2515661,50.0297477,0
            36.2537226,50.0286725,0
            36.2577566,50.0266737,0
            36.2583145,50.0264807,0
            36.2585076,50.0265496,0
            36.2602028,50.028321,0
            36.2618979,50.0300716,0
            36.2644407,50.0326698,0
            36.2657174,50.0339999,0
            36.2667152,50.0349509,0
            36.2683781,50.0366944,0
            36.2696549,50.0379899,0
            36.2715539,50.0399193,0
            36.2729594,50.041325,0
            36.2751802,50.043647,0
            36.2754484,50.0436746,0
            36.276811,50.0438951,0
            36.2770792,50.0438124,0
            36.2797078,50.0428064,0
            36.2845358,50.0408495,0
            36.2854477,50.0404706,0
            36.2867674,50.0403396,0
            36.2890419,50.040126,0
            36.2915095,50.0398642,0
            36.2928399,50.0397126,0
            36.293548,50.0395955,0
            36.2938162,50.0393956,0
            36.2942883,50.0389753,0
            36.2955436,50.0378245,0
            36.2977215,50.0358261,0
            36.2997063,50.0339999,0
            36.2998244,50.0337932,0
            36.2996742,50.0336622,0
            36.2992128,50.0334693,0
            36.2991163,50.0333521,0
            36.2991806,50.0331798,0
            36.3027533,50.0300165,0
            36.3027426,50.0298648,0
            36.3024422,50.029534,0
            36.3023671,50.0293962,0
            36.3029035,50.0293135,0
            36.3037082,50.0292376,0
            36.3049206,50.0290653,0
            36.3057467,50.0289551,0
            36.3081392,50.0289895,0
            36.3091155,50.0290102,0
            36.3115295,50.0290653,0
            36.3140723,50.0290791,0
            36.3152632,50.0290309,0
            36.3165721,50.0289551,0
            36.3174197,50.0288999,0
            36.3201019,50.0285967,0
            36.3212499,50.0284037,0
            36.3232883,50.0280246,0
            36.3242647,50.0277972,0
            36.3254341,50.0274388,0
            36.3265499,50.0271286,0
            36.3285455,50.0264876,0
            36.3315603,50.0254882,0
            36.3355407,50.024151,0
            36.3385769,50.0231928,0
            36.343201,50.0216488,0
            36.3438984,50.0214558,0
            36.345025,50.0212283,0
            36.3462051,50.021118,0
            36.3472029,50.0210077,0
            36.3478252,50.0210215,0
            36.3469561,50.0200909,0
            36.3448494,50.0176034,0
            36.3423427,50.0147757,0
            36.3411304,50.013321,0
            36.3407871,50.0130245,0
            36.337783,50.0108389,0
            36.3359269,50.0093496,0
            36.3354334,50.0089773,0
            36.3339635,50.0072811,0
            36.332086,50.005178,0
            36.3313028,50.0040678,0
            36.3304874,50.0027644,0
            36.3297578,50.0013783,0
            36.329436,50.0005715,0
            36.3292321,50.0000129,0
            36.3289746,49.9989232,0
            36.3288781,49.9982818,0
            36.3288351,49.9975439,0
            36.3288459,49.9973508,0
            36.3295862,49.9973025,0
            36.3333949,49.9970335,0
            36.3371822,49.9967301,0
            36.3392099,49.9965715,0
            36.3409909,49.9965163,0
            36.3428792,49.9965163,0
            36.3446709,49.9964335,0
            36.346248,49.9964404,0
            36.3479539,49.996399,0
            36.3495525,49.9963025,0
            36.3508936,49.9961714,0
            36.3521704,49.9959507,0
            36.3539513,49.9955921,0
            36.3552495,49.9952265,0
            36.356537,49.9947162,0
            36.3579425,49.993923,0
            36.359584,49.9927091,0
            36.3595089,49.9923918,0
            36.3596162,49.9920676,0
            36.3600453,49.9918055,0
            36.3604101,49.9918676,0
            36.3606461,49.9919848,0
            36.3599166,49.9926884,0
          </coordinates>
        </LineString>
      </Placemark>
    <Placemark>
        <name>Лінія маршруту</name>
        <styleUrl>#line-000000-5263-nodesc</styleUrl>
        <LineString>
          <tessellate>1</tessellate>
          <coordinates>
            36.3599166,49.9926884,0
            36.357972,49.9941856,0
            36.3562983,49.9951788,0
            36.3544529,49.995772,0
            36.3522643,49.9961996,0
            36.3486165,49.9965858,0
            36.3449472,49.9966824,0
            36.3441318,49.9966962,0
            36.3413638,49.9966686,0
            36.3392916,49.9967371,0
            36.3349265,49.9970203,0
            36.3311821,49.9973031,0
            36.3290149,49.9974962,0
            36.3289827,49.998041,0
            36.3291114,49.9986341,0
            36.3293046,49.9997445,0
            36.329841,50.0011651,0
            36.330195,50.0019237,0
            36.3310963,50.0034891,0
            36.3321477,50.0050889,0
            36.3329416,50.0059577,0
            36.334787,50.007985,0
            36.335656,50.0089848,0
            36.3360959,50.0093295,0
            36.3383168,50.011005,0
            36.339615,50.0119564,0
            36.340881,50.0128734,0
            36.3412994,50.0132319,0
            36.3416105,50.0136111,0
            36.3431877,50.015507,0
            36.3449043,50.0173822,0
            36.346932,50.0197123,0
            36.3481015,50.0211254,0
            36.3467175,50.0211875,0
            36.3454407,50.0213185,0
            36.3446468,50.0214081,0
            36.3436705,50.0216424,0
            36.3422864,50.0220698,0
            36.3407093,50.0226006,0
            36.335538,50.0243169,0
            36.3309353,50.0258403,0
            36.3257426,50.0275358,0
            36.3244873,50.0279287,0
            36.3232642,50.0282044,0
            36.320979,50.0286041,0
            36.3195306,50.0287971,0
            36.3168162,50.029059,0
            36.3148743,50.0291693,0
            36.3110119,50.0291624,0
            36.30804,50.0290935,0
            36.3059586,50.0290935,0
            36.3041347,50.029314,0
            36.302697,50.0294588,0
            36.302976,50.0298034,0
            36.3028794,50.0300653,0
            36.3017958,50.0310784,0
            36.2993282,50.0333389,0
            36.2996286,50.0335043,0
            36.2999397,50.0336835,0
            36.2999934,50.0338213,0
            36.299811,50.0340625,0
            36.2987274,50.0351444,0
            36.2968713,50.0368259,0
            36.2944036,50.0390517,0
            36.2937599,50.0396236,0
            36.2935668,50.0397476,0
            36.2931591,50.0398234,0
            36.2908202,50.040037,0
            36.2878698,50.0403609,0
            36.2855416,50.040602,0
            36.2852412,50.0406847,0
            36.2844366,50.0410017,0
            36.2829345,50.0416149,0
            36.2772482,50.0438818,0
            36.276626,50.0441505,0
            36.2751883,50.0439507,0
            36.274963,50.0436614,0
            36.2731284,50.0417528,0
            36.2697273,50.0382592,0
            36.2664979,50.0350066,0
            36.2640518,50.0324981,0
            36.2628501,50.0312645,0
            36.2583226,50.0266536,0
            36.2580973,50.0267018,0
            36.256563,50.0274531,0
            36.2545568,50.0284387,0
            36.2518424,50.0297965,0
            36.2472719,50.0321466,0
            36.2430125,50.0342141,0
            36.2390536,50.036061,0
            36.2379271,50.036378,0
            36.235953,50.0368466,0
            36.2354058,50.0370326,0
            36.2325948,50.0381421,0
            36.2301916,50.0358129,0
            36.2291938,50.0348274,0
            36.2287861,50.0346345,0
            36.2283355,50.0345587,0
            36.2278741,50.0345242,0
            36.2269836,50.0347241,0
            36.2261039,50.0349032,0
            36.2249022,50.0349446,0
            36.2241083,50.034917,0
            36.2224775,50.0347378,0
            36.2206429,50.0345173,0
            36.2204605,50.0352133,0
            36.2203961,50.0358405,0
            36.2204176,50.0364469,0
            36.2207395,50.0371704,0
            36.2217694,50.0396374,0
            36.2229174,50.0424004,0
            36.2225312,50.042552,0
            36.2200421,50.0436958,0
            36.2183791,50.0444468,0
            36.2157291,50.045687,0
            36.2140661,50.0464035,0
            36.2130362,50.0468927,0
            36.212607,50.0471132,0
            36.2118667,50.0476919,0
            36.2107187,50.0485462,0
            36.2099892,50.0490078,0
            36.2092381,50.0494487,0
            36.2078434,50.0502065,0
            36.2070387,50.0507025,0
            36.2064701,50.0511365,0
            36.2060839,50.0515774,0
            36.2058157,50.052039,0
            36.2053114,50.0531756,0
            36.2041634,50.0560757,0
            36.2036162,50.0576738,0
            36.2033695,50.05797,0
            36.2015027,50.0596162,0
            36.2004083,50.0585485,0
            36.1976832,50.0558966,0
            36.1938423,50.0522732,0
            36.1929196,50.0515774,0
            36.1895078,50.0489802,0
            36.1890358,50.0487115,0
            36.1883491,50.049242,0
            36.1874264,50.050048,0
            36.187126,50.0498827,0
            36.1874935,50.0496548,0
          </coordinates>
        </LineString>
      </Placemark>
      <Placemark>
        <name>Остановка 602 мікрорайон</name>
        <description>Автобус-63, 81. Маршрутка-38е. Троллейбус-19, 20, 24.</description>
        <styleUrl>#icon-1499-000000</styleUrl>
        <Point>
          <coordinates>
            36.3603315,49.9924094,0
          </coordinates>
        </Point>
      </Placemark>
      <Placemark>
        <name>Салтівський РЕМ</name>
        <description>Автобус-63, 81. Маршрутка-38е. Троллейбус-19, 20, 24.</description>
        <styleUrl>#icon-1619-000000</styleUrl>
        <Point>
          <coordinates>
            36.3564045,49.9950062,0
          </coordinates>
        </Point>
      </Placemark>
      <Placemark>
        <name>вул. Познанська</name>
        <description>Автобус-63, 81. Маршрутка-38е. Троллейбус-19, 20, 24.</description>
        <styleUrl>#icon-1532-000000</styleUrl>
        <Point>
          <coordinates>
            36.3511003,49.9963309,0
          </coordinates>
        </Point>
      </Placemark>
      <Placemark>
        <name>Остановка 603 мікрорайон</name>
        <description>Автобус-63, 81. Маршрутка-38е. Троллейбус-19, 20, 24.</description>
        <styleUrl>#icon-1546-000000</styleUrl>
        <Point>
          <coordinates>
            36.3465445,49.9967061,0
          </coordinates>
        </Point>
      </Placemark>
      <Placemark>
        <name>Остановка пр. Трактробудівників</name>
        <description>Автобус-63, 81. Маршрутка-38е. Троллейбус-19, 20, 24.</description>
        <styleUrl>#icon-1883-000000</styleUrl>
        <Point>
          <coordinates>
            36.3392916,49.9967371,0
          </coordinates>
        </Point>
      </Placemark>
      <Placemark>
        <name>вул. Гвардійців Широнінців</name>
        <description>Автобус-63, 170. Маршрутка-259е. Троллейбус-31, 35, 56.</description>
        <styleUrl>#icon-1532-000000</styleUrl>
        <Point>
          <coordinates>
            36.3291314,49.9979027,0
          </coordinates>
        </Point>
      </Placemark>
      <Placemark>
        <name>вул. Василя Стуса</name>
        <description>Автобус-63, 170. Маршрутка-259е. Троллейбус-31, 35, 56.</description>
        <styleUrl>#icon-1532-000000</styleUrl>
        <Point>
          <coordinates>
            36.3309559,50.0029592,0
          </coordinates>
        </Point>
      </Placemark>
      <Placemark>
        <name>вул. Владислава Зубенка</name>
        <description>Автобус-63, 170. Маршрутка-259е. Троллейбус-31, 35, 56.</description>
        <styleUrl>#icon-1532-000000</styleUrl>
        <Point>
          <coordinates>
            36.3356058,50.0088118,0
          </coordinates>
        </Point>
      </Placemark>
      <Placemark>
        <name>вул. Валентинівська</name>
        <description>Автобус-63, 170. Маршрутка-259е. Троллейбус-31, 35, 56.</description>
        <styleUrl>#icon-1532-000000</styleUrl>
        <Point>
          <coordinates>
            36.3422079,50.0141978,0
          </coordinates>
        </Point>
      </Placemark>
      <Placemark>
        <name>Остановка 607 м/н</name>
        <description>Автобус-63, 170. Маршрутка-259е. Троллейбус-31, 35.</description>
        <styleUrl>#icon-1546-000000</styleUrl>
        <Point>
          <coordinates>
            36.3457415,50.0182534,0
          </coordinates>
        </Point>
      </Placemark>
      <Placemark>
        <name>вул. Гвардійців Широнінців</name>
        <description>Автобус-63, 170. Маршрутка-259е. Троллейбус-31, 35.</description>
        <styleUrl>#icon-1532-000000</styleUrl>
        <Point>
          <coordinates>
            36.347222,50.0212118,0
          </coordinates>
        </Point>
      </Placemark>
      <Placemark>
        <name>Салтівський ринок</name>
        <description>Автобус-47, 63, 222.</description>
        <styleUrl>#icon-1578-000000</styleUrl>
        <Point>
          <coordinates>
            36.3421487,50.022238,0
          </coordinates>
        </Point>
      </Placemark>
      <Placemark>
        <name>Станція метро Салтівська</name>
        <description>Автобус-47, 63, 222.</description>
        <styleUrl>#icon-1626-000000</styleUrl>
        <Point>
          <coordinates>
            36.3346778,50.0247312,0
          </coordinates>
        </Point>
      </Placemark>
      <Placemark>
        <name>Остановка Піски</name>
        <description>Автобус-47, 63, 208.</description>
        <styleUrl>#icon-1532-000000</styleUrl>
        <Point>
          <coordinates>
            36.3306622,50.0259974,0
          </coordinates>
        </Point>
      </Placemark>
      <Placemark>
        <name>вул. Барабашова</name>
        <description>Автобус-47, 63, 208.</description>
        <styleUrl>#icon-1532-000000</styleUrl>
        <Point>
          <coordinates>
            36.3254239,50.0278135,0
          </coordinates>
        </Point>
      </Placemark>
      <Placemark>
        <name>Сосновий бір</name>
        <description>Автобус-47, 63, 208.</description>
        <styleUrl>#icon-1720-000000</styleUrl>
        <Point>
          <coordinates>
            36.3164306,50.0290951,0
          </coordinates>
        </Point>
      </Placemark>
      <Placemark>
        <name>вул. Архітектора Гінзбурга</name>
        <description>Автобус-47, 63, 208.</description>
        <styleUrl>#icon-1532-000000</styleUrl>
        <Point>
          <coordinates>
            36.3043493,50.0292175,0
          </coordinates>
        </Point>
      </Placemark>
      <Placemark>
        <name>вул. Богданівська</name>
        <description>Автобус-31,63.</description>
        <styleUrl>#icon-1532-000000</styleUrl>
        <Point>
          <coordinates>
            36.2984141,50.0353839,0
          </coordinates>
        </Point>
      </Placemark>
      <Placemark>
        <name>вул. Вадима Манько</name>
        <description>Автобус-31,63.</description>
        <styleUrl>#icon-1532-000000</styleUrl>
        <Point>
          <coordinates>
            36.2928518,50.0398104,0
          </coordinates>
        </Point>
      </Placemark>
      <Placemark>
        <name>Остановка ХАІ</name>
        <description>Автобус-31, 63. Троллейбус-12, 55.</description>
        <styleUrl>#icon-1726-000000</styleUrl>
        <Point>
          <coordinates>
            36.2837851,50.0413539,0
          </coordinates>
        </Point>
      </Placemark>
      <Placemark>
        <name>вул. Вадима Манько</name>
        <description>Автобус-31, 63. Троллейбус-12.</description>
        <styleUrl>#icon-1532-000000</styleUrl>
        <Point>
          <coordinates>
            36.2783568,50.0434939,0
          </coordinates>
        </Point>
      </Placemark>
      <Placemark>
        <name>Остановка Лісопарк</name>
        <description>Автобус-31, 33, 62, 63, 96. Троллейбус-2, 12.</description>
        <styleUrl>#icon-1720-000000</styleUrl>
        <Point>
          <coordinates>
            36.2724031,50.0409725,0
          </coordinates>
        </Point>
      </Placemark>
      <Placemark>
        <name>Меморіал Слави</name>
        <description>Автобус-31, 33, 62, 63, 96. Троллейбус-2, 12.</description>
        <styleUrl>#icon-1600-000000</styleUrl>
        <Point>
          <coordinates>
            36.2675253,50.036142,0
          </coordinates>
        </Point>
      </Placemark>
      <Placemark>
        <name>Велоцентр</name>
        <description>Автобус-31, 33, 62, 63, 96. Троллейбус-2, 12, 55.</description>
        <styleUrl>#icon-1522-000000</styleUrl>
        <Point>
          <coordinates>
            36.2638671,50.0323586,0
          </coordinates>
        </Point>
      </Placemark>
      <Placemark>
        <name>Зупинка Сокільники</name>
        <description>Автобус-33, 63. Троллейбус-12, 40.</description>
        <styleUrl>#icon-1532-000000</styleUrl>
        <Point>
          <coordinates>
            36.2570985,50.027224,0
          </coordinates>
        </Point>
      </Placemark>
      <Placemark>
        <name>вул. Портали</name>
        <description>Автобус-33, 63. Троллейбус-12, 40.</description>
        <styleUrl>#icon-1532-000000</styleUrl>
        <Point>
          <coordinates>
            36.2413383,50.0350199,0
          </coordinates>
        </Point>
      </Placemark>
      <Placemark>
        <name>вул. Новопрудна</name>
        <description>Автобус-33, 63. Троллейбус-12, 18, 40.</description>
        <styleUrl>#icon-1532-000000</styleUrl>
        <Point>
          <coordinates>
            36.2357915,50.0369356,0
          </coordinates>
        </Point>
      </Placemark>
      <Placemark>
        <name>вул. Космонавтів</name>
        <description>Автобус-33, 63. Троллейбус-12, 18, 40.</description>
        <styleUrl>#icon-1532-000000</styleUrl>
        <Point>
          <coordinates>
            36.2307213,50.0362741,0
          </coordinates>
        </Point>
      </Placemark>
      <Placemark>
        <name>Зупинка Павлове Поле</name>
        <description>Автобус-33, 63, 77. Маршрутка - 277е. Троллейбус-12.</description>
        <styleUrl>#icon-1532-000000</styleUrl>
        <Point>
          <coordinates>
            36.2263316,50.0348872,0
          </coordinates>
        </Point>
      </Placemark>
      <Placemark>
        <name>Станція метро 23 серпня</name>
        <description>Автобус-33, 63, 77. Маршрутка - 277е. Троллейбус-12.</description>
        <styleUrl>#icon-1626-000000</styleUrl>
        <Point>
          <coordinates>
            36.2206882,50.034839,0
          </coordinates>
        </Point>
      </Placemark>
      <Placemark>
        <name>Станція метро 23 серпня</name>
        <description>Автобус-63. Троллейбус-2, 18, 58.</description>
        <styleUrl>#icon-1626-000000</styleUrl>
        <Point>
          <coordinates>
            36.2207419,50.0367578,0
          </coordinates>
        </Point>
      </Placemark>
      <Placemark>
        <name>Інститут низьких температур</name>
        <description>Автобус-63. Троллейбус-2, 18, 58.</description>
        <styleUrl>#icon-1694-000000</styleUrl>
        <Point>
          <coordinates>
            36.2218793,50.0396242,0
          </coordinates>
        </Point>
      </Placemark>
      <Placemark>
        <name>Зупинка Різдвяна церква</name>
        <description>Автобус-63. Троллейбус-2, 58.</description>
        <styleUrl>#icon-1670-000000</styleUrl>
        <Point>
          <coordinates>
            36.2228379,50.0418112,0
          </coordinates>
        </Point>
      </Placemark>
      <Placemark>
        <name>вул. Білогірська</name>
        <description>Автобус-63. Троллейбус-2, 40, 58.</description>
        <styleUrl>#icon-1532-000000</styleUrl>
        <Point>
          <coordinates>
            36.2122913,50.0474006,0
          </coordinates>
        </Point>
      </Placemark>
      <Placemark>
        <name>Станція метро Олексіївська</name>
        <description>Автобус-63. Троллейбус-2, 40, 58.</description>
        <styleUrl>#icon-1626-000000</styleUrl>
        <Point>
          <coordinates>
            36.207635,50.0503769,0
          </coordinates>
        </Point>
      </Placemark>
      <Placemark>
        <name>Остановка АТС 336</name>
        <description>Автобус-63. Троллейбус-2, 40, 58.</description>
        <styleUrl>#icon-1648-000000</styleUrl>
        <Point>
          <coordinates>
            36.2054996,50.0529094,0
          </coordinates>
        </Point>
      </Placemark>
      <Placemark>
        <name>Остановка пр. Людвіга Свободи</name>
        <description>Автобус-63. Троллейбус-2, 40, 58.</description>
        <styleUrl>#icon-1532-000000</styleUrl>
        <Point>
          <coordinates>
            36.2048237,50.054705,0
          </coordinates>
        </Point>
      </Placemark>
      <Placemark>
        <name>Остановка 336 м/н</name>
        <description>Автобус-63. Троллейбус-2, 40, 58.</description>
        <styleUrl>#icon-1546-000000</styleUrl>
        <Point>
          <coordinates>
            36.2038382,50.0572646,0
          </coordinates>
        </Point>
      </Placemark>
      <Placemark>
        <name>Станція метро Перемога</name>
        <description>Автобус-63. Троллейбус-2, 40.</description>
        <styleUrl>#icon-1626-000000</styleUrl>
        <Point>
          <coordinates>
            36.2029263,50.0584286,0
          </coordinates>
        </Point>
      </Placemark>
      <Placemark>
        <name>Станція метро Перемога</name>
        <description>Автобус-63.</description>
        <styleUrl>#icon-1626-000000</styleUrl>
        <Point>
          <coordinates>
            36.2010661,50.0589423,0
          </coordinates>
        </Point>
      </Placemark>
      <Placemark>
        <name>Банківський інститут</name>
        <description>Автобус-63.</description>
        <styleUrl>#icon-1726-000000</styleUrl>
        <Point>
          <coordinates>
            36.1962495,50.0547064,0
          </coordinates>
        </Point>
      </Placemark>
      <Placemark>
        <name>вул. Ахсарова</name>
        <description>Автобус-63.</description>
        <styleUrl>#icon-1532-000000</styleUrl>
        <Point>
          <coordinates>
            36.1931935,50.0517695,0
          </coordinates>
        </Point>
      </Placemark>
      <Placemark>
        <name>Зупинка Дитяча обласна лікарня</name>
        <description>Автобус-63.</description>
        <styleUrl>#icon-1532-000000</styleUrl>
        <Point>
          <coordinates>
            36.1887733,50.0489484,0
          </coordinates>
        </Point>
      </Placemark>
    </Folder><Folder><name>Автобус №64</name><Placemark>
        <name>Лінія маршруту</name>
        <styleUrl>#line-A52714-5263-nodesc</styleUrl>
        <LineString>
          <tessellate>1</tessellate>
          <coordinates>
            36.3789427,49.9527124,0
            36.3785135,49.9528643,0
            36.3782453,49.9529057,0
            36.3780307,49.9527746,0
            36.3779663,49.9526917,0
            36.3776016,49.9527884,0
            36.3761102,49.9510488,0
            36.3754665,49.9501927,0
            36.3738465,49.9481216,0
            36.3714968,49.9451805,0
            36.3711213,49.9446903,0
            36.3704615,49.9438583,0
            36.3703328,49.9438583,0
            36.3702416,49.9438169,0
            36.3701987,49.9437789,0
            36.3693082,49.9426949,0
            36.368761,49.9418871,0
            36.3679241,49.9408169,0
            36.3673448,49.9400228,0
            36.3663041,49.938552,0
            36.3645446,49.9363354,0
            36.3673662,49.9353824,0
            36.3712608,49.9341049,0
            36.3768827,49.932261,0
            36.3789427,49.9315635,0
            36.3790714,49.9314392,0
            36.3776552,49.9304101,0
            36.3744795,49.9282829,0
            36.3725375,49.9269499,0
            36.3722801,49.9267427,0
            36.3718616,49.9266115,0
            36.3712501,49.9262109,0
            36.3709497,49.9254511,0
            36.3712072,49.9253544,0
            36.3713037,49.9254373,0
            36.3710892,49.9255133,0
            36.3713145,49.9260866,0
          </coordinates>
        </LineString>
      </Placemark>
      <Placemark>
        <name>Станція метро Тракторний завод</name>
        <description>Автобус-42е, 64е, 224е, 280е</description>
        <styleUrl>#icon-1499-A52714</styleUrl>
        <Point>
          <coordinates>
            36.3787536,49.95279,0
          </coordinates>
        </Point>
      </Placemark>
      <Placemark>
        <name>вул. Бібліка</name>
        <description>Автобус-64, 224, 280.</description>
        <styleUrl>#icon-1532-A52714</styleUrl>
        <Point>
          <coordinates>
            36.3741724,49.9486341,0
          </coordinates>
        </Point>
      </Placemark>
      <Placemark>
        <name>Остановка пр. Олександрівський</name>
        <description>Автобус-64, 224, 280.</description>
        <styleUrl>#icon-1532-A52714</styleUrl>
        <Point>
          <coordinates>
            36.3705288,49.9439447,0
          </coordinates>
        </Point>
      </Placemark>
      <Placemark>
        <name>Остановка пр. Олександрівський</name>
        <description>Автобус-64.</description>
        <styleUrl>#icon-1532-A52714</styleUrl>
        <Point>
          <coordinates>
            36.3685112,49.9416075,0
          </coordinates>
        </Point>
      </Placemark>
      <Placemark>
        <name>вул. Душкіна</name>
        <description>Автобус-64.</description>
        <styleUrl>#icon-1532-A52714</styleUrl>
        <Point>
          <coordinates>
            36.3669774,49.9394911,0
          </coordinates>
        </Point>
      </Placemark>
      <Placemark>
        <name>Архітектора Альошина</name>
        <description>Автобус-64.</description>
        <styleUrl>#icon-1532-A52714</styleUrl>
        <Point>
          <coordinates>
            36.3649544,49.9362702,0
          </coordinates>
        </Point>
      </Placemark>
      <Placemark>
        <name>вул. Пирогова</name>
        <description>Автобус-64.</description>
        <styleUrl>#icon-1532-A52714</styleUrl>
        <Point>
          <coordinates>
            36.3681408,49.935186,0
          </coordinates>
        </Point>
      </Placemark>
      <Placemark>
        <name>Індустріальний</name>
        <description>Автобус-64.</description>
        <styleUrl>#icon-1532-A52714</styleUrl>
        <Point>
          <coordinates>
            36.3718302,49.9338855,0
          </coordinates>
        </Point>
      </Placemark>
      <Placemark>
        <name>вул. Крушельницького</name>
        <description>Автобус-64.</description>
        <styleUrl>#icon-1532-A52714</styleUrl>
        <Point>
          <coordinates>
            36.3759822,49.9325596,0
          </coordinates>
        </Point>
      </Placemark>
      <Placemark>
        <name>вул. Каяльська</name>
        <description>Автобус-64.</description>
        <styleUrl>#icon-1532-A52714</styleUrl>
        <Point>
          <coordinates>
            36.3789918,49.9313287,0
          </coordinates>
        </Point>
      </Placemark>
      <Placemark>
        <name>вул. Дністровська</name>
        <description>Автобус-64.</description>
        <styleUrl>#icon-1532-A52714</styleUrl>
        <Point>
          <coordinates>
            36.371413,49.9262351,0
          </coordinates>
        </Point>
      </Placemark>
      <Placemark>
        <name>вул. Волочаївська</name>
        <description>Автобус-64.</description>
        <styleUrl>#icon-1532-A52714</styleUrl>
        <Point>
          <coordinates>
            36.3748515,49.9285799,0
          </coordinates>
        </Point>
      </Placemark>
    <Placemark>
        <name>Лінія маршруту</name>
        <styleUrl>#line-000000-5069-nodesc</styleUrl>
        <LineString>
          <tessellate>1</tessellate>
          <coordinates>
            36.3713145,49.9260866,0
            36.3717226,49.9263934,0
            36.372066,49.9265868,0
            36.3724522,49.9267388,0
            36.373053,49.9271187,0
            36.3754777,49.9288039,0
            36.377763,49.9303302,0
            36.3785033,49.9308344,0
            36.3792757,49.9313523,0
            36.3792757,49.9314974,0
            36.3787286,49.9317805,0
            36.3773446,49.9322501,0
            36.373686,49.9334173,0
            36.3674097,49.9355028,0
            36.3648025,49.9364143,0
            36.3654248,49.9372084,0
            36.3675277,49.9399222,0
            36.3692872,49.9423112,0
            36.3702313,49.9435057,0
            36.3703815,49.9437405,0
            36.3706068,49.9437888,0
            36.3707571,49.9438717,0
            36.3711326,49.9443964,0
            36.3727955,49.9465367,0
            36.3755421,49.9499955,0
            36.3772802,49.9521632,0
            36.3777093,49.9526809,0
            36.3779776,49.9526464,0
            36.3792006,49.952177,0
            36.3792972,49.952315,0
            36.3793616,49.9525152,0
            36.3792865,49.9526395,0
            36.3789427,49.9527124,0
          </coordinates>
        </LineString>
      </Placemark>
      <Placemark>
        <name>вул. Дністровська</name>
        <description>Автобус-64.</description>
        <styleUrl>#icon-1499-000000</styleUrl>
        <Point>
          <coordinates>
            36.3714701,49.925993,0
          </coordinates>
        </Point>
      </Placemark>
      <Placemark>
        <name>вул. Волочаївська</name>
        <description>Автобус-64.</description>
        <styleUrl>#icon-1532-000000</styleUrl>
        <Point>
          <coordinates>
            36.3750286,49.9285178,0
          </coordinates>
        </Point>
      </Placemark>
      <Placemark>
        <name>вул. Каяльська</name>
        <description>Автобус-64.</description>
        <styleUrl>#icon-1532-000000</styleUrl>
        <Point>
          <coordinates>
            36.378945,49.9317048,0
          </coordinates>
        </Point>
      </Placemark>
      <Placemark>
        <name>вул. Крушельницького</name>
        <description>Автобус-64.</description>
        <styleUrl>#icon-1532-000000</styleUrl>
        <Point>
          <coordinates>
            36.3759524,49.9327047,0
          </coordinates>
        </Point>
      </Placemark>
      <Placemark>
        <name>Індустріальний</name>
        <description>Автобус-64.</description>
        <styleUrl>#icon-1532-000000</styleUrl>
        <Point>
          <coordinates>
            36.3717987,49.9340603,0
          </coordinates>
        </Point>
      </Placemark>
      <Placemark>
        <name>вул. Пирогова</name>
        <description>Автобус-64.</description>
        <styleUrl>#icon-1532-000000</styleUrl>
        <Point>
          <coordinates>
            36.3680317,49.9353574,0
          </coordinates>
        </Point>
      </Placemark>
      <Placemark>
        <name>вул. Архітектора Альошина</name>
        <description>Автобус-64.</description>
        <styleUrl>#icon-1532-000000</styleUrl>
        <Point>
          <coordinates>
            36.3650547,49.9366113,0
          </coordinates>
        </Point>
      </Placemark>
      <Placemark>
        <name>вул. Душкіна</name>
        <description>Автобус-64.</description>
        <styleUrl>#icon-1532-000000</styleUrl>
        <Point>
          <coordinates>
            36.3674079,49.9396404,0
          </coordinates>
        </Point>
      </Placemark>
      <Placemark>
        <name>Остановка пр. Олександрівський</name>
        <description>Автобус-64.</description>
        <styleUrl>#icon-1532-000000</styleUrl>
        <Point>
          <coordinates>
            36.368541,49.9412537,0
          </coordinates>
        </Point>
      </Placemark>
      <Placemark>
        <name>Остановка пр. Олександрівський</name>
        <description>Автобус-64, 224, 280.</description>
        <styleUrl>#icon-1532-000000</styleUrl>
        <Point>
          <coordinates>
            36.370539,49.9436381,0
          </coordinates>
        </Point>
      </Placemark>
      <Placemark>
        <name>вул. Бібліка</name>
        <description>Автобус-64, 224, 280.</description>
        <styleUrl>#icon-1532-000000</styleUrl>
        <Point>
          <coordinates>
            36.3747022,49.9490195,0
          </coordinates>
        </Point>
      </Placemark>
      <Placemark>
        <name>Станція метро Тракторний завод</name>
        <description>Автобус-64.</description>
        <styleUrl>#icon-1626-000000</styleUrl>
        <Point>
          <coordinates>
            36.3787388,49.9524432,0
          </coordinates>
        </Point>
      </Placemark>
    </Folder><Folder><name>Автобус №67</name><Placemark>
        <name>Лінія маршруту</name>
        <styleUrl>#line-A52714-5263-nodesc</styleUrl>
        <LineString>
          <tessellate>1</tessellate>
          <coordinates>
            36.2183681,49.9925317,0
            36.2164691,49.992242,0
            36.2154177,49.9923248,0
            36.214892,49.9924006,0
            36.2111476,49.9935042,0
            36.2111154,49.9933456,0
            36.2116518,49.9908556,0
            36.2123814,49.987448,0
            36.2122849,49.9872204,0
            36.2124136,49.9862822,0
            36.2126282,49.9853302,0
            36.2140658,49.9841506,0
            36.2145594,49.9837229,0
            36.2133577,49.9831917,0
            36.2126818,49.9828467,0
            36.2122312,49.982626,0
            36.2121239,49.9824604,0
            36.2121132,49.9822258,0
            36.2121454,49.9820602,0
            36.2120381,49.9818947,0
            36.2106755,49.9811082,0
            36.2100962,49.9807908,0
            36.2095383,49.9805218,0
            36.2091091,49.9803355,0
            36.2072638,49.9798318,0
            36.2053433,49.9793972,0
            36.2043777,49.9791902,0
            36.2033799,49.978928,0
            36.2027147,49.9785969,0
            36.2008372,49.9774101,0
            36.2005046,49.9772445,0
            36.2001505,49.97721,0
            36.2000647,49.9763131,0
            36.1999789,49.9747882,0
            36.199893,49.9732219,0
            36.1996463,49.9706688,0
            36.1992922,49.9703996,0
            36.1991206,49.9701305,0
            36.1979833,49.9667974,0
            36.1971679,49.9642439,0
            36.1954513,49.964444,0
            36.1953977,49.9637263,0
            36.1911705,49.9640092,0
            36.1875763,49.9642853,0
            36.1858597,49.9644233,0
            36.1851945,49.9644716,0
            36.1847654,49.9646442,0
            36.179283,49.9681293,0
            36.1745515,49.9711035,0
            36.1725452,49.9724077,0
            36.174927,49.9739809,0
            36.1780599,49.9760371,0
            36.1806348,49.9777482,0
            36.1780277,49.9794248,0
            36.1778775,49.9796249,0
            36.1776093,49.9808529,0
            36.1774698,49.9810461,0
            36.1813,49.9823155,0
            36.1814716,49.9823086,0
            36.1828664,49.982688,0
            36.1836925,49.9829502,0
            36.1837354,49.9830951,0
            36.1838856,49.9831434,0
          </coordinates>
        </LineString>
      </Placemark>
      <Placemark>
        <name>Станція метро Центральний ринок</name>
        <description>Автобус-67.</description>
        <styleUrl>#icon-1499-A52714</styleUrl>
        <Point>
          <coordinates>
            36.2182603,49.9923903,0
          </coordinates>
        </Point>
      </Placemark>
      <Placemark>
        <name>вул. Слов'янська</name>
        <description>Автобус-67е, 238е. Троллейбус-11.</description>
        <styleUrl>#icon-1532-A52714</styleUrl>
        <Point>
          <coordinates>
            36.2115655,49.9905845,0
          </coordinates>
        </Point>
      </Placemark>
      <Placemark>
        <name>вул. Конєва</name>
        <description>Автобус-58, 67. Маршрутка -258е. Троллейбус-11.</description>
        <styleUrl>#icon-1532-A52714</styleUrl>
        <Point>
          <coordinates>
            36.2123165,49.9855006,0
          </coordinates>
        </Point>
      </Placemark>
      <Placemark>
        <name>вул. Полтавський шлях</name>
        <description>Автобус-67.</description>
        <styleUrl>#icon-1532-A52714</styleUrl>
        <Point>
          <coordinates>
            36.2123491,49.9865276,0
          </coordinates>
        </Point>
      </Placemark>
      <Placemark>
        <name>вул. Велика Гончарівська</name>
        <description>Автобус-67. Троллейбус-11.</description>
        <styleUrl>#icon-1532-A52714</styleUrl>
        <Point>
          <coordinates>
            36.2111924,49.9815909,0
          </coordinates>
        </Point>
      </Placemark>
      <Placemark>
        <name>вул. Семінарська</name>
        <description>Автобус-67. Троллейбус-11.</description>
        <styleUrl>#icon-1532-A52714</styleUrl>
        <Point>
          <coordinates>
            36.2000086,49.9766018,0
          </coordinates>
        </Point>
      </Placemark>
      <Placemark>
        <name>Остановка на вимогу</name>
        <description>Автобус-67.</description>
        <styleUrl>#icon-1769-A52714</styleUrl>
        <Point>
          <coordinates>
            36.1989465,49.9699064,0
          </coordinates>
        </Point>
      </Placemark>
      <Placemark>
        <name>вул. Валерія Романовського</name>
        <description>Автобус-67.</description>
        <styleUrl>#icon-1532-A52714</styleUrl>
        <Point>
          <coordinates>
            36.1980493,49.9670365,0
          </coordinates>
        </Point>
      </Placemark>
      <Placemark>
        <name>вул. Григорівська</name>
        <description>Автобус-67.</description>
        <styleUrl>#icon-1532-A52714</styleUrl>
        <Point>
          <coordinates>
            36.1948627,49.9638068,0
          </coordinates>
        </Point>
      </Placemark>
      <Placemark>
        <name>вул. Виконкомівська</name>
        <description>Автобус-67.</description>
        <styleUrl>#icon-1532-A52714</styleUrl>
        <Point>
          <coordinates>
            36.1888331,49.9642243,0
          </coordinates>
        </Point>
      </Placemark>
      <Placemark>
        <name>вул. Добролюбова</name>
        <description>Автобус-67е.</description>
        <styleUrl>#icon-1532-A52714</styleUrl>
        <Point>
          <coordinates>
            36.1756689,49.9705795,0
          </coordinates>
        </Point>
      </Placemark>
      <Placemark>
        <name>Остановка бул. Профспілковий</name>
        <description>Автобус-67.</description>
        <styleUrl>#icon-1532-A52714</styleUrl>
        <Point>
          <coordinates>
            36.181423,49.9668271,0
          </coordinates>
        </Point>
      </Placemark>
      <Placemark>
        <name>вул. Менделєєва</name>
        <description>Автобус-67.</description>
        <styleUrl>#icon-1532-A52714</styleUrl>
        <Point>
          <coordinates>
            36.1782215,49.9688647,0
          </coordinates>
        </Point>
      </Placemark>
      <Placemark>
        <name>Остановка ш. Григорівське</name>
        <description>Автобус-67.</description>
        <styleUrl>#icon-1532-A52714</styleUrl>
        <Point>
          <coordinates>
            36.1731018,49.9721478,0
          </coordinates>
        </Point>
      </Placemark>
      <Placemark>
        <name>Остановка на вимогу</name>
        <description>Автобус-67.</description>
        <styleUrl>#icon-1769-A52714</styleUrl>
        <Point>
          <coordinates>
            36.1745547,49.9736999,0
          </coordinates>
        </Point>
      </Placemark>
      <Placemark>
        <name>вул. Комбайнівська</name>
        <description>Автобус-67.</description>
        <styleUrl>#icon-1532-A52714</styleUrl>
        <Point>
          <coordinates>
            36.1777342,49.9757839,0
          </coordinates>
        </Point>
      </Placemark>
      <Placemark>
        <name>Остановка ш. Григорівське</name>
        <description>Автобус-22, 57, 67, 273. Маршрутка -75е, 209е, 220е, 237е. Троллейбус-27.</description>
        <styleUrl>#icon-1532-A52714</styleUrl>
        <Point>
          <coordinates>
            36.180018,49.9782919,0
          </coordinates>
        </Point>
      </Placemark>
      <Placemark>
        <name>Станція метро Холодна гора</name>
        <styleUrl>#icon-1626-A52714-nodesc</styleUrl>
        <Point>
          <coordinates>
            36.1824688,49.9823864,0
          </coordinates>
        </Point>
      </Placemark>
    <Placemark>
        <name>Лінія маршруту</name>
        <styleUrl>#line-000000-5263-nodesc</styleUrl>
        <LineString>
          <tessellate>1</tessellate>
          <coordinates>
            36.1838856,49.9831434,0
            36.1884492,49.984619,0
            36.189286,49.9835911,0
            36.1877411,49.9825287,0
            36.1807459,49.9779407,0
            36.1779993,49.9761192,0
            36.1723452,49.9723794,0
            36.1732786,49.9718342,0
            36.1775272,49.9691292,0
            36.1795335,49.9678594,0
            36.1837392,49.9651956,0
            36.1841576,49.9649402,0
            36.1847692,49.9645468,0
            36.1850481,49.9644157,0
            36.1854666,49.9643674,0
            36.1890822,49.9640844,0
            36.1947577,49.9637049,0
            36.1955302,49.9636427,0
            36.1955731,49.9643743,0
            36.1972897,49.9641673,0
            36.1976974,49.9654647,0
            36.1989527,49.9691499,0
            36.1992531,49.9701919,0
            36.1997359,49.9705852,0
            36.1999398,49.9722137,0
            36.2001329,49.9748427,0
            36.2003153,49.9770851,0
            36.2007015,49.9771748,0
            36.2017744,49.9778372,0
            36.2028258,49.978534,0
            36.2034374,49.9788307,0
            36.2042528,49.9790584,0
            36.2055724,49.9793137,0
            36.2071495,49.9796793,0
            36.2086301,49.9800726,0
            36.2097137,49.980459,0
            36.2109368,49.9811144,0
            36.2118917,49.9816801,0
            36.2122672,49.9819698,0
            36.2122565,49.9822044,0
            36.2122672,49.9823769,0
            36.2122994,49.9825563,0
            36.2138014,49.9832737,0
            36.2148421,49.9838118,0
            36.213383,49.9848811,0
            36.2129109,49.985295,0
            36.2127929,49.9858193,0
            36.2125032,49.987261,0
            36.2141555,49.987399,0
            36.2161725,49.9875784,0
            36.2156468,49.9903858,0
            36.2154,49.992262,0
            36.2165158,49.9921654,0
            36.2188654,49.992062,0
            36.2187689,49.9926069,0
            36.2183681,49.9925317,0
          </coordinates>
        </LineString>
      </Placemark>
      <Placemark>
        <name>Станція метро Холодна гора</name>
        <description>Автобус -57, 58, 67, 109. Маршрутка – 258е.</description>
        <styleUrl>#icon-1499-000000</styleUrl>
        <Point>
          <coordinates>
            36.1831626,49.9827424,0
          </coordinates>
        </Point>
      </Placemark>
      <Placemark>
        <name>Остановка ш. Григорівське</name>
        <description>Автобус-67.</description>
        <styleUrl>#icon-1532-000000</styleUrl>
        <Point>
          <coordinates>
            36.1800682,49.9775453,0
          </coordinates>
        </Point>
      </Placemark>
      <Placemark>
        <name>вул. Комбайнова</name>
        <description>Автобус-67.</description>
        <styleUrl>#icon-1532-000000</styleUrl>
        <Point>
          <coordinates>
            36.1771948,49.9755652,0
          </coordinates>
        </Point>
      </Placemark>
      <Placemark>
        <name>Зупинка На вимогу</name>
        <description>Автобус-67.</description>
        <styleUrl>#icon-1769-000000</styleUrl>
        <Point>
          <coordinates>
            36.1745817,49.973866,0
          </coordinates>
        </Point>
      </Placemark>
      <Placemark>
        <name>Остановка ш. Григорівське</name>
        <description>Автобус-67.</description>
        <styleUrl>#icon-1532-000000</styleUrl>
        <Point>
          <coordinates>
            36.172825,49.9720063,0
          </coordinates>
        </Point>
      </Placemark>
      <Placemark>
        <name>вул. Добролюбова</name>
        <description>Автобус-67.</description>
        <styleUrl>#icon-1532-000000</styleUrl>
        <Point>
          <coordinates>
            36.1757293,49.9702486,0
          </coordinates>
        </Point>
      </Placemark>
      <Placemark>
        <name>вул. Менделєєва</name>
        <description>Автобус-67.</description>
        <styleUrl>#icon-1532-000000</styleUrl>
        <Point>
          <coordinates>
            36.1782783,49.9685273,0
          </coordinates>
        </Point>
      </Placemark>
      <Placemark>
        <name>Зупинка Новоселівка</name>
        <description>Автобус-67.</description>
        <styleUrl>#icon-1532-000000</styleUrl>
        <Point>
          <coordinates>
            36.1826587,49.9657654,0
          </coordinates>
        </Point>
      </Placemark>
      <Placemark>
        <name>вул. Виконкомівська</name>
        <description>Автобус-67.</description>
        <styleUrl>#icon-1532-000000</styleUrl>
        <Point>
          <coordinates>
            36.189601,49.9640593,0
          </coordinates>
        </Point>
      </Placemark>
      <Placemark>
        <name>вул. Григорівська</name>
        <description>Автобус-67.</description>
        <styleUrl>#icon-1532-000000</styleUrl>
        <Point>
          <coordinates>
            36.1955597,49.964107,0
          </coordinates>
        </Point>
      </Placemark>
      <Placemark>
        <name>вул. Валерія Романовського</name>
        <description>Автобус-67.</description>
        <styleUrl>#icon-1532-000000</styleUrl>
        <Point>
          <coordinates>
            36.1980397,49.9664676,0
          </coordinates>
        </Point>
      </Placemark>
      <Placemark>
        <name>Зупинка На вимогу</name>
        <description>Автобус-67.</description>
        <styleUrl>#icon-1769-000000</styleUrl>
        <Point>
          <coordinates>
            36.1998017,49.9708118,0
          </coordinates>
        </Point>
      </Placemark>
      <Placemark>
        <name>вул. Семінарська</name>
        <description>Автобус-67. Троллейбус-11.</description>
        <styleUrl>#icon-1532-000000</styleUrl>
        <Point>
          <coordinates>
            36.2002734,49.9756446,0
          </coordinates>
        </Point>
      </Placemark>
      <Placemark>
        <name>вул. Велика Гончарівська</name>
        <description>Автобус-67. Троллейбус-11.</description>
        <styleUrl>#icon-1532-000000</styleUrl>
        <Point>
          <coordinates>
            36.2107044,49.9808722,0
          </coordinates>
        </Point>
      </Placemark>
      <Placemark>
        <name>вул. Полтавський шлях</name>
        <description>Автобус-67.</description>
        <styleUrl>#icon-1532-000000</styleUrl>
        <Point>
          <coordinates>
            36.2127139,49.9867759,0
          </coordinates>
        </Point>
      </Placemark>
      <Placemark>
        <name>вул. Дмитрівська</name>
        <description>Автобус-67.</description>
        <styleUrl>#icon-1532-000000</styleUrl>
        <Point>
          <coordinates>
            36.2158254,49.9875004,0
          </coordinates>
        </Point>
      </Placemark>
    </Folder><Folder><name>Автобус №68</name><Placemark>
        <name>Лінія маршруту</name>
        <styleUrl>#line-A52714-5263-nodesc</styleUrl>
        <LineString>
          <tessellate>1</tessellate>
          <coordinates>
            36.2444769,49.980371,0
            36.2457107,49.9798674,0
            36.248071,49.9788532,0
            36.2502705,49.977839,0
            36.2512146,49.9774112,0
            36.2527166,49.9767212,0
            36.2530492,49.9765625,0
            36.2533604,49.9763555,0
            36.2560426,49.9742235,0
            36.2584995,49.9722362,0
            36.2587677,49.9719188,0
            36.2590037,49.9715807,0
            36.2592398,49.9710838,0
            36.2593256,49.9706836,0
            36.2593685,49.9702213,0
            36.259111,49.967737,0
            36.2586068,49.964804,0
            36.2585853,49.9643071,0
            36.2588213,49.9619674,0
            36.259111,49.9586475,0
            36.2596045,49.9552584,0
            36.2599371,49.952366,0
            36.2600122,49.9489902,0
            36.25998,49.9448686,0
            36.2600551,49.9432806,0
            36.260259,49.9417408,0
            36.2606989,49.9388477,0
            36.2611066,49.9363479,0
            36.2616645,49.9328882,0
            36.2618039,49.9321423,0
            36.2621258,49.9314586,0
            36.2627266,49.9306368,0
            36.2636386,49.929587,0
            36.2657092,49.927149,0
            36.2680696,49.9243447,0
            36.2673722,49.9234468,0
            36.264454,49.9196338,0
            36.2621795,49.9167116,0
            36.2618039,49.9163317,0
            36.2613748,49.916007,0
            36.2605487,49.9155165,0
            36.2600337,49.9152609,0
            36.2589608,49.9148464,0
            36.2577377,49.9144664,0
            36.2571369,49.9143351,0
            36.2562035,49.9141693,0
            36.2541972,49.913969,0
            36.253017,49.9139275,0
            36.2468801,49.9137272,0
            36.2458931,49.9136926,0
            36.2449168,49.9136235,0
            36.2404536,49.9132988,0
            36.2339948,49.9128083,0
            36.225798,49.9121381,0
            36.2247895,49.912069,0
            36.2248646,49.9119101,0
            36.2250791,49.9114403,0
            36.2253152,49.911081,0
            36.2259482,49.910625,0
            36.2265168,49.9103141,0
            36.2276648,49.909865,0
            36.2285553,49.9094228,0
            36.2295209,49.9088632,0
            36.2306045,49.9081722,0
            36.2311624,49.9077853,0
            36.2315915,49.9073845,0
            36.2323426,49.9067074,0
            36.233748,49.9053669,0
            36.2348102,49.9044271,0
            36.2367521,49.9026581,0
            36.2388657,49.9006541,0
            36.2393056,49.9001911,0
            36.2395953,49.8997833,0
            36.2396704,49.8996382,0
            36.2410329,49.8994585,0
            36.2448738,49.8990646,0
            36.2449382,49.8989195,0
            36.2453137,49.8988365,0
            36.2454961,49.8988504,0
            36.2455498,49.8989402,0
            36.2448846,49.899113,0
          </coordinates>
        </LineString>
      </Placemark>
      <Placemark>
        <name>Станція метро Левада</name>
        <description>Автобус-32, 68. Троллейбус -3, 6, 49, 58, 59. Маршрутка-259е.</description>
        <styleUrl>#icon-1499-A52714</styleUrl>
        <Point>
          <coordinates>
            36.2445045,49.9802262,0
          </coordinates>
        </Point>
      </Placemark>
      <Placemark>
        <name>Станція Автовокзал</name>
        <description>Автобус-32, 68. Троллейбус -3, 6, 49, 58, 59. Маршрутка-259е.</description>
        <styleUrl>#icon-1532-A52714</styleUrl>
        <Point>
          <coordinates>
            36.2475286,49.9789681,0
          </coordinates>
        </Point>
      </Placemark>
      <Placemark>
        <name>вул. Молочна</name>
        <description>Автобус-32, 68. Троллейбус -3, 6, 49, 58, 59. Маршрутка-259е.</description>
        <styleUrl>#icon-1532-A52714</styleUrl>
        <Point>
          <coordinates>
            36.2513588,49.977188,0
          </coordinates>
        </Point>
      </Placemark>
      <Placemark>
        <name>вул. Дмитра Коцюбайла</name>
        <description>Автобус-32, 68. Троллейбус -3, 6, 49, 58, 59. Маршрутка-259е.</description>
        <styleUrl>#icon-1532-A52714</styleUrl>
        <Point>
          <coordinates>
            36.2577341,49.9726918,0
          </coordinates>
        </Point>
      </Placemark>
      <Placemark>
        <name>вул. Чугуївська</name>
        <description>Автобус-32, 68. Троллейбус -3, 6, 49, 58, 59. Маршрутка-259е.</description>
        <styleUrl>#icon-1532-A52714</styleUrl>
        <Point>
          <coordinates>
            36.2588482,49.9673026,0
          </coordinates>
        </Point>
      </Placemark>
      <Placemark>
        <name>вул. Сидоренківська</name>
        <description>Автобус-32, 68. Троллейбус -3, 6, 49, 58, 59. Маршрутка-259е.</description>
        <styleUrl>#icon-1532-A52714</styleUrl>
        <Point>
          <coordinates>
            36.258655,49.9614864,0
          </coordinates>
        </Point>
      </Placemark>
      <Placemark>
        <name>Остановка Школа</name>
        <description>Автобус-68. Троллейбус -3, 6, 49, 58, 59. Маршрутка-259е.</description>
        <styleUrl>#icon-1682-A52714</styleUrl>
        <Point>
          <coordinates>
            36.2592951,49.9558767,0
          </coordinates>
        </Point>
      </Placemark>
      <Placemark>
        <name>вул. Зернова</name>
        <description>Автобус-32, 68. Троллейбус -3, 6, 49, 58, 59. Маршрутка-259е.</description>
        <styleUrl>#icon-1587-A52714</styleUrl>
        <Point>
          <coordinates>
            36.259853,49.9512034,0
          </coordinates>
        </Point>
      </Placemark>
      <Placemark>
        <name>вул. Одеська</name>
        <description>Автобус-68. Троллейбус -49, 58. Маршрутка-259е.</description>
        <styleUrl>#icon-1532-A52714</styleUrl>
        <Point>
          <coordinates>
            36.2596492,49.9461499,0
          </coordinates>
        </Point>
      </Placemark>
      <Placemark>
        <name>вул. Пільчикова</name>
        <description>Автобус-68. Троллейбус -6, 49, 58. Маршрутка-259е.</description>
        <styleUrl>#icon-1542-A52714</styleUrl>
        <Point>
          <coordinates>
            36.2603788,49.940136,0
          </coordinates>
        </Point>
      </Placemark>
      <Placemark>
        <name>вул. Льговська</name>
        <description>Автобус-68. Троллейбус -49, 58. Маршрутка - 259е.</description>
        <styleUrl>#icon-1532-A52714</styleUrl>
        <Point>
          <coordinates>
            36.2611177,49.9353716,0
          </coordinates>
        </Point>
      </Placemark>
      <Placemark>
        <name>вул. Південнопроектна</name>
        <description>Автобус-68. Троллейбус -49, 58. Маршрутка-259е.</description>
        <styleUrl>#icon-1532-A52714</styleUrl>
        <Point>
          <coordinates>
            36.2627827,49.9304592,0
          </coordinates>
        </Point>
      </Placemark>
      <Placemark>
        <name>вул. Сохора</name>
        <description>Автобус-68. Троллейбус -49, 58.</description>
        <styleUrl>#icon-1532-A52714</styleUrl>
        <Point>
          <coordinates>
            36.2649818,49.9277856,0
          </coordinates>
        </Point>
      </Placemark>
      <Placemark>
        <name>вул. Планерна</name>
        <description>Автобус 68. Троллейбус-49.</description>
        <styleUrl>#icon-1532-A52714</styleUrl>
        <Point>
          <coordinates>
            36.2671598,49.9232933,0
          </coordinates>
        </Point>
      </Placemark>
      <Placemark>
        <name>вул. Резервна</name>
        <description>Автобус 68е. Троллейбус-49.</description>
        <styleUrl>#icon-1532-A52714</styleUrl>
        <Point>
          <coordinates>
            36.2643533,49.9195848,0
          </coordinates>
        </Point>
      </Placemark>
      <Placemark>
        <name>Остановка ш. Мерефянське</name>
        <description>Автобус 68. Троллейбус-49.</description>
        <styleUrl>#icon-1532-A52714</styleUrl>
        <Point>
          <coordinates>
            36.2609144,49.9157819,0
          </coordinates>
        </Point>
      </Placemark>
      <Placemark>
        <name>вул. Камишева</name>
        <description>Автобус 68. Троллейбус-49</description>
        <styleUrl>#icon-1532-A52714</styleUrl>
        <Point>
          <coordinates>
            36.2428972,49.9135042,0
          </coordinates>
        </Point>
      </Placemark>
      <Placemark>
        <name>Зупинка Жіхар</name>
        <description>Автобус-68. Троллейбус -49.</description>
        <styleUrl>#icon-1532-A52714</styleUrl>
        <Point>
          <coordinates>
            36.2247962,49.9117099,0
          </coordinates>
        </Point>
      </Placemark>
      <Placemark>
        <name>Крематорій.</name>
        <description>Автобус 68.</description>
        <styleUrl>#icon-1542-A52714</styleUrl>
        <Point>
          <coordinates>
            36.2301071,49.908397,0
          </coordinates>
        </Point>
      </Placemark>
      <Placemark>
        <name>Зупинка Ващенків бор</name>
        <description>Автобус-68е.</description>
        <styleUrl>#icon-1720-A52714</styleUrl>
        <Point>
          <coordinates>
            36.2397845,49.8996142,0
          </coordinates>
        </Point>
      </Placemark>
    <Placemark>
        <name>Лінія маршруту</name>
        <styleUrl>#line-000000-5263-nodesc</styleUrl>
        <LineString>
          <tessellate>1</tessellate>
          <coordinates>
            36.2448495,49.8991199,0
            36.2436104,49.8992512,0
            36.2398499,49.8996797,0
            36.2397212,49.8997212,0
            36.2395227,49.9000494,0
            36.2388092,49.9008096,0
            36.2372535,49.9022781,0
            36.2351346,49.9042267,0
            36.2333429,49.9059128,0
            36.2313205,49.9077715,0
            36.2309396,49.9080548,0
            36.2300169,49.9086421,0
            36.2286705,49.9094678,0
            36.2281233,49.9097234,0
            36.2275922,49.9099756,0
            36.2268787,49.9102692,0
            36.2263584,49.9104938,0
            36.226058,49.9106562,0
            36.2254625,49.9110776,0
            36.2253177,49.9112365,0
            36.2249207,49.9119896,0
            36.225205,49.9120069,0
            36.2270719,49.9121554,0
            36.2284505,49.9122625,0
            36.2299901,49.9123834,0
            36.2333804,49.9126563,0
            36.2352526,49.912791,0
            36.2392223,49.9131123,0
            36.2424517,49.9133437,0
            36.2447959,49.9135199,0
            36.2467325,49.9136339,0
            36.2484652,49.9136857,0
            36.2524241,49.9138101,0
            36.252982,49.9138204,0
            36.2546235,49.9138999,0
            36.2553745,49.913969,0
            36.2562328,49.9140588,0
            36.2571019,49.9142315,0
            36.2577993,49.9143973,0
            36.2586093,49.9146149,0
            36.260063,49.9151573,0
            36.2611413,49.9157203,0
            36.2615973,49.916045,0
            36.2620908,49.9164491,0
            36.2624019,49.9167807,0
            36.2628096,49.9172747,0
            36.2636411,49.9183385,0
            36.2652021,49.9204109,0
            36.2664735,49.9221033,0
            36.2678253,49.9238474,0
            36.2683725,49.9244242,0
            36.2682223,49.9246417,0
            36.2664681,49.9266828,0
            36.2646335,49.9287997,0
            36.2628257,49.9309752,0
            36.2625307,49.9313171,0
            36.2623483,49.9316658,0
            36.2621176,49.9321113,0
            36.2620318,49.9324738,0
            36.2617099,49.9344178,0
            36.2613612,49.9366242,0
            36.2609482,49.9392896,0
            36.2605941,49.9414716,0
            36.2602937,49.9432288,0
            36.2602615,49.9435706,0
            36.260283,49.9453036,0
            36.2602937,49.9454934,0
            36.260342,49.9457972,0
            36.2603634,49.9466188,0
            36.2603044,49.9482757,0
            36.2602293,49.9492457,0
            36.2601811,49.9509612,0
            36.2601489,49.9524834,0
            36.2601328,49.9528078,0
            36.2599826,49.9544887,0
            36.2597626,49.9565112,0
            36.2595963,49.9583611,0
            36.25943,49.9595621,0
            36.2591189,49.9615844,0
            36.258797,49.9640241,0
            36.2587648,49.964697,0
            36.2588721,49.9651594,0
            36.2592262,49.9673816,0
            36.2594086,49.9685272,0
            36.2595749,49.9702937,0
            36.2596124,49.9707492,0
            36.2595802,49.9711391,0
            36.2594837,49.9714668,0
            36.2592423,49.9718843,0
            36.2589043,49.9721879,0
            36.257928,49.9729539,0
            36.256426,49.9741545,0
            36.2542158,49.9758691,0
            36.2532931,49.9765936,0
            36.2525797,49.9769593,0
            36.2519198,49.9772387,0
            36.2487495,49.9787049,0
            36.245563,49.9800571,0
            36.2422317,49.9814542,0
            36.2392652,49.9828478,0
            36.2388146,49.9830272,0
            36.2385678,49.9831858,0
            36.2385464,49.9833376,0
            36.238541,49.9834652,0
            36.2385142,49.983617,0
            36.2384605,49.9837136,0
            36.2383962,49.9837619,0
            36.2382245,49.9837929,0
            36.2379724,49.9837826,0
            36.237849,49.9836963,0
            36.2377739,49.9835998,0
            36.2378275,49.9834756,0
            36.2379509,49.9833066,0
            36.2384391,49.983072,0
            36.2401342,49.9823062,0
            36.2421834,49.9813542,0
            36.2441414,49.9804987,0
            36.2444769,49.980371,0
          </coordinates>
        </LineString>
      </Placemark>
      <Placemark>
        <name>вул. Колекторна</name>
        <description>Автобус-68.</description>
        <styleUrl>#icon-1499-000000</styleUrl>
        <Point>
          <coordinates>
            36.2451489,49.8990476,0
          </coordinates>
        </Point>
      </Placemark>
      <Placemark>
        <name>Зупинка Ващенків бор</name>
        <description>Автобус-68.</description>
        <styleUrl>#icon-1720-000000</styleUrl>
        <Point>
          <coordinates>
            36.2400556,49.8996345,0
          </coordinates>
        </Point>
      </Placemark>
      <Placemark>
        <name>Крематорій.</name>
        <description>Автобус-68</description>
        <styleUrl>#icon-1542-000000</styleUrl>
        <Point>
          <coordinates>
            36.230359,49.9084451,0
          </coordinates>
        </Point>
      </Placemark>
      <Placemark>
        <name>Зупинка Жіхар</name>
        <description>Автобус-68. Троллейбус -49.</description>
        <styleUrl>#icon-1532-000000</styleUrl>
        <Point>
          <coordinates>
            36.2250765,49.9116997,0
          </coordinates>
        </Point>
      </Placemark>
      <Placemark>
        <name>вул. Камишева</name>
        <description>Автобус-68. Троллейбус -49.</description>
        <styleUrl>#icon-1532-000000</styleUrl>
        <Point>
          <coordinates>
            36.2457568,49.9134805,0
          </coordinates>
        </Point>
      </Placemark>
      <Placemark>
        <name>Остановка ш. Мерефянське</name>
        <description>Автобус-68. Троллейбус -49.</description>
        <styleUrl>#icon-1532-000000</styleUrl>
        <Point>
          <coordinates>
            36.2616521,49.9159433,0
          </coordinates>
        </Point>
      </Placemark>
      <Placemark>
        <name>вул. Резервна</name>
        <description>Автобус-68. Троллейбус -49.</description>
        <styleUrl>#icon-1532-000000</styleUrl>
        <Point>
          <coordinates>
            36.2644335,49.9191449,0
          </coordinates>
        </Point>
      </Placemark>
      <Placemark>
        <name>Остановка ш. Мерефянське</name>
        <description>Автобус-68. Троллейбус -49, 58.</description>
        <styleUrl>#icon-1532-000000</styleUrl>
        <Point>
          <coordinates>
            36.2672884,49.9258813,0
          </coordinates>
        </Point>
      </Placemark>
      <Placemark>
        <name>вул. Сохора</name>
        <description>Автобус-68. Троллейбус -49, 58.</description>
        <styleUrl>#icon-1532-000000</styleUrl>
        <Point>
          <coordinates>
            36.2651715,49.9284065,0
          </coordinates>
        </Point>
      </Placemark>
      <Placemark>
        <name>вул. Південнопроектна</name>
        <description>Автобус-68. Троллейбус -49, 58. Маршрутка-259е.</description>
        <styleUrl>#icon-1532-000000</styleUrl>
        <Point>
          <coordinates>
            36.2625735,49.931545,0
          </coordinates>
        </Point>
      </Placemark>
      <Placemark>
        <name>вул. Льговська</name>
        <description>Автобус-68. Троллейбус -49, 58. Маршрутка - 259е.</description>
        <styleUrl>#icon-1532-000000</styleUrl>
        <Point>
          <coordinates>
            36.2615956,49.9365271,0
          </coordinates>
        </Point>
      </Placemark>
      <Placemark>
        <name>вул. Одеська</name>
        <description>Автобус-32, 68. Троллейбус -49, 58. Маршрутка-259е.</description>
        <styleUrl>#icon-1532-000000</styleUrl>
        <Point>
          <coordinates>
            36.2605377,49.9470365,0
          </coordinates>
        </Point>
      </Placemark>
      <Placemark>
        <name>вул. Зернова</name>
        <description>Автобус-68. Троллейбус -3, 6, 49, 58, 59. Маршрутка-259е.</description>
        <styleUrl>#icon-1587-000000</styleUrl>
        <Point>
          <coordinates>
            36.2602772,49.9532169,0
          </coordinates>
        </Point>
      </Placemark>
      <Placemark>
        <name>Остановка Школа</name>
        <description>Автобус-32, 68. Троллейбус -3, 6, 49, 58, 59. Маршрутка-259е.</description>
        <styleUrl>#icon-1682-000000</styleUrl>
        <Point>
          <coordinates>
            36.2598173,49.9574852,0
          </coordinates>
        </Point>
      </Placemark>
      <Placemark>
        <name>вул. Сидоренківська</name>
        <description>Автобус-32, 68. Троллейбус -3, 6, 49, 58, 59. Маршрутка-259е.</description>
        <styleUrl>#icon-1532-000000</styleUrl>
        <Point>
          <coordinates>
            36.2591313,49.9621265,0
          </coordinates>
        </Point>
      </Placemark>
      <Placemark>
        <name>Остановка пров. Золотий</name>
        <description>Автобус-32, 68. Троллейбус -3, 6, 49, 58, 59. Маршрутка-259е.</description>
        <styleUrl>#icon-1532-000000</styleUrl>
        <Point>
          <coordinates>
            36.2595577,49.968334,0
          </coordinates>
        </Point>
      </Placemark>
      <Placemark>
        <name>вул. Дмитра Коцюбайла</name>
        <description>Автобус-32, 68. Троллейбус -3, 6, 49, 58, 59. Маршрутка-259е.</description>
        <styleUrl>#icon-1532-000000</styleUrl>
        <Point>
          <coordinates>
            36.2575665,49.9732834,0
          </coordinates>
        </Point>
      </Placemark>
      <Placemark>
        <name>вул. Молочна</name>
        <description>Автобус-32, 68. Троллейбус -3, 6, 49, 58, 59. Маршрутка-259е.</description>
        <styleUrl>#icon-1532-000000</styleUrl>
        <Point>
          <coordinates>
            36.2497333,49.9782944,0
          </coordinates>
        </Point>
      </Placemark>
      <Placemark>
        <name>вул. Вернадського</name>
        <description>Автобус-32, 68. Троллейбус -3, 6, 49, 58, 59. Маршрутка-259е.</description>
        <styleUrl>#icon-1532-000000</styleUrl>
        <Point>
          <coordinates>
            36.2459703,49.9799546,0
          </coordinates>
        </Point>
      </Placemark>
      <Placemark>
        <name>Станція метро Левада</name>
        <description>Автобус-32, 68. Троллейбус -3, 6, 49, 58, 59. Маршрутка-259е.</description>
        <styleUrl>#icon-1626-000000</styleUrl>
        <Point>
          <coordinates>
            36.2428207,49.981234,0
          </coordinates>
        </Point>
      </Placemark>
    </Folder><Folder><name>Автобус №7</name><Placemark>
        <name>Лінія маршруту</name>
        <styleUrl>#line-A52714-5456-nodesc</styleUrl>
        <LineString>
          <tessellate>1</tessellate>
          <coordinates>
            36.4103999,49.9343322,0
            36.4104619,49.9344142,0
            36.4084556,49.9350426,0
            36.408756,49.9353948,0
            36.4093085,49.9361164,0
            36.410022,49.9369762,0
            36.4113255,49.9383987,0
            36.4114436,49.9385402,0
            36.412731,49.9402112,0
            36.4130958,49.9406221,0
            36.4127847,49.9407187,0
            36.4081659,49.9422274,0
            36.4046629,49.943346,0
            36.400189,49.9447407,0
            36.3971903,49.9456865,0
            36.3931616,49.9470294,0
            36.3923838,49.9472296,0
            36.3918634,49.9474022,0
            36.3915845,49.9474885,0
            36.3903775,49.9478164,0
            36.3902058,49.9476404,0
            36.3903024,49.9473193,0
            36.3905599,49.9467429,0
            36.3908603,49.9466255,0
            36.3910749,49.9466324,0
            36.3916435,49.9474022,0
            36.392416,49.9471467,0
            36.3926275,49.947089,0
          </coordinates>
        </LineString>
      </Placemark>
      <Placemark>
        <name>Остановка Східна</name>
        <description>Автобус-7.</description>
        <styleUrl>#icon-1499-A52714</styleUrl>
        <Point>
          <coordinates>
            36.4103591,49.9342722,0
          </coordinates>
        </Point>
      </Placemark>
      <Placemark>
        <name>вул. Миру</name>
        <description>Автобус – 7.</description>
        <styleUrl>#icon-1532-A52714</styleUrl>
        <Point>
          <coordinates>
            36.4116521,49.9387267,0
          </coordinates>
        </Point>
      </Placemark>
      <Placemark>
        <name>вул. Плиткова</name>
        <description>Автобус – 7. Троллейбус-46, 53.</description>
        <styleUrl>#icon-1532-A52714</styleUrl>
        <Point>
          <coordinates>
            36.4121345,49.9410265,0
          </coordinates>
        </Point>
      </Placemark>
      <Placemark>
        <name>Станція метро Індустріальна</name>
        <description>Автобус – 7. Троллейбус-45, 46, 51, 52, 53.</description>
        <styleUrl>#icon-1626-A52714</styleUrl>
        <Point>
          <coordinates>
            36.3982291,49.9454626,0
          </coordinates>
        </Point>
      </Placemark>
      <Placemark>
        <name>вул. 12 Квітня</name>
        <description>Автобус – 7. Троллейбус-46, 53.</description>
        <styleUrl>#icon-1532-A52714</styleUrl>
        <Point>
          <coordinates>
            36.3911738,49.9469164,0
          </coordinates>
        </Point>
      </Placemark>
    <Placemark>
        <name>Лінія маршуту</name>
        <styleUrl>#line-000000-5069-nodesc</styleUrl>
        <LineString>
          <tessellate>1</tessellate>
          <coordinates>
            36.3926275,49.947089,0
            36.3930943,49.9469751,0
            36.3939257,49.9466886,0
            36.3955833,49.9461397,0
            36.3973804,49.9455597,0
            36.3974233,49.9454527,0
            36.3974823,49.9453768,0
            36.3977881,49.9452594,0
            36.3980939,49.94518,0
            36.3983621,49.9451179,0
            36.3987966,49.9450833,0
            36.3989844,49.9450764,0
            36.3992365,49.9449625,0
            36.4037265,49.9435471,0
            36.4074226,49.9423734,0
            36.4126583,49.9406748,0
            36.4128568,49.9405125,0
            36.4125081,49.9400672,0
            36.4113279,49.9385446,0
            36.4111562,49.9383512,0
            36.4096649,49.9367216,0
            36.4092841,49.9362313,0
            36.4083077,49.9350263,0
            36.4097347,49.9345947,0
            36.4097186,49.9345291,0
            36.4096971,49.9344358,0
            36.4097186,49.9343046,0
            36.4098742,49.9342563,0
            36.4100351,49.9342079,0
            36.4102175,49.9342148,0
            36.4103087,49.9342666,0
            36.4103999,49.9343322,0
          </coordinates>
        </LineString>
      </Placemark>
      <Placemark>
        <name>Станція метро Індустріальна</name>
        <description>Автобус – 7. Троллейбус-46, 53.</description>
        <styleUrl>#icon-1626-000000</styleUrl>
        <Point>
          <coordinates>
            36.3978983,49.9451604,0
          </coordinates>
        </Point>
      </Placemark>
      <Placemark>
        <name>вул. Миру</name>
        <description>Автобус – 7.</description>
        <styleUrl>#icon-1532-000000</styleUrl>
        <Point>
          <coordinates>
            36.411004,49.9382156,0
          </coordinates>
        </Point>
      </Placemark>
      <Placemark>
        <name>Остановка Східна</name>
        <description>Автобус – 7.</description>
        <styleUrl>#icon-1532-000000</styleUrl>
        <Point>
          <coordinates>
            36.4096617,49.9343482,0
          </coordinates>
        </Point>
      </Placemark>
      <Placemark>
        <name>вул. Плиткова</name>
        <description>Автобус – 7.</description>
        <styleUrl>#icon-1532-000000</styleUrl>
        <Point>
          <coordinates>
            36.4124992,49.9403878,0
          </coordinates>
        </Point>
      </Placemark>
      <Placemark>
        <name>вул. 12 Квітня</name>
        <description>Автобус - 7. Маршрутка-121е. Троллейбус-45, 46, 51, 52, 53.</description>
        <styleUrl>#icon-1499-000000</styleUrl>
        <Point>
          <coordinates>
            36.3925031,49.9470935,0
          </coordinates>
        </Point>
      </Placemark>
    </Folder><Folder><name>Автобус №70</name><Placemark>
        <name>Лінія маршруту</name>
        <styleUrl>#line-A52714-4875-nodesc</styleUrl>
        <LineString>
          <tessellate>1</tessellate>
          <coordinates>
            36.4379881,49.9277437,0
            36.4375857,49.928348,0
            36.4354453,49.9315215,0
            36.4355419,49.9316596,0
            36.4355633,49.9317425,0
            36.4355419,49.9318944,0
            36.4354346,49.9319842,0
            36.4355848,49.9321707,0
            36.436368,49.9331721,0
            36.4344261,49.9338074,0
            36.4274094,49.9360518,0
            36.4256928,49.9365835,0
            36.4251027,49.9368183,0
            36.4238153,49.9372395,0
            36.420779,49.9381579,0
            36.41417,49.9402501,0
            36.4131079,49.9406092,0
            36.4127646,49.940692,0
            36.4004049,49.9446622,0
            36.3974223,49.945615,0
            36.3974009,49.9455528,0
            36.3974384,49.9454216,0
            36.3975725,49.9453526,0
            36.3980178,49.9451904,0
            36.3982538,49.945142,0
            36.3985381,49.9450971,0
            36.3987956,49.9450937,0
            36.4003835,49.9445862,0
            36.3987205,49.9426185,0
            36.4008448,49.9419073,0
            36.4045892,49.9406851,0
            36.4097605,49.9389934,0
            36.4169381,49.936542,0
            36.4188585,49.9359275,0
            36.4191268,49.9357962,0
            36.4193413,49.9354441,0
            36.4198563,49.9346637,0
            36.4201996,49.9341113,0
            36.4204142,49.9337798,0
            36.4207146,49.9332756,0
            36.4208434,49.9331444,0
            36.4184938,49.9302922,0
            36.4178393,49.929643,0
            36.4175925,49.9293184,0
            36.4174745,49.9290698,0
            36.4175496,49.9288211,0
            36.4176569,49.9286277,0
            36.4178286,49.9283515,0
            36.4178608,49.9281443,0
            36.4178822,49.9277851,0
            36.4176676,49.9274053,0
            36.4174852,49.9272188,0
            36.4172599,49.9270599,0
            36.4170239,49.9269287,0
            36.4166484,49.926611,0
            36.4161978,49.9262587,0
            36.4160154,49.9259824,0
            36.4157901,49.9256302,0
            36.4156506,49.9250638,0
            36.4155755,49.9245458,0
            36.4155111,49.924083,0
            36.4155219,49.9235718,0
            36.4155111,49.9231919,0
            36.4155541,49.9227706,0
            36.4156506,49.92237,0
            36.4157794,49.9220177,0
            36.4159403,49.9215549,0
            36.4161549,49.9209401,0
            36.4162514,49.9205532,0
            36.4164231,49.9202493,0
            36.4168308,49.9195516,0
            36.416584,49.9195516,0
            36.4161441,49.9196621,0
            36.4137945,49.9204911,0
            36.4105866,49.9215341,0
            36.4100502,49.9208296,0
            36.4094064,49.9197036,0
            36.4083657,49.9179835,0
            36.4075289,49.9163048,0
            36.4072929,49.9161804,0
            36.4063702,49.9142668,0
            36.4051364,49.9113927,0
            36.4051471,49.910916,0
            36.4053402,49.9108192,0
            36.407325,49.9113098,0
            36.4094493,49.9118418,0
            36.4096961,49.9118003,0
            36.4099321,49.9117796,0
            36.4101253,49.9118211,0
            36.4103291,49.9118971,0
            36.4104364,49.9120283,0
            36.410372,49.9121734,0
            36.4098678,49.9121043,0
            36.4094279,49.9119247,0
          </coordinates>
        </LineString>
      </Placemark>
      <Placemark>
        <name>Остановка м/р Горизонт</name>
        <description>Автобус-70. Тролейбус- 46, 53.</description>
        <styleUrl>#icon-1499-A52714</styleUrl>
        <Point>
          <coordinates>
            36.4381664,49.927625,0
          </coordinates>
        </Point>
      </Placemark>
      <Placemark>
        <name>Остановка бул. Дмитра Антоновича</name>
        <description>Автобус-70. Тролейбус - 46, 53.</description>
        <styleUrl>#icon-1532-A52714</styleUrl>
        <Point>
          <coordinates>
            36.4365716,49.9300476,0
          </coordinates>
        </Point>
      </Placemark>
      <Placemark>
        <name>Остановка м/р Сонячний</name>
        <description>Автобус-70. Троллейбус-46, 53.</description>
        <styleUrl>#icon-1546-A52714</styleUrl>
        <Point>
          <coordinates>
            36.4284177,49.9357862,0
          </coordinates>
        </Point>
      </Placemark>
      <Placemark>
        <name>вул. П'ятихатська</name>
        <description>Автобус-70. Троллейбус-46, 53.</description>
        <styleUrl>#icon-1532-A52714</styleUrl>
        <Point>
          <coordinates>
            36.4237399,49.9373538,0
          </coordinates>
        </Point>
      </Placemark>
      <Placemark>
        <name>вул. Плиткова</name>
        <description>Автобус-70. Троллейбус-46, 53.</description>
        <styleUrl>#icon-1532-A52714</styleUrl>
        <Point>
          <coordinates>
            36.4120992,49.9410272,0
          </coordinates>
        </Point>
      </Placemark>
      <Placemark>
        <name>Станція метро Індустріальна</name>
        <description>Автобус-7, 45. Маршрутка – 121е. Троллейбус-45, 46, 53.</description>
        <styleUrl>#icon-1626-A52714</styleUrl>
        <Point>
          <coordinates>
            36.3981634,49.9454549,0
          </coordinates>
        </Point>
      </Placemark>
      <Placemark>
        <name>Остановка 18 поліклініка</name>
        <description>Автобус-45, 204. Маршрутка – 121е, 252е. Троллейбус-45, 51, 52.</description>
        <styleUrl>#icon-1624-A52714</styleUrl>
        <Point>
          <coordinates>
            36.3994398,49.9434227,0
          </coordinates>
        </Point>
      </Placemark>
      <Placemark>
        <name>вул. Миру</name>
        <description>Автобус-70, 252.</description>
        <styleUrl>#icon-1532-A52714</styleUrl>
        <Point>
          <coordinates>
            36.4016285,49.9415653,0
          </coordinates>
        </Point>
      </Placemark>
      <Placemark>
        <name>вул. Івана Каркача</name>
        <description>Автобус-70, 252.</description>
        <styleUrl>#icon-1532-A52714</styleUrl>
        <Point>
          <coordinates>
            36.4066066,49.9400394,0
          </coordinates>
        </Point>
      </Placemark>
      <Placemark>
        <name>вул. Плиткова</name>
        <description>Автобус-70, 252.</description>
        <styleUrl>#icon-1532-A52714</styleUrl>
        <Point>
          <coordinates>
            36.4117971,49.9382172,0
          </coordinates>
        </Point>
      </Placemark>
      <Placemark>
        <name>вул. Миру</name>
        <description>Автобус-70.</description>
        <styleUrl>#icon-1532-A52714</styleUrl>
        <Point>
          <coordinates>
            36.4199127,49.9345177,0
          </coordinates>
        </Point>
      </Placemark>
      <Placemark>
        <name>вул. Кулькова</name>
        <description>Автобус-70.</description>
        <styleUrl>#icon-1532-A52714</styleUrl>
        <Point>
          <coordinates>
            36.4192192,49.9310854,0
          </coordinates>
        </Point>
      </Placemark>
      <Placemark>
        <name>вул. Михайла Комарова</name>
        <description>Автобус-70.</description>
        <styleUrl>#icon-1532-A52714</styleUrl>
        <Point>
          <coordinates>
            36.4174429,49.9271605,0
          </coordinates>
        </Point>
      </Placemark>
      <Placemark>
        <name>вул. Граківська</name>
        <description>Автобус-45, 70. Троллейбус 45, 51, 59.</description>
        <styleUrl>#icon-1624-A52714</styleUrl>
        <Point>
          <coordinates>
            36.4159966,49.9211592,0
          </coordinates>
        </Point>
      </Placemark>
      <Placemark>
        <name>Остановка 9 поліклініка</name>
        <description>Автобус-70. Тролейбус 51.</description>
        <styleUrl>#icon-1624-A52714</styleUrl>
        <Point>
          <coordinates>
            36.4153913,49.9198853,0
          </coordinates>
        </Point>
      </Placemark>
      <Placemark>
        <name>вул. Луї Пастера</name>
        <description>Автобус-70. Маршрутка -121е. Троллейбус 51.</description>
        <styleUrl>#icon-1532-A52714</styleUrl>
        <Point>
          <coordinates>
            36.409587,49.9200718,0
          </coordinates>
        </Point>
      </Placemark>
      <Placemark>
        <name>Остановка пров. Дар'яльський</name>
        <description>Автобус-70. Троллейбус 51. Маршрутка – 121е.</description>
        <styleUrl>#icon-1532-A52714</styleUrl>
        <Point>
          <coordinates>
            36.4070024,49.9154444,0
          </coordinates>
        </Point>
      </Placemark>
      <Placemark>
        <name>вул. Зубарєва</name>
        <description>Автобус-70. Троллейбус 51.</description>
        <styleUrl>#icon-1532-A52714</styleUrl>
        <Point>
          <coordinates>
            36.4104952,49.9119382,0
          </coordinates>
        </Point>
      </Placemark>
    <Placemark>
        <name>Лінія маршруту</name>
        <styleUrl>#line-000000-5456-nodesc</styleUrl>
        <LineString>
          <tessellate>1</tessellate>
          <coordinates>
            36.4093473,49.9119175,0
            36.4070191,49.911351,0
            36.4053132,49.9114408,0
            36.406826,49.9148814,0
            36.4074483,49.9161249,0
            36.4076628,49.9162423,0
            36.4078023,49.9164634,0
            36.408446,49.9176378,0
            36.4089074,49.9185635,0
            36.4096155,49.9198,0
            36.4101949,49.920698,0
            36.4106776,49.9213888,0
            36.4108708,49.921299,0
            36.4148619,49.9199381,0
            36.4163961,49.9194754,0
            36.416836,49.9194339,0
            36.4170076,49.9195168,0
            36.4164605,49.9204148,0
            36.4161493,49.9213888,0
            36.4158597,49.9222108,0
            36.4157309,49.9225424,0
            36.4156987,49.9230121,0
            36.4156665,49.923392,0
            36.4156665,49.9240482,0
            36.4157953,49.9249185,0
            36.4157953,49.9251395,0
            36.4158918,49.9253536,0
            36.4162995,49.9260996,0
            36.4166643,49.9264518,0
            36.4171471,49.9268248,0
            36.4176621,49.9271563,0
            36.4178552,49.9273981,0
            36.4179947,49.9277158,0
            36.4180805,49.9281509,0
            36.4179196,49.9285722,0
            36.4176621,49.9289106,0
            36.4176836,49.9291178,0
            36.4178767,49.9294977,0
            36.4183273,49.9298914,0
            36.418735,49.9303679,0
            36.4202048,49.9320185,0
            36.4211061,49.9331787,0
            36.4209129,49.9333306,0
            36.4206984,49.933593,0
            36.4204838,49.9340212,0
            36.4197542,49.9351261,0
            36.41925,49.9358788,0
            36.4190998,49.93601,0
            36.4180913,49.9363208,0
            36.4131667,49.9379436,0
            36.4094438,49.939221,0
            36.4025774,49.941472,0
            36.3989725,49.9426389,0
            36.4002707,49.9442131,0
            36.4005174,49.9445376,0
            36.4024808,49.9439093,0
            36.4075341,49.9423144,0
            36.4117291,49.9409749,0
            36.4129092,49.9405744,0
            36.4131989,49.9404225,0
            36.4155056,49.9397182,0
            36.4183488,49.9387929,0
            36.4213743,49.9378331,0
            36.4251508,49.9366523,0
            36.4294638,49.9352781,0
            36.4347639,49.9335792,0
            36.4354076,49.9331234,0
            36.435826,49.9328403,0
            36.435826,49.932571,0
            36.4353003,49.932053,0
            36.4349463,49.932053,0
            36.434678,49.9318873,0
            36.434678,49.9316594,0
            36.4350535,49.931466,0
            36.4375963,49.9278194,0
            36.4381327,49.9269906,0
            36.4379396,49.9268801,0
            36.437843,49.9267143,0
            36.4379181,49.9265485,0
            36.4382937,49.9265347,0
            36.4385404,49.9266798,0
            36.4386263,49.9267972,0
            36.4383902,49.9271909,0
            36.438004,49.9277227,0
          </coordinates>
        </LineString>
      </Placemark>
      <Placemark>
        <name>вул. Зубарєва</name>
        <description>Автобус-70. Троллейбус 51.</description>
        <styleUrl>#icon-1499-000000</styleUrl>
        <Point>
          <coordinates>
            36.4096262,49.9120177,0
          </coordinates>
        </Point>
      </Placemark>
      <Placemark>
        <name>Остановка пров. Дар'яльський</name>
        <description>Автобус-70. Троллейбус 51.</description>
        <styleUrl>#icon-1532-000000</styleUrl>
        <Point>
          <coordinates>
            36.4073457,49.9156724,0
          </coordinates>
        </Point>
      </Placemark>
      <Placemark>
        <name>вул. Луї Пастера</name>
        <description>Автобус-70. Троллейбус 51.</description>
        <styleUrl>#icon-1532-000000</styleUrl>
        <Point>
          <coordinates>
            36.4098338,49.9201616,0
          </coordinates>
        </Point>
      </Placemark>
      <Placemark>
        <name>Остановка 9 поліклініка</name>
        <description>Автобус-70. Троллейбус 51.</description>
        <styleUrl>#icon-1624-000000</styleUrl>
        <Point>
          <coordinates>
            36.4153806,49.9197886,0
          </coordinates>
        </Point>
      </Placemark>
      <Placemark>
        <name>вул. Граківська</name>
        <description>Автобус-70.</description>
        <styleUrl>#icon-1624-000000</styleUrl>
        <Point>
          <coordinates>
            36.416179,49.9213319,0
          </coordinates>
        </Point>
      </Placemark>
      <Placemark>
        <name>вул. Михайла Комарова</name>
        <description>Автобус-70.</description>
        <styleUrl>#icon-1532-000000</styleUrl>
        <Point>
          <coordinates>
            36.4175808,49.9269069,0
          </coordinates>
        </Point>
      </Placemark>
      <Placemark>
        <name>вул. Кулькова</name>
        <description>Автобус-70.</description>
        <styleUrl>#icon-1532-000000</styleUrl>
        <Point>
          <coordinates>
            36.4197841,49.9314307,0
          </coordinates>
        </Point>
      </Placemark>
      <Placemark>
        <name>вул. Миру</name>
        <description>Автобус-70.</description>
        <styleUrl>#icon-1532-000000</styleUrl>
        <Point>
          <coordinates>
            36.4203418,49.9341724,0
          </coordinates>
        </Point>
      </Placemark>
      <Placemark>
        <name>вул. Плиткова</name>
        <description>Автобус-70, 252.</description>
        <styleUrl>#icon-1532-000000</styleUrl>
        <Point>
          <coordinates>
            36.4110031,49.9387558,0
          </coordinates>
        </Point>
      </Placemark>
      <Placemark>
        <name>вул. Івана Каркача</name>
        <description>Автобус-70, 252.</description>
        <styleUrl>#icon-1532-000000</styleUrl>
        <Point>
          <coordinates>
            36.4067998,49.9401637,0
          </coordinates>
        </Point>
      </Placemark>
      <Placemark>
        <name>вул. Миру</name>
        <description>Автобус-70, 252.</description>
        <styleUrl>#icon-1532-000000</styleUrl>
        <Point>
          <coordinates>
            36.4017572,49.9416758,0
          </coordinates>
        </Point>
      </Placemark>
      <Placemark>
        <name>Остановка 18 поліклініка</name>
        <description>Автобус-45, 204. Маршрутка – 121е, 252е. Троллейбус-45, 51, 52.</description>
        <styleUrl>#icon-1624-000000</styleUrl>
        <Point>
          <coordinates>
            36.3994827,49.9429946,0
          </coordinates>
        </Point>
      </Placemark>
      <Placemark>
        <name>Станція метро Індустріальна</name>
        <description>Автобус-7, 45. Маршрутка – 121е. Троллейбус-45, 46, 53.</description>
        <styleUrl>#icon-1626-000000</styleUrl>
        <Point>
          <coordinates>
            36.3979027,49.9451695,0
          </coordinates>
        </Point>
      </Placemark>
      <Placemark>
        <name>вул. Плиткова</name>
        <description>Автобус-70. Троллейбус-46, 53.</description>
        <styleUrl>#icon-1532-000000</styleUrl>
        <Point>
          <coordinates>
            36.4134681,49.9402553,0
          </coordinates>
        </Point>
      </Placemark>
      <Placemark>
        <name>вул. П'ятихатська</name>
        <description>Автобус-70. Троллейбус-46, 53.</description>
        <styleUrl>#icon-1532-000000</styleUrl>
        <Point>
          <coordinates>
            36.4246233,49.9367751,0
          </coordinates>
        </Point>
      </Placemark>
      <Placemark>
        <name>Остановка мікрорайон Сонячний</name>
        <description>Автобус-70. Троллейбус-46, 53.</description>
        <styleUrl>#icon-1546-000000</styleUrl>
        <Point>
          <coordinates>
            36.4289776,49.9353684,0
          </coordinates>
        </Point>
      </Placemark>
      <Placemark>
        <name>Остановка бул. Дмитра Антоновича</name>
        <description>Автобус-70. Троллейбус-46, 53.</description>
        <styleUrl>#icon-1532-000000</styleUrl>
        <Point>
          <coordinates>
            36.43596,49.9301637,0
          </coordinates>
        </Point>
      </Placemark>
      <Placemark>
        <name>Зупинка Мала кільцева</name>
        <description>Автобус-70. Троллейбус-46, 53.</description>
        <styleUrl>#icon-1532-000000</styleUrl>
        <Point>
          <coordinates>
            36.4378913,49.9272736,0
          </coordinates>
        </Point>
      </Placemark>
      <Placemark>
        <name>вул. Луї Пастера</name>
        <description>Автобус-45, 70. Троллейбус 45, 51, 59.</description>
        <styleUrl>#icon-1532-000000</styleUrl>
        <Point>
          <coordinates>
            36.4169255,49.9198784,0
          </coordinates>
        </Point>
      </Placemark>
    </Folder><Folder><name>Автобус №72</name><Placemark>
        <name>Лінія маршруту</name>
        <styleUrl>#line-A52714-5069-nodesc</styleUrl>
        <LineString>
          <tessellate>1</tessellate>
          <coordinates>
            36.1587694,49.9842098,0
            36.1555678,49.9836103,0
            36.1536536,49.9833833,0
            36.1537126,49.9844974,0
            36.1538574,49.9854183,0
            36.1540183,49.9875499,0
            36.1540076,49.9878672,0
            36.1538789,49.9880742,0
            36.1529669,49.9894952,0
            36.1526772,49.9900056,0
            36.1527094,49.9901711,0
            36.152924,49.9903091,0
            36.1536428,49.9905643,0
            36.1545011,49.9908057,0
            36.1559281,49.9912127,0
            36.1570331,49.9915024,0
            36.1585674,49.9918335,0
            36.1604235,49.9921853,0
            36.1613461,49.9923301,0
            36.1615178,49.9919094,0
            36.1618397,49.9911506,0
            36.1620972,49.9903988,0
            36.1622795,49.9900677,0
            36.1625907,49.9897228,0
            36.1631593,49.9890606,0
            36.1637494,49.9884536,0
            36.1641464,49.9879569,0
            36.1648223,49.9873844,0
            36.1653802,49.9869636,0
            36.1659488,49.9866256,0
            36.1665496,49.9863013,0
            36.1676547,49.9857357,0
            36.167998,49.9856184,0
            36.1685237,49.9854942,0
            36.1691675,49.9854183,0
            36.1700472,49.9853563,0
            36.1708948,49.9852528,0
            36.1722681,49.9851562,0
            36.1738774,49.9850734,0
            36.1748752,49.9850872,0
            36.17524,49.9851631,0
            36.174843,49.9858254,0
            36.1728904,49.9894055,0
            36.1717102,49.9918473,0
            36.1706695,49.9943234,0
            36.1705944,49.9946269,0
            36.1706051,49.9983029,0
            36.1706051,49.9992133,0
            36.1707124,49.9995374,0
            36.1708626,50.0000064,0
            36.1713776,50.0008408,0
            36.1719462,50.0015718,0
            36.1729869,50.0030269,0
            36.1735877,50.0038613,0
            36.1754009,50.0064127,0
            36.1756262,50.0066954,0
            36.1758193,50.0069436,0
            36.1760661,50.0070608,0
            36.1798426,50.0079158,0
            36.1810657,50.008171,0
            36.1813661,50.0082261,0
            36.1818382,50.0082468,0
            36.1822245,50.0083089,0
            36.1843166,50.0086123,0
            36.184499,50.0083089,0
            36.1851749,50.0074539,0
            36.185883,50.0066264,0
            36.1865482,50.0059645,0
            36.1876103,50.0049094,0
            36.1879107,50.0046474,0
            36.1882111,50.0044819,0
            36.1887369,50.0041647,0
            36.1899063,50.0035234,0
            36.1903033,50.0033027,0
            36.1913654,50.0027579,0
            36.191977,50.0023442,0
            36.1923417,50.0019718,0
            36.1930391,50.0006063,0
            36.1935219,49.9996822,0
            36.1937365,49.999096,0
            36.1940047,49.9988547,0
            36.1945948,49.997496,0
            36.1946806,49.9973857,0
            36.1950776,49.9972546,0
            36.1955068,49.9971719,0
            36.1970088,49.996827,0
            36.1975989,49.9965029,0
            36.1980817,49.9960546,0
            36.1983821,49.9960891,0
            36.1994442,49.9964063,0
            36.2037787,49.997696,0
            36.205152,49.9981374,0
            36.2063321,49.997434,0
            36.2067935,49.9971443,0
            36.2069544,49.9969305,0
            36.2073621,49.9966201,0
            36.2077698,49.9963373,0
            36.2080273,49.9961512,0
            36.2082419,49.9959856,0
            36.2083009,49.9958201,0
            36.2083063,49.995627,0
            36.2083599,49.9954339,0
            36.2084136,49.9951373,0
            36.2084887,49.9947751,0
            36.2085155,49.9943682,0
            36.2085315,49.9939441,0
            36.2094435,49.9938406,0
            36.2104466,49.993663,0
            36.2116214,49.9933475,0
            36.2135741,49.992737,0
            36.2151834,49.9922818,0
            36.2153551,49.9922197,0
            36.2165675,49.9921646,0
            36.2188634,49.9920542,0
            36.2187776,49.9925853,0
            36.2183914,49.9925301,0
          </coordinates>
        </LineString>
      </Placemark>
      <Placemark>
        <name>Остановка пр. Слави</name>
        <description>Маршрутка-61е, 258е, 270е.Автобус - 72.</description>
        <styleUrl>#icon-1532-A52714</styleUrl>
        <Point>
          <coordinates>
            36.1537837,49.9836761,0
          </coordinates>
        </Point>
      </Placemark>
      <Placemark>
        <name>Остановка пров. 1 золочівський</name>
        <description>Маршрутка-61е, 258е, 270е.</description>
        <styleUrl>#icon-1532-A52714</styleUrl>
        <Point>
          <coordinates>
            36.1539288,49.9858477,0
          </coordinates>
        </Point>
      </Placemark>
      <Placemark>
        <name>вул. Алуштинська</name>
        <description>Маршрутка-61е, 258е, 270е.</description>
        <styleUrl>#icon-1532-A52714</styleUrl>
        <Point>
          <coordinates>
            36.1550397,49.9909925,0
          </coordinates>
        </Point>
      </Placemark>
      <Placemark>
        <name>Зупинка На вимогу</name>
        <description>Маршрутка-61е, 258е, 270е.</description>
        <styleUrl>#icon-1769-A52714</styleUrl>
        <Point>
          <coordinates>
            36.161434,49.99221,0
          </coordinates>
        </Point>
      </Placemark>
      <Placemark>
        <name>Зупинка На вимогу</name>
        <description>Маршрутка-61е, 258е, 270е.</description>
        <styleUrl>#icon-1769-A52714</styleUrl>
        <Point>
          <coordinates>
            36.1643481,49.9876852,0
          </coordinates>
        </Point>
      </Placemark>
      <Placemark>
        <name>Зупинка На вимогу</name>
        <description>Маршрутка-61е, 258е, 270е.</description>
        <styleUrl>#icon-1769-A52714</styleUrl>
        <Point>
          <coordinates>
            36.1681731,49.9855639,0
          </coordinates>
        </Point>
      </Placemark>
      <Placemark>
        <name>вул. Барикадна</name>
        <description>Маршрутка-61е, 258е, 270е.</description>
        <styleUrl>#icon-1532-A52714</styleUrl>
        <Point>
          <coordinates>
            36.1727125,49.9851251,0
          </coordinates>
        </Point>
      </Placemark>
      <Placemark>
        <name>Зупинка На вимогу</name>
        <description>Маршрутка-61е, 270е.</description>
        <styleUrl>#icon-1769-A52714</styleUrl>
        <Point>
          <coordinates>
            36.1750518,49.985386,0
          </coordinates>
        </Point>
      </Placemark>
      <Placemark>
        <name>вул. Афанасьєвська</name>
        <description>Маршрутка-40э, 61э, 270э. Тролейбус-27.</description>
        <styleUrl>#icon-1532-A52714</styleUrl>
        <Point>
          <coordinates>
            36.1732279,49.9887318,0
          </coordinates>
        </Point>
      </Placemark>
      <Placemark>
        <name>вул. Верхня Гіївська</name>
        <description>Маршрутка-40е, 61е, 270е. Троллейбус-27.</description>
        <styleUrl>#icon-1532-A52714</styleUrl>
        <Point>
          <coordinates>
            36.1717238,49.9920105,0
          </coordinates>
        </Point>
      </Placemark>
      <Placemark>
        <name>вул. Нижня Гіївська</name>
        <description>Маршрутка-40е, 61е, 270е. Троллейбус-27.</description>
        <styleUrl>#icon-1532-A52714</styleUrl>
        <Point>
          <coordinates>
            36.1707312,49.9948757,0
          </coordinates>
        </Point>
      </Placemark>
      <Placemark>
        <name>вул. Печерська</name>
        <description>Маршрутка-40е, 61е, 270е. Троллейбус-27.</description>
        <styleUrl>#icon-1532-A52714</styleUrl>
        <Point>
          <coordinates>
            36.1707505,49.9990507,0
          </coordinates>
        </Point>
      </Placemark>
      <Placemark>
        <name>вул. Робесп'єра</name>
        <description>Маршрутка-40е, 61е, 270е. Троллейбус-27.</description>
        <styleUrl>#icon-1532-A52714</styleUrl>
        <Point>
          <coordinates>
            36.1731209,50.0031557,0
          </coordinates>
        </Point>
      </Placemark>
      <Placemark>
        <name>вул. Новий Побут</name>
        <description>Маршрутка-61е, 270е.</description>
        <styleUrl>#icon-1532-A52714</styleUrl>
        <Point>
          <coordinates>
            36.1757198,50.0066199,0
          </coordinates>
        </Point>
      </Placemark>
      <Placemark>
        <name>вул. Миронівська</name>
        <description>Маршрутка-61е, 270е.</description>
        <styleUrl>#icon-1532-A52714</styleUrl>
        <Point>
          <coordinates>
            36.1806249,50.0080781,0
          </coordinates>
        </Point>
      </Placemark>
      <Placemark>
        <name>вул. Ткаченківська</name>
        <description>Маршрутка-61е, 270е.</description>
        <styleUrl>#icon-1532-A52714</styleUrl>
        <Point>
          <coordinates>
            36.1845579,50.0083587,0
          </coordinates>
        </Point>
      </Placemark>
      <Placemark>
        <name>Кладовище</name>
        <description>Маршрутка-61е, 270е.</description>
        <styleUrl>#icon-1542-A52714</styleUrl>
        <Point>
          <coordinates>
            36.1870908,50.0054323,0
          </coordinates>
        </Point>
      </Placemark>
      <Placemark>
        <name>вул. Прикордонна</name>
        <description>Маршрутка-61е, 270е.</description>
        <styleUrl>#icon-1532-A52714</styleUrl>
        <Point>
          <coordinates>
            36.1894925,50.0036636,0
          </coordinates>
        </Point>
      </Placemark>
      <Placemark>
        <name>вул. Чернігівська</name>
        <description>Маршрутка-61е, 270е.</description>
        <styleUrl>#icon-1532-A52714</styleUrl>
        <Point>
          <coordinates>
            36.1925293,50.0017737,0
          </coordinates>
        </Point>
      </Placemark>
      <Placemark>
        <name>вул. Курилівська</name>
        <description>Маршрутка-61е, 270е.</description>
        <styleUrl>#icon-1532-A52714</styleUrl>
        <Point>
          <coordinates>
            36.1932896,50.0001496,0
          </coordinates>
        </Point>
      </Placemark>
      <Placemark>
        <name>вул. Андріївська</name>
        <description>Маршрутка-61е, 270е.</description>
        <styleUrl>#icon-1532-A52714</styleUrl>
        <Point>
          <coordinates>
            36.1969911,49.9969526,0
          </coordinates>
        </Point>
      </Placemark>
      <Placemark>
        <name>вул. Велика Панасівська</name>
        <description>Маршрутка-40е, 61е, 250е, 270е.</description>
        <styleUrl>#icon-1532-A52714</styleUrl>
        <Point>
          <coordinates>
            36.2055579,49.9977296,0
          </coordinates>
        </Point>
      </Placemark>
      <Placemark>
        <name>Остановка пр. Слави</name>
        <description>Маршрутка-61е, 258е, 270е.Автобус - 58, 72.</description>
        <styleUrl>#icon-1499-A52714</styleUrl>
        <Point>
          <coordinates>
            36.1590842,49.9842429,0
          </coordinates>
        </Point>
      </Placemark>
    <Placemark>
        <name>Лінія маршруту</name>
        <styleUrl>#line-000000-5263-nodesc</styleUrl>
        <LineString>
          <tessellate>1</tessellate>
          <coordinates>
            36.2183199,49.9925254,0
            36.2165228,49.9922598,0
            36.2153158,49.9923288,0
            36.214597,49.9925495,0
            36.2135616,49.9928496,0
            36.2125424,49.9931531,0
            36.2116358,49.9934359,0
            36.2110832,49.9935669,0
            36.2105092,49.9937359,0
            36.2099889,49.9938496,0
            36.2094846,49.9939221,0
            36.2086746,49.9940255,0
            36.2086156,49.9946877,0
            36.2083742,49.995943,0
            36.2081919,49.9961499,0
            36.2079183,49.9963223,0
            36.2071351,49.9968706,0
            36.2069527,49.997036,0
            36.2068239,49.9972395,0
            36.2067756,49.9973464,0
            36.2066093,49.9974154,0
            36.206266,49.9976223,0
            36.2056008,49.9981016,0
            36.2051609,49.9984258,0
            36.2040773,49.9979982,0
            36.2036911,49.9977706,0
            36.2012342,49.9969982,0
            36.1982087,49.9961567,0
            36.1979619,49.9963568,0
            36.1974898,49.9967154,0
            36.1969911,49.9969526,0
            36.1964813,49.9970602,0
            36.1949793,49.9973775,0
            36.1947754,49.997474,0
            36.1947003,49.9976602,0
            36.1940673,49.9989706,0
            36.1938742,49.9991637,0
            36.1937776,49.9994189,0
            36.1930374,50.0009292,0
            36.1927477,50.0015774,0
            36.192458,50.0020395,0
            36.1920932,50.0023911,0
            36.1917284,50.0026463,0
            36.1911598,50.0029704,0
            36.1897436,50.0037083,0
            36.1890355,50.004122,0
            36.1882952,50.0045427,0
            36.1878017,50.0048805,0
            36.1875013,50.0051702,0
            36.1868468,50.005839,0
            36.185892,50.0067699,0
            36.1855272,50.0071767,0
            36.1850122,50.0078249,0
            36.1844006,50.0087144,0
            36.1839822,50.0086385,0
            36.1821798,50.0083765,0
            36.1816004,50.0083076,0
            36.1812464,50.0083627,0
            36.1799053,50.0080456,0
            36.1768475,50.0073698,0
            36.1756191,50.0070285,0
            36.175552,50.0070767,0
            36.1754635,50.0070767,0
            36.1753562,50.0070457,0
            36.1752543,50.0069888,0
            36.1751953,50.0068905,0
            36.1752597,50.006694,0
            36.1753401,50.0065803,0
            36.1741439,50.0048599,0
            36.1724702,50.0026049,0
            36.1714831,50.0011843,0
            36.1709896,50.0005292,0
            36.1707643,50.0001637,0
            36.1705712,49.9997706,0
            36.1704853,49.9994947,0
            36.1704317,49.9990672,0
            36.170421,49.9984809,0
            36.1704746,49.9977775,0
            36.1704424,49.9957636,0
            36.1704746,49.9948256,0
            36.1704746,49.9943635,0
            36.170657,49.993929,0
            36.1710111,49.993122,0
            36.1716441,49.9916804,0
            36.1718372,49.9911838,0
            36.1722771,49.990225,0
            36.1733285,49.9882936,0
            36.1738649,49.9872382,0
            36.1750129,49.985217,0
            36.1745484,49.9851623,0
            36.1739508,49.9851963,0
            36.1722127,49.985286,0
            36.1707321,49.9854102,0
            36.1697987,49.9854653,0
            36.1683288,49.9856309,0
            36.1679212,49.9857413,0
            36.1672667,49.9860517,0
            36.1665264,49.9864518,0
            36.1655072,49.9870244,0
            36.1650458,49.9873762,0
            36.1641661,49.9881764,0
            36.1632541,49.9891559,0
            36.1624816,49.990094,0
            36.1623207,49.9902802,0
            36.1614195,49.992453,0
            36.1607006,49.9923564,0
            36.1590055,49.9920322,0
            36.1562267,49.9914321,0
            36.1539629,49.9907768,0
            36.1527613,49.9903216,0
            36.1525253,49.9901354,0
            36.1526969,49.9896732,0
            36.1533514,49.9887213,0
            36.1537162,49.9880384,0
            36.1538986,49.9876521,0
            36.1538342,49.9868657,0
            36.1536947,49.9856102,0
            36.1535231,49.9841132,0
            36.1535123,49.983244,0
            36.1537054,49.9832854,0
            36.1554006,49.9834992,0
            36.159338,49.984196,0
            36.1597189,49.9842719,0
            36.1596465,49.984334,0
            36.1588552,49.9842029,0
          </coordinates>
        </LineString>
      </Placemark>
      <Placemark>
        <name>Станція метро Центральний ринок</name>
        <description>Маршрутка – 40е, 61е. Автобус-67, 72, 202, 278.</description>
        <styleUrl>#icon-1499-000000</styleUrl>
        <Point>
          <coordinates>
            36.2182163,49.992414,0
          </coordinates>
        </Point>
      </Placemark>
      <Placemark>
        <name>вул. Мала Панасівська</name>
        <description>Маршрутка-61е, 270е. Автобус – 72.</description>
        <styleUrl>#icon-1532-000000</styleUrl>
        <Point>
          <coordinates>
            36.2043187,49.9981655,0
          </coordinates>
        </Point>
      </Placemark>
      <Placemark>
        <name>вул. Андріївська</name>
        <description>Маршрутка-61е, 270е.</description>
        <styleUrl>#icon-1532-000000</styleUrl>
        <Point>
          <coordinates>
            36.1971734,49.9967138,0
          </coordinates>
        </Point>
      </Placemark>
      <Placemark>
        <name>вул. Курилівська</name>
        <description>Маршрутка-61е, 270е.</description>
        <styleUrl>#icon-1532-000000</styleUrl>
        <Point>
          <coordinates>
            36.1935449,50.0000956,0
          </coordinates>
        </Point>
      </Placemark>
      <Placemark>
        <name>вул. Чернігівська</name>
        <description>Маршрутка-61е, 270е.</description>
        <styleUrl>#icon-1532-000000</styleUrl>
        <Point>
          <coordinates>
            36.1926669,50.0018963,0
          </coordinates>
        </Point>
      </Placemark>
      <Placemark>
        <name>вул. Прикордонна</name>
        <description>Маршрутка-61е, 270е.</description>
        <styleUrl>#icon-1532-000000</styleUrl>
        <Point>
          <coordinates>
            36.1894771,50.0038781,0
          </coordinates>
        </Point>
      </Placemark>
      <Placemark>
        <name>Кладовище</name>
        <description>Маршрутка-61е, 270е.</description>
        <styleUrl>#icon-1542-000000</styleUrl>
        <Point>
          <coordinates>
            36.1874065,50.0053331,0
          </coordinates>
        </Point>
      </Placemark>
      <Placemark>
        <name>вул. Ткаченківська</name>
        <description>Маршрутка-61е, 270е.</description>
        <styleUrl>#icon-1532-000000</styleUrl>
        <Point>
          <coordinates>
            36.1847997,50.0081883,0
          </coordinates>
        </Point>
      </Placemark>
      <Placemark>
        <name>вул. Миронівська</name>
        <description>Маршрутка-61е, 270е.</description>
        <styleUrl>#icon-1532-000000</styleUrl>
        <Point>
          <coordinates>
            36.1806868,50.0082483,0
          </coordinates>
        </Point>
      </Placemark>
      <Placemark>
        <name>вул. Новий Побут</name>
        <description>Маршрутка-40е, 61е, 270е. Троллейбус-27.</description>
        <styleUrl>#icon-1532-000000</styleUrl>
        <Point>
          <coordinates>
            36.1751629,50.0067177,0
          </coordinates>
        </Point>
      </Placemark>
      <Placemark>
        <name>вул. Робесп'єра</name>
        <description>Маршрутка-40е, 61е, 270е. Троллейбус-27.</description>
        <styleUrl>#icon-1532-000000</styleUrl>
        <Point>
          <coordinates>
            36.1721071,50.0022547,0
          </coordinates>
        </Point>
      </Placemark>
      <Placemark>
        <name>вул. Печерська</name>
        <description>Маршрутка-61е, 270е. Троллейбус-27.</description>
        <styleUrl>#icon-1532-000000</styleUrl>
        <Point>
          <coordinates>
            36.1703429,49.9980216,0
          </coordinates>
        </Point>
      </Placemark>
      <Placemark>
        <name>вул. Нижня Гіївська</name>
        <description>Маршрутка-40е, 61е, 270е. Троллейбус-27.</description>
        <styleUrl>#icon-1532-000000</styleUrl>
        <Point>
          <coordinates>
            36.1704856,49.9941897,0
          </coordinates>
        </Point>
      </Placemark>
      <Placemark>
        <name>вул. Верхня Гіївська</name>
        <description>Маршрутка-40е, 61е, 270е. Троллейбус-27.</description>
        <styleUrl>#icon-1532-000000</styleUrl>
        <Point>
          <coordinates>
            36.1718768,49.9910434,0
          </coordinates>
        </Point>
      </Placemark>
      <Placemark>
        <name>вул. Афанасьєвська</name>
        <description>Маршрутка-40е, 61е, 270е. Троллейбус-27.</description>
        <styleUrl>#icon-1532-000000</styleUrl>
        <Point>
          <coordinates>
            36.1734347,49.9879011,0
          </coordinates>
        </Point>
      </Placemark>
      <Placemark>
        <name>вул. Барикадна</name>
        <description>Маршрутка-61е, 258е, 270е.</description>
        <styleUrl>#icon-1532-000000</styleUrl>
        <Point>
          <coordinates>
            36.1745484,49.9851623,0
          </coordinates>
        </Point>
      </Placemark>
      <Placemark>
        <name>Зупинка На вимогу</name>
        <description>Маршрутка-61е, 258е, 270е.</description>
        <styleUrl>#icon-1769-000000</styleUrl>
        <Point>
          <coordinates>
            36.1688082,49.9855793,0
          </coordinates>
        </Point>
      </Placemark>
      <Placemark>
        <name>Зупинка На вимогу</name>
        <description>Маршрутка-61е, 258е, 270е.</description>
        <styleUrl>#icon-1769-000000</styleUrl>
        <Point>
          <coordinates>
            36.1643477,49.9879763,0
          </coordinates>
        </Point>
      </Placemark>
      <Placemark>
        <name>Зупинка На вимогу</name>
        <description>Маршрутка-61е, 258е, 270е.</description>
        <styleUrl>#icon-1769-000000</styleUrl>
        <Point>
          <coordinates>
            36.161022,49.9923419,0
          </coordinates>
        </Point>
      </Placemark>
      <Placemark>
        <name>вул. Алуштинська</name>
        <description>Маршрутка-61е, 258е, 270е.</description>
        <styleUrl>#icon-1532-000000</styleUrl>
        <Point>
          <coordinates>
            36.1549595,49.9911425,0
          </coordinates>
        </Point>
      </Placemark>
      <Placemark>
        <name>Остановка пров. 1 золочівський</name>
        <description>Маршрутка-61е, 258е, 270е.</description>
        <styleUrl>#icon-1532-000000</styleUrl>
        <Point>
          <coordinates>
            36.153737,49.9860527,0
          </coordinates>
        </Point>
      </Placemark>
      <Placemark>
        <name>Остановка пр. Слави</name>
        <description>Маршрутка-61е, 258е, 270е.Автобус - 72.</description>
        <styleUrl>#icon-1532-000000</styleUrl>
        <Point>
          <coordinates>
            36.1534945,49.9838014,0
          </coordinates>
        </Point>
      </Placemark>
    </Folder><Folder><name>Автобус №77</name><Placemark>
        <name>Лінія маршруту</name>
        <styleUrl>#line-A52714-5263-nodesc</styleUrl>
        <LineString>
          <tessellate>1</tessellate>
          <coordinates>
            36.2461627,50.0386077,0
            36.245637,50.0386697,0
            36.24156,50.03479,0
            36.239264,50.0325709,0
            36.2387276,50.0320678,0
            36.2381804,50.0315441,0
            36.2378264,50.0312684,0
            36.2374616,50.0310961,0
            36.2369681,50.0309582,0
            36.2364745,50.0308962,0
            36.2354124,50.0307998,0
            36.2347794,50.0310478,0
            36.2343824,50.0312339,0
            36.2330842,50.03193,0
            36.2299299,50.033646,0
            36.2292969,50.0340595,0
            36.2292648,50.0342318,0
            36.2291897,50.0344523,0
            36.2290824,50.0345695,0
            36.2288678,50.0346108,0
            36.2286425,50.0346039,0
            36.228503,50.0345557,0
            36.227988,50.0345212,0
            36.2277842,50.0345281,0
            36.2275374,50.0345902,0
            36.2269366,50.0347693,0
            36.2262714,50.0348727,0
            36.2253809,50.0349485,0
            36.2246299,50.0349623,0
            36.2239862,50.0349416,0
            36.2226987,50.03479,0
            36.2197697,50.0344248,0
            36.2150598,50.0338321,0
            36.2133646,50.0336185,0
            36.2125492,50.0334531,0
            36.2118411,50.0331843,0
            36.2111652,50.0329569,0
            36.2107682,50.0327777,0
            36.2104678,50.0326261,0
            36.2098777,50.032185,0
            36.2088585,50.0312891,0
            36.2064338,50.0290836,0
            36.2060905,50.0287941,0
            36.20682,50.0277741,0
            36.2087405,50.0251204,0
            36.2094593,50.0242864,0
            36.2115407,50.0218532,0
            36.2141049,50.0183099,0
            36.2152744,50.0167312,0
            36.2161005,50.0155523,0
            36.2165511,50.0148284,0
            36.2170124,50.0139184,0
            36.2172592,50.0132083,0
            36.2175274,50.0124775,0
            36.2179995,50.0110158,0
            36.2183213,50.009692,0
            36.2185037,50.0089473,0
            36.2186432,50.0078096,0
            36.2185896,50.0065202,0
            36.2185252,50.0059065,0
            36.2184286,50.0053893,0
            36.2181711,50.0039412,0
            36.2181175,50.0034654,0
            36.2173987,50.0032723,0
            36.2158752,50.0027827,0
            36.2129355,50.0015414,0
            36.2105859,50.0005139,0
            36.2052322,49.9984174,0
            36.2049854,49.9983001,0
            36.205082,49.9981691,0
            36.2056077,49.9978105,0
            36.2062299,49.9975346,0
            36.2065196,49.9972587,0
            36.2066269,49.9968794,0
            36.2066162,49.9957828,0
            36.2066698,49.9949552,0
            36.2066055,49.9941275,0
            36.2066591,49.9936102,0
            36.20682,49.9928308,0
            36.2071097,49.9912651,0
            36.2076032,49.9883404,0
            36.2077642,49.9883404,0
            36.2075067,49.9899269,0
          </coordinates>
        </LineString>
      </Placemark>
      <Placemark>
        <name>Зупинка Лікарня швидкої допомоги</name>
        <description>Автобус-20, 77. Маршрутка-277е. . Троллейбус-18.</description>
        <styleUrl>#icon-1499-A52714</styleUrl>
        <Point>
          <coordinates>
            36.2458271,50.038587,0
          </coordinates>
        </Point>
      </Placemark>
      <Placemark>
        <name>вул. Портали</name>
        <description>Автобус-20, 77. Маршрутка-277е.</description>
        <styleUrl>#icon-1532-A52714</styleUrl>
        <Point>
          <coordinates>
            36.2411065,50.0344385,0
          </coordinates>
        </Point>
      </Placemark>
      <Placemark>
        <name>Зупинка На вимогу</name>
        <description>Автобус-20, 77. Маршрутка-277е.</description>
        <styleUrl>#icon-1769-A52714</styleUrl>
        <Point>
          <coordinates>
            36.2390512,50.0323846,0
          </coordinates>
        </Point>
      </Placemark>
      <Placemark>
        <name>Канатна дорога</name>
        <description>Автобус-20, 77. Маршрутка-277е.</description>
        <styleUrl>#icon-1586-A52714</styleUrl>
        <Point>
          <coordinates>
            36.2361276,50.0308507,0
          </coordinates>
        </Point>
      </Placemark>
      <Placemark>
        <name>Магазин Каштан</name>
        <description>Автобус-77. Маршрутка -277е.</description>
        <styleUrl>#icon-1686-A52714</styleUrl>
        <Point>
          <coordinates>
            36.2315195,50.0329079,0
          </coordinates>
        </Point>
      </Placemark>
      <Placemark>
        <name>Зупинка Павлове Поле</name>
        <description>Автобус-77. Маршрутка -277е. Троллейбус-12.</description>
        <styleUrl>#icon-1720-A52714</styleUrl>
        <Point>
          <coordinates>
            36.2265199,50.0349892,0
          </coordinates>
        </Point>
      </Placemark>
      <Placemark>
        <name>Станція метро 23 серпня</name>
        <description>Автобус-77. Маршрутка -277е. Троллейбус-12.</description>
        <styleUrl>#icon-1626-A52714</styleUrl>
        <Point>
          <coordinates>
            36.219911,50.0345619,0
          </coordinates>
        </Point>
      </Placemark>
      <Placemark>
        <name>вул. Шекспіра</name>
        <description>Автобус-77. Маршрутка -277е. Троллейбус-12.</description>
        <styleUrl>#icon-1532-A52714</styleUrl>
        <Point>
          <coordinates>
            36.2127916,50.0335761,0
          </coordinates>
        </Point>
      </Placemark>
      <Placemark>
        <name>вул. 23 серпня</name>
        <description>Автобус-77. Маршрутка -277е.</description>
        <styleUrl>#icon-1532-A52714</styleUrl>
        <Point>
          <coordinates>
            36.2064022,50.0282764,0
          </coordinates>
        </Point>
      </Placemark>
      <Placemark>
        <name>вул. Зберігачів Неба</name>
        <description>Автобус-77. Маршрутка -277е.</description>
        <styleUrl>#icon-1532-A52714</styleUrl>
        <Point>
          <coordinates>
            36.2082845,50.0253953,0
          </coordinates>
        </Point>
      </Placemark>
      <Placemark>
        <name>Зупинка ул. Отакара Яроша</name>
        <description>Автобус-77. Маршрутка -277е.</description>
        <styleUrl>#icon-1532-A52714</styleUrl>
        <Point>
          <coordinates>
            36.209787,50.0238506,0
          </coordinates>
        </Point>
      </Placemark>
      <Placemark>
        <name>вул. Європейська</name>
        <description>Автобус-77. Маршрутка -277е.</description>
        <styleUrl>#icon-1532-A52714</styleUrl>
        <Point>
          <coordinates>
            36.2133857,50.0190493,0
          </coordinates>
        </Point>
      </Placemark>
      <Placemark>
        <name>Соснова Гірка</name>
        <description>Автобус-77. Маршрутка -277е.</description>
        <styleUrl>#icon-1720-A52714</styleUrl>
        <Point>
          <coordinates>
            36.2154457,50.0163608,0
          </coordinates>
        </Point>
      </Placemark>
      <Placemark>
        <name>вул. Павлівська</name>
        <description>Автобус-77. Маршрутка -277е.</description>
        <styleUrl>#icon-1532-A52714</styleUrl>
        <Point>
          <coordinates>
            36.2179154,50.0114257,0
          </coordinates>
        </Point>
      </Placemark>
      <Placemark>
        <name>вул. Херсонська</name>
        <description>Автобус-77. Маршрутка – 277е.</description>
        <styleUrl>#icon-1532-A52714</styleUrl>
        <Point>
          <coordinates>
            36.2184318,50.0075538,0
          </coordinates>
        </Point>
      </Placemark>
      <Placemark>
        <name>Зупинка узвіз Клочковський</name>
        <description>Автобус-77. Маршрутка -270е, 277е.</description>
        <styleUrl>#icon-1532-A52714</styleUrl>
        <Point>
          <coordinates>
            36.2171873,50.0033199,0
          </coordinates>
        </Point>
      </Placemark>
      <Placemark>
        <name>вул. Велика Панасівська</name>
        <description>Автобус-77. Маршрутка -250е, 277е.</description>
        <styleUrl>#icon-1532-A52714</styleUrl>
        <Point>
          <coordinates>
            36.2055744,49.9976626,0
          </coordinates>
        </Point>
      </Placemark>
      <Placemark>
        <name>вул. Чоботарська</name>
        <description>Автобус-77е, 250е.</description>
        <styleUrl>#icon-1532-A52714</styleUrl>
        <Point>
          <coordinates>
            36.206568,49.9943368,0
          </coordinates>
        </Point>
      </Placemark>
    <Placemark>
        <name>Лінія маршруту</name>
        <styleUrl>#line-000000-5263-nodesc</styleUrl>
        <LineString>
          <tessellate>1</tessellate>
          <coordinates>
            36.2075067,49.9899269,0
            36.2074186,49.9902922,0
            36.2072523,49.9914889,0
            36.2068554,49.9933719,0
            36.2067374,49.9941582,0
            36.2068339,49.9947859,0
            36.2068447,49.9954204,0
            36.2068125,49.9965377,0
            36.2068447,49.997055,0
            36.2066408,49.9973584,0
            36.206394,49.9976136,0
            36.2059327,49.9978964,0
            36.2055679,49.9980895,0
            36.2054821,49.9982619,0
            36.2074133,49.9990205,0
            36.2107607,50.0003722,0
            36.2159642,50.0025721,0
            36.2167903,50.0028272,0
            36.2183782,50.0032755,0
            36.2183674,50.0037306,0
            36.2183996,50.0040961,0
            36.2187858,50.0062544,0
            36.218818,50.0068957,0
            36.2187644,50.0083299,0
            36.2186786,50.0088884,0
            36.2181958,50.0108604,0
            36.2176808,50.0125771,0
            36.2168868,50.0145834,0
            36.2162646,50.0155831,0
            36.2153419,50.0169205,0
            36.2129923,50.0201536,0
            36.2114581,50.0221941,0
            36.2107499,50.0230075,0
            36.2081643,50.0262402,0
            36.2063404,50.0288386,0
            36.2071558,50.0295279,0
            36.2098916,50.0320365,0
            36.2105676,50.0325258,0
            36.2112757,50.0328704,0
            36.2125953,50.0333459,0
            36.2139042,50.0335458,0
            36.2173804,50.0339869,0
            36.2207707,50.0344141,0
            36.2226268,50.034676,0
            36.2238606,50.0348,0
            36.2248155,50.0348345,0
            36.2255557,50.0348,0
            36.2265535,50.0346622,0
            36.2277766,50.0344417,0
            36.2289568,50.0340213,0
            36.2296112,50.0336767,0
            36.2332483,50.0316713,0
            36.235201,50.0307064,0
            36.2355979,50.0306788,0
            36.2366064,50.0307684,0
            36.2373575,50.0309063,0
            36.2379261,50.0312164,0
            36.2389882,50.0321123,0
            36.2399002,50.0330289,0
            36.2423142,50.0353376,0
            36.2448998,50.0378321,0
            36.2456401,50.0385488,0
            36.2460371,50.0384937,0
            36.2464416,50.0383596,0
            36.2466379,50.0382456,0
            36.2467559,50.0383972,0
            36.2467988,50.0385006,0
            36.2465413,50.0385695,0
            36.2461627,50.0386077,0
          </coordinates>
        </LineString>
      </Placemark>
      <Placemark>
        <name>Станція залізничного вокзалу</name>
        <description>Автобус-77. Маршрутка 277е.</description>
        <styleUrl>#icon-1499-000000</styleUrl>
        <Point>
          <coordinates>
            36.2073892,49.9891197,0
          </coordinates>
        </Point>
      </Placemark>
      <Placemark>
        <name>Остановка пл. Привокзальна</name>
        <description>Автобус-77. Маршрутка -250е, 277е. Трамвай-1, 12, 20.</description>
        <styleUrl>#icon-1626-000000</styleUrl>
        <Point>
          <coordinates>
            36.2076889,49.9898483,0
          </coordinates>
        </Point>
      </Placemark>
      <Placemark>
        <name>вул. Чоботарська</name>
        <description>Автобус-77. Маршрутка -250е, 277е.</description>
        <styleUrl>#icon-1532-000000</styleUrl>
        <Point>
          <coordinates>
            36.206826,49.993848,0
          </coordinates>
        </Point>
      </Placemark>
      <Placemark>
        <name>Зупинка Панасівка</name>
        <description>Автобус-77. Маршрутка -270е, 277е.</description>
        <styleUrl>#icon-1532-000000</styleUrl>
        <Point>
          <coordinates>
            36.2060251,49.9983519,0
          </coordinates>
        </Point>
      </Placemark>
      <Placemark>
        <name>Остановка узвіз Клочківський</name>
        <description>Автобус-77. Маршрутка -270е, 277е.</description>
        <styleUrl>#icon-1532-000000</styleUrl>
        <Point>
          <coordinates>
            36.2185302,50.0037353,0
          </coordinates>
        </Point>
      </Placemark>
      <Placemark>
        <name>вул. Херсонська</name>
        <description>Автобус-77. Маршрутка -270е, 277е.</description>
        <styleUrl>#icon-1532-000000</styleUrl>
        <Point>
          <coordinates>
            36.2189013,50.008073,0
          </coordinates>
        </Point>
      </Placemark>
      <Placemark>
        <name>вул. Херсонська</name>
        <description>Автобус-77. Маршрутка -277е.</description>
        <styleUrl>#icon-1532-000000</styleUrl>
        <Point>
          <coordinates>
            36.2178499,50.0121441,0
          </coordinates>
        </Point>
      </Placemark>
      <Placemark>
        <name>Соснова Гірка</name>
        <description>Автобус-77. Маршрутка -277е.</description>
        <styleUrl>#icon-1720-000000</styleUrl>
        <Point>
          <coordinates>
            36.2155324,50.0167296,0
          </coordinates>
        </Point>
      </Placemark>
      <Placemark>
        <name>вул. Європейська</name>
        <description>Автобус-77. Маршрутка -277е.</description>
        <styleUrl>#icon-1532-000000</styleUrl>
        <Point>
          <coordinates>
            36.2133008,50.019792,0
          </coordinates>
        </Point>
      </Placemark>
      <Placemark>
        <name>вул. Отакара Яроша</name>
        <description>Автобус-77. Маршрутка -277е.</description>
        <styleUrl>#icon-1532-000000</styleUrl>
        <Point>
          <coordinates>
            36.2099524,50.0239925,0
          </coordinates>
        </Point>
      </Placemark>
      <Placemark>
        <name>вул. Зберігачів Неба</name>
        <description>Автобус-77. Маршрутка -277е.</description>
        <styleUrl>#icon-1532-000000</styleUrl>
        <Point>
          <coordinates>
            36.2084296,50.0258346,0
          </coordinates>
        </Point>
      </Placemark>
      <Placemark>
        <name>вул. Клочківська</name>
        <description>Автобус-77. Маршрутка -277е. Троллейбус-12.</description>
        <styleUrl>#icon-1532-000000</styleUrl>
        <Point>
          <coordinates>
            36.2068907,50.0293376,0
          </coordinates>
        </Point>
      </Placemark>
      <Placemark>
        <name>вул. Шекспіра</name>
        <description>Автобус-77. Маршрутка -277е. Троллейбус-12.</description>
        <styleUrl>#icon-1532-000000</styleUrl>
        <Point>
          <coordinates>
            36.2121755,50.0331501,0
          </coordinates>
        </Point>
      </Placemark>
      <Placemark>
        <name>Станція метро 23 серпня</name>
        <description>Автобус-77. Маршрутка -277е. Троллейбус-12.</description>
        <styleUrl>#icon-1626-000000</styleUrl>
        <Point>
          <coordinates>
            36.2216169,50.034432,0
          </coordinates>
        </Point>
      </Placemark>
      <Placemark>
        <name>Зупинка Павлове Поле</name>
        <description>Автобус-77. Маршрутка -277е. Троллейбус-12.</description>
        <styleUrl>#icon-1720-000000</styleUrl>
        <Point>
          <coordinates>
            36.2251114,50.0347291,0
          </coordinates>
        </Point>
      </Placemark>
      <Placemark>
        <name>Магазин Каштан</name>
        <description>Автобус-77. Маршрутка -277е.</description>
        <styleUrl>#icon-1686-000000</styleUrl>
        <Point>
          <coordinates>
            36.2316989,50.0325209,0
          </coordinates>
        </Point>
      </Placemark>
      <Placemark>
        <name>Канатна дорога</name>
        <description>Автобус-20, 77. Маршрутка-277е.</description>
        <styleUrl>#icon-1586-000000</styleUrl>
        <Point>
          <coordinates>
            36.2360674,50.0307101,0
          </coordinates>
        </Point>
      </Placemark>
      <Placemark>
        <name>Зупинка На вимогу</name>
        <description>Автобус-20, 77. Маршрутка-277е.</description>
        <styleUrl>#icon-1769-000000</styleUrl>
        <Point>
          <coordinates>
            36.2393623,50.032419,0
          </coordinates>
        </Point>
      </Placemark>
      <Placemark>
        <name>вул. Портали</name>
        <description>Автобус-20, 77. Маршрутка-277е.</description>
        <styleUrl>#icon-1532-000000</styleUrl>
        <Point>
          <coordinates>
            36.2419999,50.0350443,0
          </coordinates>
        </Point>
      </Placemark>
      <Placemark>
        <name>Лікарня Швидкої допомоги</name>
        <description>Автобус-20, 77. Маршрутка-277е. . Троллейбус-18.</description>
        <styleUrl>#icon-1624-000000</styleUrl>
        <Point>
          <coordinates>
            36.2464416,50.0383596,0
          </coordinates>
        </Point>
      </Placemark>
    </Folder><Folder><name>Автобус №81</name><Placemark>
        <name>Лінія маршруту</name>
        <styleUrl>#line-A52714-5456-nodesc</styleUrl>
        <LineString>
          <tessellate>1</tessellate>
          <coordinates>
            36.3050962,50.0021376,0
            36.3052847,50.0023061,0
            36.305671,50.0022785,0
            36.3062074,50.0022026,0
            36.3073125,50.0019475,0
            36.308085,50.0016578,0
            36.3109925,50.0004372,0
            36.3154235,49.998451,0
            36.3158205,49.9983476,0
            36.3161209,49.9983338,0
            36.3239529,49.99772,0
            36.3316669,49.9971613,0
            36.338351,49.9966648,0
            36.3394561,49.9965889,0
            36.3408186,49.9965199,0
            36.3421168,49.996513,0
            36.345711,49.9964992,0
            36.3469019,49.996451,0
            36.3485756,49.9964096,0
            36.3502493,49.9962923,0
            36.3512685,49.9961475,0
            36.3535109,49.9957406,0
            36.3552274,49.9952784,0
            36.3558765,49.9950336,0
            36.3563325,49.9947957,0
            36.357341,49.9943405,0
            36.3598409,49.992423,0
            36.3615146,49.9909676,0
            36.3584461,49.9905814,0
            36.358532,49.9901123,0
            36.3589289,49.9890914,0
            36.3597336,49.9861735,0
            36.360152,49.984849,0
            36.3607635,49.984849,0
            36.3637784,49.9855872,0
            36.3639071,49.985663,0
            36.3644543,49.9843109,0
            36.3662889,49.9812065,0
            36.3661709,49.9809995,0
            36.3657417,49.9807994,0
            36.3619805,49.9801894,0
          </coordinates>
        </LineString>
      </Placemark>
      <Placemark>
        <name>Станція метро Академіка Барабашова</name>
        <description>Маршрутка-38е.</description>
        <styleUrl>#icon-1499-A52714</styleUrl>
        <Point>
          <coordinates>
            36.3047525,50.0019343,0
          </coordinates>
        </Point>
      </Placemark>
      <Placemark>
        <name>Остановка пр. Ювілейний</name>
        <description>Маршрутка-38е, 121е, 259е. Автобус – 83, 170 Троллейбус-19, 20, 24, 31, 35.</description>
        <styleUrl>#icon-1532-A52714</styleUrl>
        <Point>
          <coordinates>
            36.3169941,49.9981414,0
          </coordinates>
        </Point>
      </Placemark>
      <Placemark>
        <name>вул. Гвардійців-Широнінців</name>
        <description>Маршрутка-38е, 121е. Автобус – 83, 170 Троллейбус-19, 20, 24.</description>
        <styleUrl>#icon-1532-A52714</styleUrl>
        <Point>
          <coordinates>
            36.3296764,49.9972136,0
          </coordinates>
        </Point>
      </Placemark>
      <Placemark>
        <name>6-а поліклініка</name>
        <description>Маршрутка-38е, 121е. Автобус – 83, 170 Троллейбус-19, 20, 24.</description>
        <styleUrl>#icon-1532-A52714</styleUrl>
        <Point>
          <coordinates>
            36.3358898,49.9967174,0
          </coordinates>
        </Point>
      </Placemark>
      <Placemark>
        <name>Тракторобудівників</name>
        <description>Маршрутка-38е Автобус – 63, 81. Троллейбус-19, 20, 24.</description>
        <styleUrl>#icon-1532-A52714</styleUrl>
        <Point>
          <coordinates>
            36.341383,49.996407,0
          </coordinates>
        </Point>
      </Placemark>
      <Placemark>
        <name>вул. Познанська</name>
        <description>Маршрутка-38е. Автобус – 63, 81. Троллейбус-19, 20, 24.</description>
        <styleUrl>#icon-1532-A52714</styleUrl>
        <Point>
          <coordinates>
            36.3516674,49.9960156,0
          </coordinates>
        </Point>
      </Placemark>
      <Placemark>
        <name>Салтівський РЕМ</name>
        <description>Маршрутка-38е Автобус – 63, 81. Троллейбус-19, 20, 24.</description>
        <styleUrl>#icon-1619-A52714</styleUrl>
        <Point>
          <coordinates>
            36.356871,49.9944569,0
          </coordinates>
        </Point>
      </Placemark>
      <Placemark>
        <name>Остановка 602 мікрорайон</name>
        <description>Маршрутка-38е. Автобус – 81.</description>
        <styleUrl>#icon-1546-A52714</styleUrl>
        <Point>
          <coordinates>
            36.3595424,49.9921118,0
          </coordinates>
        </Point>
      </Placemark>
      <Placemark>
        <name>Остановка Медкомплекс</name>
        <description>Автобус-81, 249.</description>
        <styleUrl>#icon-1624-A52714</styleUrl>
        <Point>
          <coordinates>
            36.3585231,49.9900564,0
          </coordinates>
        </Point>
      </Placemark>
      <Placemark>
        <name>вул. Амосова</name>
        <description>Автобус-81.</description>
        <styleUrl>#icon-1532-A52714</styleUrl>
        <Point>
          <coordinates>
            36.3608355,49.9848981,0
          </coordinates>
        </Point>
      </Placemark>
      <Placemark>
        <name>вул. Сонячна</name>
        <description>Автобус-81, 228.</description>
        <styleUrl>#icon-1700-A52714</styleUrl>
        <Point>
          <coordinates>
            36.3638342,49.98545,0
          </coordinates>
        </Point>
      </Placemark>
      <Placemark>
        <name>вул. Краснодарська</name>
        <description>Автобус-81, 228.</description>
        <styleUrl>#icon-1532-A52714</styleUrl>
        <Point>
          <coordinates>
            36.3658676,49.9810152,0
          </coordinates>
        </Point>
      </Placemark>
    <Placemark>
        <name>Лінія маршруту</name>
        <styleUrl>#line-000000-5263-nodesc</styleUrl>
        <LineString>
          <tessellate>1</tessellate>
          <coordinates>
            36.3619805,49.9801894,0
            36.3567019,49.9796098,0
            36.3555432,49.983901,0
            36.3603926,49.9848392,0
            36.3587618,49.9902473,0
            36.3588047,49.9904543,0
            36.3620019,49.9907854,0
            36.3611436,49.9915441,0
            36.3582898,49.9939237,0
            36.3568092,49.9948548,0
            36.3549316,49.9955446,0
            36.3530218,49.9959997,0
            36.3495565,49.9964963,0
            36.3471317,49.9966067,0
            36.3417888,49.996648,0
            36.3375616,49.9968274,0
            36.3339567,49.997117,0
            36.3270044,49.9975998,0
            36.3193011,49.9982067,0
            36.3159323,49.9984826,0
            36.3106537,50.0006894,0
            36.3075638,50.0019445,0
            36.3064909,50.002248,0
            36.3054395,50.0023721,0
            36.3030362,50.0023169,0
            36.3035727,50.0019169,0
            36.3040233,50.0017376,0
            36.3044953,50.0017514,0
            36.3050962,50.0021376,0
          </coordinates>
        </LineString>
      </Placemark>
      <Placemark>
        <name>вул. Велозаводська</name>
        <description>Автобус-81.</description>
        <styleUrl>#icon-1532-000000</styleUrl>
        <Point>
          <coordinates>
            36.3566804,49.9799548,0
          </coordinates>
        </Point>
      </Placemark>
      <Placemark>
        <name>Зупинка 626 м/p</name>
        <description>Автобус-81, 228.</description>
        <styleUrl>#icon-1499-000000</styleUrl>
        <Point>
          <coordinates>
            36.3623593,49.9803391,0
          </coordinates>
        </Point>
      </Placemark>
      <Placemark>
        <name>Остановка 602 м/р</name>
        <description>Автобус-81, 83, 249.</description>
        <styleUrl>#icon-1546-000000</styleUrl>
        <Point>
          <coordinates>
            36.3590805,49.9903624,0
          </coordinates>
        </Point>
      </Placemark>
      <Placemark>
        <name>Остановка 602 м/р</name>
        <description>Маршрутка-38е. Автобус – 81.</description>
        <styleUrl>#icon-1546-000000</styleUrl>
        <Point>
          <coordinates>
            36.3603092,49.9924479,0
          </coordinates>
        </Point>
      </Placemark>
      <Placemark>
        <name>Салтівський РЕМ</name>
        <description>Маршрутка-38е Автобус – 63, 81. Троллейбус-19, 20, 24.</description>
        <styleUrl>#icon-1619-000000</styleUrl>
        <Point>
          <coordinates>
            36.3564016,49.9950365,0
          </coordinates>
        </Point>
      </Placemark>
      <Placemark>
        <name>вул. Познанська</name>
        <description>Маршрутка-38е. Автобус – 63, 81. Троллейбус-19, 20, 24.</description>
        <styleUrl>#icon-1532-000000</styleUrl>
        <Point>
          <coordinates>
            36.3511716,49.9963791,0
          </coordinates>
        </Point>
      </Placemark>
      <Placemark>
        <name>Остановка 603-й мікрорайон</name>
        <description>Маршрутка-38е Автобус – 63, 81. Троллейбус-19, 20, 24.</description>
        <styleUrl>#icon-1532-000000</styleUrl>
        <Point>
          <coordinates>
            36.3464792,49.9967726,0
          </coordinates>
        </Point>
      </Placemark>
      <Placemark>
        <name>Тракторобудівників</name>
        <description>Маршрутка-38е Автобус – 63, 81. Троллейбус-19, 20, 24.</description>
        <styleUrl>#icon-1532-000000</styleUrl>
        <Point>
          <coordinates>
            36.3393183,49.9967734,0
          </coordinates>
        </Point>
      </Placemark>
      <Placemark>
        <name>вул. Гвардійців Широнінців</name>
        <description>Маршрутка-38е, 121е. Автобус – 83, 170 Троллейбус-19, 20, 24.</description>
        <styleUrl>#icon-1532-000000</styleUrl>
        <Point>
          <coordinates>
            36.3296492,49.9975188,0
          </coordinates>
        </Point>
      </Placemark>
      <Placemark>
        <name>Остановка пр. Льва Ландау</name>
        <description>Маршрутка-38е, 121е, 259е. Автобус – 83, 170 Троллейбус-19, 20, 24, 31, 35.</description>
        <styleUrl>#icon-1532-000000</styleUrl>
        <Point>
          <coordinates>
            36.3149218,49.9989739,0
          </coordinates>
        </Point>
      </Placemark>
      <Placemark>
        <name>Остановка 625 м/р</name>
        <description>Автобус-81, 228.</description>
        <styleUrl>#icon-1546-000000</styleUrl>
        <Point>
          <coordinates>
            36.3562298,49.9838458,0
          </coordinates>
        </Point>
      </Placemark>
      <Placemark>
        <name>вул. Амосова</name>
        <description>Автобус-81, 228, 249.</description>
        <styleUrl>#icon-1532-000000</styleUrl>
        <Point>
          <coordinates>
            36.3595987,49.9845633,0
          </coordinates>
        </Point>
      </Placemark>
    </Folder><Folder><name>Автобус №83</name><Placemark>
        <name>Лінія маршруту</name>
        <styleUrl>#line-A52714-5069-nodesc</styleUrl>
        <LineString>
          <tessellate>1</tessellate>
          <coordinates>
            36.3048126,50.0020117,0
            36.3049843,50.0021427,0
            36.3052203,50.0023358,0
            36.3053812,50.0023565,0
            36.3059069,50.0023082,0
            36.3066258,50.002191,0
            36.3070978,50.002053,0
            36.3079132,50.0017151,0
            36.3093294,50.0011221,0
            36.3105203,50.0006117,0
            36.3114537,50.0001635,0
            36.3126446,49.99966,0
            36.3147582,49.9987566,0
            36.3153805,49.9984669,0
            36.3159599,49.9983359,0
            36.3164963,49.9982945,0
            36.3175799,49.9982325,0
            36.3184489,49.9981842,0
            36.3199832,49.9980325,0
            36.3230409,49.9977842,0
            36.3256373,49.9975842,0
            36.3274397,49.99746,0
            36.329328,49.997329,0
            36.3311948,49.9971911,0
            36.3346388,49.9969152,0
            36.3364519,49.9967635,0
            36.338823,49.9966048,0
            36.3401319,49.996529,0
            36.3407542,49.9965221,0
            36.342267,49.9965014,0
            36.3431789,49.9964945,0
            36.3441445,49.9964945,0
            36.34452,49.9965014,0
            36.3456465,49.9964876,0
            36.3471593,49.9964462,0
            36.3485541,49.9964324,0
            36.3498844,49.9963152,0
            36.350614,49.9962669,0
            36.351483,49.9961083,0
            36.3523628,49.99596,0
            36.3533766,49.9957565,0
            36.354074,49.9956048,0
            36.3547446,49.9954083,0
            36.3551684,49.9952824,0
            36.3557478,49.9950737,0
            36.356826,49.9946047,0
            36.3574268,49.9942736,0
            36.3580383,49.9938529,0
            36.3588537,49.9932597,0
            36.3603665,49.9919975,0
            36.3611497,49.9912595,0
            36.361654,49.9908249,0
            36.3620509,49.9907973,0
            36.3629092,49.9909077,0
            36.3640787,49.9911215,0
            36.3656773,49.991494,0
            36.3674797,49.99217,0
            36.3699259,49.9933701,0
            36.3739814,49.9957151,0
            36.3743676,49.9954944,0
            36.3757838,49.9937977,0
            36.3793137,49.9898833,0
            36.3794102,49.9896592,0
            36.3797803,49.9888695,0
            36.3803907,49.98742,0
            36.3808613,49.9863843,0
            36.3813428,49.9854625,0
            36.3819969,49.9850475,0
            36.3831446,49.9847153,0
            36.3836647,49.9818023,0
            36.3837101,49.9813054,0
            36.3839807,49.9801738,0
            36.384426,49.9788836,0
            36.3846647,49.9780074,0
            36.3851608,49.9769793,0
            36.3861049,49.9769793,0
            36.3900531,49.9770897,0
            36.3946022,49.9768413,0
            36.3969948,49.9767034,0
            36.399516,49.9767585,0
            36.4010609,49.9768965,0
            36.4024986,49.9771035,0
            36.406361,49.9779866,0
            36.4088286,49.9788007,0
            36.4095904,49.9764687,0
            36.4106847,49.9739433,0
            36.4110495,49.9730601,0
            36.4086356,49.9723425,0
          </coordinates>
        </LineString>
      </Placemark>
      <Placemark>
        <name>Станція метро Академіка Барабашова</name>
        <description>Маршрутка-38е.</description>
        <styleUrl>#icon-1499-A52714</styleUrl>
        <Point>
          <coordinates>
            36.3047525,50.0019343,0
          </coordinates>
        </Point>
      </Placemark>
      <Placemark>
        <name>Остановка пр. Ювілейний</name>
        <description>Маршрутка-38е, 121е, 259е. Автобус – 83, 170 Троллейбус-19, 20, 24, 31, 35.</description>
        <styleUrl>#icon-1532-A52714</styleUrl>
        <Point>
          <coordinates>
            36.3169941,49.9981414,0
          </coordinates>
        </Point>
      </Placemark>
      <Placemark>
        <name>вул. Гвардійців-Широнінців</name>
        <description>Маршрутка-38е, 121е. Автобус – 83, 170 Троллейбус-19, 20, 24.</description>
        <styleUrl>#icon-1532-A52714</styleUrl>
        <Point>
          <coordinates>
            36.3296764,49.9972136,0
          </coordinates>
        </Point>
      </Placemark>
      <Placemark>
        <name>6-а поліклініка</name>
        <description>Маршрутка-38е, 121е. Автобус – 83, 170 Троллейбус-19, 20, 24.</description>
        <styleUrl>#icon-1532-A52714</styleUrl>
        <Point>
          <coordinates>
            36.3358898,49.9967174,0
          </coordinates>
        </Point>
      </Placemark>
      <Placemark>
        <name>Тракторобудівників</name>
        <description>Маршрутка-38е Автобус – 63, 81. Троллейбус-19, 20, 24.</description>
        <styleUrl>#icon-1532-A52714</styleUrl>
        <Point>
          <coordinates>
            36.341383,49.996407,0
          </coordinates>
        </Point>
      </Placemark>
      <Placemark>
        <name>вул. Познанська</name>
        <description>Маршрутка-38е. Автобус – 63, 81. Троллейбус-19, 20, 24.</description>
        <styleUrl>#icon-1532-A52714</styleUrl>
        <Point>
          <coordinates>
            36.3516674,49.9960156,0
          </coordinates>
        </Point>
      </Placemark>
      <Placemark>
        <name>Салтівський РЕМ</name>
        <description>Маршрутка-38е Автобус – 63, 81. Троллейбус-19, 20, 24.</description>
        <styleUrl>#icon-1619-A52714</styleUrl>
        <Point>
          <coordinates>
            36.356871,49.9944569,0
          </coordinates>
        </Point>
      </Placemark>
      <Placemark>
        <name>Остановка 602 мікрорайон</name>
        <description>Маршрутка-38е. Автобус – 81.</description>
        <styleUrl>#icon-1546-A52714</styleUrl>
        <Point>
          <coordinates>
            36.3595424,49.9921118,0
          </coordinates>
        </Point>
      </Placemark>
      <Placemark>
        <name>вул. Драгоманова</name>
        <description>Маршрут 38е.</description>
        <styleUrl>#icon-1532-A52714</styleUrl>
        <Point>
          <coordinates>
            36.3632867,49.9909048,0
          </coordinates>
        </Point>
      </Placemark>
      <Placemark>
        <name>Остановка поворот на Хлібозавод</name>
        <description>Маршрутка-38е.</description>
        <styleUrl>#icon-1532-A52714</styleUrl>
        <Point>
          <coordinates>
            36.3760051,49.9934914,0
          </coordinates>
        </Point>
      </Placemark>
      <Placemark>
        <name>вул. 7 Гвардійської Армії</name>
        <description>Маршрутка-38е.</description>
        <styleUrl>#icon-1532-A52714</styleUrl>
        <Point>
          <coordinates>
            36.3792993,49.9895862,0
          </coordinates>
        </Point>
      </Placemark>
      <Placemark>
        <name>Кулиничівська селищна рада</name>
        <description>Автобус-83.</description>
        <styleUrl>#icon-1548-A52714</styleUrl>
        <Point>
          <coordinates>
            36.3816653,49.9852393,0
          </coordinates>
        </Point>
      </Placemark>
      <Placemark>
        <name>вул. Куліничівська</name>
        <description>Автобус-83.</description>
        <styleUrl>#icon-1532-A52714</styleUrl>
        <Point>
          <coordinates>
            36.3836647,49.9818023,0
          </coordinates>
        </Point>
      </Placemark>
      <Placemark>
        <name>Зупинка Поворот</name>
        <description>Автобус-83.</description>
        <styleUrl>#icon-1532-A52714</styleUrl>
        <Point>
          <coordinates>
            36.3851245,49.9771626,0
          </coordinates>
        </Point>
      </Placemark>
    <Placemark>
        <name>Лінія маршруту</name>
        <styleUrl>#line-000000-5263-nodesc</styleUrl>
        <LineString>
          <tessellate>1</tessellate>
          <coordinates>
            36.4086332,49.9722573,0
            36.4111652,49.9729887,0
            36.4111545,49.973175,0
            36.4090087,49.978757,0
            36.4088478,49.9789364,0
            36.4038588,49.9774875,0
            36.4024105,49.9771701,0
            36.3999965,49.9768872,0
            36.3984193,49.9768113,0
            36.3969924,49.9768251,0
            36.3954796,49.9769148,0
            36.3914241,49.9771218,0
            36.3902547,49.9771977,0
            36.3895144,49.9772184,0
            36.3883342,49.9771494,0
            36.3869717,49.9771011,0
            36.3852765,49.9770459,0
            36.3850727,49.9773702,0
            36.3849117,49.9777359,0
            36.3847401,49.978274,0
            36.3840534,49.9805232,0
            36.3836028,49.9829792,0
            36.3833024,49.9847798,0
            36.3831844,49.9848833,0
            36.3822081,49.9850971,0
            36.3817253,49.9853524,0
            36.3815,49.9855593,0
            36.3802876,49.9881186,0
            36.3795473,49.9896982,0
            36.3792469,49.9901741,0
            36.3777234,49.9918296,0
            36.3761248,49.9936436,0
            36.3766076,49.993754,0
            36.3789572,49.9941678,0
            36.3804378,49.9944437,0
            36.3814678,49.9947541,0
            36.3821437,49.9950161,0
            36.3826909,49.9951679,0
            36.3830664,49.9950851,0
            36.3841285,49.9940988,0
            36.3860919,49.9922434,0
            36.3873043,49.9911467,0
            36.387787,49.9908639,0
            36.388184,49.9906708,0
            36.3889565,49.9903673,0
            36.3895788,49.9900569,0
            36.3899543,49.9897189,0
            36.3909413,49.9887187,0
            36.390834,49.9889463,0
            36.3902225,49.9895533,0
            36.3897504,49.9900983,0
            36.3893964,49.9902638,0
            36.387948,49.9908777,0
            36.387433,49.991195,0
            36.3867785,49.9917399,0
            36.384386,49.9939678,0
            36.383356,49.9949817,0
            36.3829483,49.9952299,0
            36.382723,49.9952644,0
            36.3803305,49.9944989,0
            36.376511,49.9938298,0
            36.3760497,49.9937402,0
            36.3745155,49.9954989,0
            36.3741185,49.9957955,0
            36.3739254,49.9958645,0
            36.3703098,49.9938505,0
            36.3682606,49.9927814,0
            36.3671877,49.9922503,0
            36.3663723,49.9919055,0
            36.3649346,49.9915054,0
            36.3638725,49.9912916,0
            36.3626279,49.9910846,0
            36.3621129,49.991064,0
            36.3615872,49.991195,0
            36.3605251,49.9921676,0
            36.3591196,49.9932987,0
            36.3571884,49.9945885,0
            36.3563086,49.9949748,0
            36.354871,49.9955196,0
            36.353444,49.9958507,0
            36.3524677,49.9960783,0
            36.3507833,49.9963266,0
            36.349689,49.9964438,0
            36.3485302,49.9965197,0
            36.3470175,49.9966024,0
            36.3412668,49.9966231,0
            36.3402261,49.9966438,0
            36.3350119,49.9969956,0
            36.3332846,49.9971542,0
            36.3244762,49.9977887,0
            36.320646,49.9980921,0
            36.316097,49.9984439,0
            36.3156893,49.9985128,0
            36.3122024,50.0000025,0
            36.3071706,50.0021058,0
            36.3066985,50.0022644,0
            36.3059046,50.0024092,0
            36.3047673,50.0024023,0
            36.3032224,50.002292,0
            36.3033833,50.0020575,0
            36.3039197,50.0018438,0
            36.3043811,50.0018438,0
            36.3045957,50.0018713,0
            36.3048126,50.0020117,0
          </coordinates>
        </LineString>
      </Placemark>
      <Placemark>
        <name>Остановка сел. Заїки</name>
        <description>Автобус-83.</description>
        <styleUrl>#icon-1499-000000</styleUrl>
        <Point>
          <coordinates>
            36.4089357,49.9722166,0
          </coordinates>
        </Point>
      </Placemark>
      <Placemark>
        <name>Зупинка Поворот</name>
        <description>Автобус-83.</description>
        <styleUrl>#icon-1532-000000</styleUrl>
        <Point>
          <coordinates>
            36.3853581,49.9768875,0
          </coordinates>
        </Point>
      </Placemark>
      <Placemark>
        <name>Кулиничівська селищна рада</name>
        <description>Автобус-83.</description>
        <styleUrl>#icon-1548-000000</styleUrl>
        <Point>
          <coordinates>
            36.3820623,49.9851566,0
          </coordinates>
        </Point>
      </Placemark>
      <Placemark>
        <name>вул. 7 Гвардійської Армії</name>
        <description>Автобус-83. Маршрутка -38е.</description>
        <styleUrl>#icon-1532-000000</styleUrl>
        <Point>
          <coordinates>
            36.3797143,49.9896669,0
          </coordinates>
        </Point>
      </Placemark>
      <Placemark>
        <name>Остановка Кулиничі</name>
        <description>Маршрутка-38е.</description>
        <styleUrl>#icon-1532-000000</styleUrl>
        <Point>
          <coordinates>
            36.3910032,49.9888271,0
          </coordinates>
        </Point>
      </Placemark>
      <Placemark>
        <name>Хлібзавод прохідна</name>
        <description>Маршрутка-38е.</description>
        <styleUrl>#icon-1565-000000</styleUrl>
        <Point>
          <coordinates>
            36.3869799,49.9914931,0
          </coordinates>
        </Point>
      </Placemark>
      <Placemark>
        <name>Хлібзавод прохідна</name>
        <description>Маршрутка-38е.</description>
        <styleUrl>#icon-1565-000000</styleUrl>
        <Point>
          <coordinates>
            36.3872387,49.9914003,0
          </coordinates>
        </Point>
      </Placemark>
      <Placemark>
        <name>Хлібзавод виїзд</name>
        <description>Маршрутка-38е.</description>
        <styleUrl>#icon-1565-000000</styleUrl>
        <Point>
          <coordinates>
            36.3852409,49.993305,0
          </coordinates>
        </Point>
      </Placemark>
      <Placemark>
        <name>Хлібозавод виїзд</name>
        <description>Маршрутка-38е.</description>
        <styleUrl>#icon-1565-000000</styleUrl>
        <Point>
          <coordinates>
            36.3849414,49.9933968,0
          </coordinates>
        </Point>
      </Placemark>
      <Placemark>
        <name>Остановка поворот на хлібзавод</name>
        <description>Маршрутка-38е.</description>
        <styleUrl>#icon-1532-000000</styleUrl>
        <Point>
          <coordinates>
            36.3756524,49.9941783,0
          </coordinates>
        </Point>
      </Placemark>
      <Placemark>
        <name>вул. Грищенко</name>
        <description>Маршрушка-38е.</description>
        <styleUrl>#icon-1532-000000</styleUrl>
        <Point>
          <coordinates>
            36.3812185,49.9947969,0
          </coordinates>
        </Point>
      </Placemark>
      <Placemark>
        <name>вул. Грищенко</name>
        <description>Маршрутка-38е.</description>
        <styleUrl>#icon-1532-000000</styleUrl>
        <Point>
          <coordinates>
            36.3809065,49.9947486,0
          </coordinates>
        </Point>
      </Placemark>
      <Placemark>
        <name>вул. Драгоманова</name>
        <description>Маршрутка-38е.</description>
        <styleUrl>#icon-1532-000000</styleUrl>
        <Point>
          <coordinates>
            36.3625996,49.9911832,0
          </coordinates>
        </Point>
      </Placemark>
      <Placemark>
        <name>Остановка 602 м/р</name>
        <description>Маршрутка-38е. Автобус – 81.</description>
        <styleUrl>#icon-1546-000000</styleUrl>
        <Point>
          <coordinates>
            36.3603092,49.9924479,0
          </coordinates>
        </Point>
      </Placemark>
      <Placemark>
        <name>Салтівський РЕМ</name>
        <description>Маршрутка-38е Автобус – 63, 81. Троллейбус-19, 20, 24.</description>
        <styleUrl>#icon-1619-000000</styleUrl>
        <Point>
          <coordinates>
            36.3564016,49.9950365,0
          </coordinates>
        </Point>
      </Placemark>
      <Placemark>
        <name>вул. Познанська</name>
        <description>Маршрутка-38е. Автобус – 63, 81. Троллейбус-19, 20, 24.</description>
        <styleUrl>#icon-1532-000000</styleUrl>
        <Point>
          <coordinates>
            36.3511716,49.9963791,0
          </coordinates>
        </Point>
      </Placemark>
      <Placemark>
        <name>Остановка 603-й мікрорайон</name>
        <description>Маршрутка-38е Автобус – 63, 81. Троллейбус-19, 20, 24.</description>
        <styleUrl>#icon-1532-000000</styleUrl>
        <Point>
          <coordinates>
            36.3464792,49.9967726,0
          </coordinates>
        </Point>
      </Placemark>
      <Placemark>
        <name>Тракторобудівників</name>
        <description>Маршрутка-38е Автобус – 63, 81. Троллейбус-19, 20, 24.</description>
        <styleUrl>#icon-1532-000000</styleUrl>
        <Point>
          <coordinates>
            36.3393183,49.9967734,0
          </coordinates>
        </Point>
      </Placemark>
      <Placemark>
        <name>вул. Гвардійців Широнінців</name>
        <description>Маршрутка-38е, 121е. Автобус – 83, 170 Троллейбус-19, 20, 24.</description>
        <styleUrl>#icon-1532-000000</styleUrl>
        <Point>
          <coordinates>
            36.3296492,49.9975188,0
          </coordinates>
        </Point>
      </Placemark>
      <Placemark>
        <name>Остановка пр. Льва Ландау</name>
        <description>Маршрутка-38е, 121е, 259е. Автобус – 83, 170 Троллейбус-19, 20, 24, 31, 35.</description>
        <styleUrl>#icon-1532-000000</styleUrl>
        <Point>
          <coordinates>
            36.3149218,49.9989739,0
          </coordinates>
        </Point>
      </Placemark>
      <Placemark>
        <name>вул. Куліничівська</name>
        <description>Автобус-83.</description>
        <styleUrl>#icon-1532-000000</styleUrl>
        <Point>
          <coordinates>
            36.3838578,49.9818092,0
          </coordinates>
        </Point>
      </Placemark>
    </Folder><Folder><name>Автобус №96</name><Placemark>
        <name>Лінія маршруту</name>
        <styleUrl>#line-A52714-5069-nodesc</styleUrl>
        <LineString>
          <tessellate>1</tessellate>
          <coordinates>
            36.2306643,50.0060024,0
            36.2303639,50.0062478,0
            36.2298275,50.0065305,0
            36.2293125,50.0066753,0
            36.228937,50.0066891,0
            36.2285615,50.0077648,0
            36.2286687,50.0079785,0
            36.2296022,50.0080268,0
            36.2303639,50.0079854,0
            36.2311256,50.0077924,0
            36.2316835,50.0075372,0
            36.2329925,50.0069167,0
            36.2341619,50.0064822,0
            36.2360395,50.0057996,0
            36.2364472,50.0056893,0
            36.2365759,50.0059237,0
            36.2369514,50.0064547,0
            36.237402,50.0070615,0
            36.2376917,50.0074476,0
            36.2378848,50.0076407,0
            36.2384105,50.0081026,0
            36.2394834,50.0090266,0
            36.2402559,50.0096678,0
            36.2417687,50.0111158,0
            36.2448371,50.0137702,0
            36.248163,50.016714,0
            36.2508989,50.0190854,0
            36.2540639,50.0219807,0
            36.2565959,50.0245656,0
            36.2583983,50.0264748,0
            36.2591279,50.0272123,0
            36.262368,50.0305413,0
            36.2652755,50.0335254,0
            36.2679792,50.036282,0
            36.2712408,50.0396172,0
            36.2747598,50.0432071,0
            36.2751782,50.0436756,0
            36.2753392,50.0440477,0
            36.2754357,50.0446678,0
            36.2753499,50.0452672,0
            36.2750924,50.0459493,0
            36.2728823,50.0506134,0
            36.270876,50.054788,0
            36.2690521,50.0585766,0
            36.266917,50.063088,0
            36.2653399,50.06638,0
            36.2648249,50.0677711,0
            36.2644923,50.069114,0
            36.2637735,50.071896,0
            36.2627113,50.0761996,0
            36.2616921,50.0801999,0
            36.2608338,50.0834838,0
            36.2601579,50.0863063,0
            36.2600613,50.0867813,0
            36.2599969,50.0870636,0
            36.2599863,50.0873321,0
            36.2596751,50.087277,0
            36.2582267,50.0871462,0
            36.2578512,50.0870292,0
            36.25754,50.0870016,0
            36.2568641,50.086802,0
            36.2538279,50.0858727,0
            36.2535704,50.0857832,0
            36.2480021,50.0840139,0
            36.2425197,50.0822859,0
            36.242584,50.0822102,0
            36.2428003,50.0822851,0
          </coordinates>
        </LineString>
      </Placemark>
      <Placemark>
        <name>Станція метро Держпром</name>
        <description>Автобус-96.</description>
        <styleUrl>#icon-1499-A52714</styleUrl>
        <Point>
          <coordinates>
            36.230666,50.0059987,0
          </coordinates>
        </Point>
      </Placemark>
      <Placemark>
        <name>Станція метро Університет</name>
        <description>Автобус-31, 47, 96. Троллейбус -2, 58.</description>
        <styleUrl>#icon-1626-A52714</styleUrl>
        <Point>
          <coordinates>
            36.235651,50.0057731,0
          </coordinates>
        </Point>
      </Placemark>
      <Placemark>
        <name>вул. Миколи Хвильового</name>
        <description>Автобус-31, 62, 96. Троллейбус -2, 40, 55.</description>
        <styleUrl>#icon-1532-A52714</styleUrl>
        <Point>
          <coordinates>
            36.2414427,50.010797,0
          </coordinates>
        </Point>
      </Placemark>
      <Placemark>
        <name>вул. Олеся Гончара</name>
        <description>Автобус-31, 62, 96. Троллейбус -2, 40, 55.</description>
        <styleUrl>#icon-1532-A52714</styleUrl>
        <Point>
          <coordinates>
            36.2438296,50.0128826,0
          </coordinates>
        </Point>
      </Placemark>
      <Placemark>
        <name>Центральний парк</name>
        <description>Автобус-31, 62, 96. Троллейбус -2, 40, 55.</description>
        <styleUrl>#icon-1720-A52714</styleUrl>
        <Point>
          <coordinates>
            36.2482799,50.0164297,0
          </coordinates>
        </Point>
      </Placemark>
      <Placemark>
        <name>Зупинка Дитяча Залізниця</name>
        <description>Автобус-31, 33, 62, 63, 96. Троллейбус -2, 12.</description>
        <styleUrl>#icon-1662-A52714</styleUrl>
        <Point>
          <coordinates>
            36.2526686,50.0206698,0
          </coordinates>
        </Point>
      </Placemark>
      <Placemark>
        <name>Зупинка Сокільники</name>
        <description>Автобус-31, 33, 62, 63, 96. Троллейбус -2, 12, 55.</description>
        <styleUrl>#icon-1532-A52714</styleUrl>
        <Point>
          <coordinates>
            36.2590143,50.0268941,0
          </coordinates>
        </Point>
      </Placemark>
      <Placemark>
        <name>Велоцентр</name>
        <description>Автобус-31, 33, 62, 63, 96. Троллейбус -2, 12, 55.</description>
        <styleUrl>#icon-1522-A52714</styleUrl>
        <Point>
          <coordinates>
            36.2638452,50.0319047,0
          </coordinates>
        </Point>
      </Placemark>
      <Placemark>
        <name>Меморіал Слави</name>
        <description>Автобус-31, 33, 62, 63, 96. Троллейбус -2, 12.</description>
        <styleUrl>#icon-1600-A52714</styleUrl>
        <Point>
          <coordinates>
            36.2693384,50.0376142,0
          </coordinates>
        </Point>
      </Placemark>
      <Placemark>
        <name>Остановка Лісопарк</name>
        <description>Автобус-31, 33, 62, 63, 96. Троллейбус -2, 12.</description>
        <styleUrl>#icon-1720-A52714</styleUrl>
        <Point>
          <coordinates>
            36.2718952,50.0401532,0
          </coordinates>
        </Point>
      </Placemark>
      <Placemark>
        <name>Остановка ш. Харківське</name>
        <description>Автобус-96.</description>
        <styleUrl>#icon-1532-A52714</styleUrl>
        <Point>
          <coordinates>
            36.2755001,50.0444114,0
          </coordinates>
        </Point>
      </Placemark>
      <Placemark>
        <name>Дубовий гай.</name>
        <description>Автобус-96.</description>
        <styleUrl>#icon-1886-A52714</styleUrl>
        <Point>
          <coordinates>
            36.2728471,50.0507592,0
          </coordinates>
        </Point>
      </Placemark>
      <Placemark>
        <name>Зупинка Кабанова Дача</name>
        <description>Автобус-96.</description>
        <styleUrl>#icon-1532-A52714</styleUrl>
        <Point>
          <coordinates>
            36.2703548,50.0559874,0
          </coordinates>
        </Point>
      </Placemark>
      <Placemark>
        <name>Харківська Швейцарія</name>
        <description>Автобус-96.</description>
        <styleUrl>#icon-1634-A52714</styleUrl>
        <Point>
          <coordinates>
            36.2666,50.0639594,0
          </coordinates>
        </Point>
      </Placemark>
      <Placemark>
        <name>Дубовий гай.</name>
        <description>Автобус-96.</description>
        <styleUrl>#icon-1886-A52714</styleUrl>
        <Point>
          <coordinates>
            36.2646474,50.0688011,0
          </coordinates>
        </Point>
      </Placemark>
      <Placemark>
        <name>Зупинка На вимогу</name>
        <description>Автобус-96.</description>
        <styleUrl>#icon-1769-A52714</styleUrl>
        <Point>
          <coordinates>
            36.2633131,50.07512,0
          </coordinates>
        </Point>
      </Placemark>
      <Placemark>
        <name>Остановка ш. Харківське</name>
        <description>Автобус-96.</description>
        <styleUrl>#icon-1532-A52714</styleUrl>
        <Point>
          <coordinates>
            36.2620486,50.0786865,0
          </coordinates>
        </Point>
      </Placemark>
      <Placemark>
        <name>Зупинка жертв тоталітаризму</name>
        <description>Автобус-96.</description>
        <styleUrl>#icon-1600-A52714</styleUrl>
        <Point>
          <coordinates>
            36.2617141,50.080468,0
          </coordinates>
        </Point>
      </Placemark>
      <Placemark>
        <name>Остановка Ромашка</name>
        <description>Автобус-96.</description>
        <styleUrl>#icon-1532-A52714</styleUrl>
        <Point>
          <coordinates>
            36.2608236,50.0838272,0
          </coordinates>
        </Point>
      </Placemark>
      <Placemark>
        <name>Остановка пр. Курчатова</name>
        <description>Автобус-96.</description>
        <styleUrl>#icon-1532-A52714</styleUrl>
        <Point>
          <coordinates>
            36.2574118,50.0869113,0
          </coordinates>
        </Point>
      </Placemark>
      <Placemark>
        <name>Харківський фізико-технічний інститут</name>
        <description>Автобус-96.</description>
        <styleUrl>#icon-1532-A52714</styleUrl>
        <Point>
          <coordinates>
            36.252658,50.0855469,0
          </coordinates>
        </Point>
      </Placemark>
      <Placemark>
        <name>Остановка П'ятихатки</name>
        <description>Автобус-96.</description>
        <styleUrl>#icon-1532-A52714</styleUrl>
        <Point>
          <coordinates>
            36.24309,50.0824916,0
          </coordinates>
        </Point>
      </Placemark>
    <Placemark>
        <name>Лінія маршруту</name>
        <styleUrl>#line-000000-5069-nodesc</styleUrl>
        <LineString>
          <tessellate>1</tessellate>
          <coordinates>
            36.2428003,50.0822851,0
            36.2463408,50.0833935,0
            36.2536901,50.0857479,0
            36.2536257,50.0858856,0
            36.2521773,50.0876961,0
            36.2546986,50.0884808,0
            36.2554389,50.0886942,0
            36.2557607,50.0887906,0
            36.2563401,50.0890521,0
            36.2570911,50.0896097,0
            36.2588828,50.0923768,0
            36.2591403,50.0927691,0
            36.2622409,50.0919294,0
            36.2614577,50.0907524,0
            36.2606853,50.0895133,0
            36.2603527,50.0889971,0
            36.2601166,50.0884739,0
            36.2599986,50.0881573,0
            36.2598591,50.0876754,0
            36.2597948,50.0872004,0
            36.2599235,50.0864363,0
            36.2603205,50.0850595,0
            36.2610071,50.0822369,0
            36.2616938,50.079483,0
            36.2625199,50.076185,0
            36.2633031,50.0732035,0
            36.2641721,50.0696916,0
            36.2647944,50.0673846,0
            36.2649661,50.066875,0
            36.2651485,50.0665031,0
            36.265363,50.0660141,0
            36.2655991,50.0654356,0
            36.2658458,50.0649536,0
            36.2662643,50.064072,0
            36.2666398,50.0633213,0
            36.2677878,50.0608831,0
            36.2687426,50.0588719,0
            36.2701374,50.0559996,0
            36.270588,50.0550007,0
            36.2714785,50.0530926,0
            36.2718218,50.0524244,0
            36.2735384,50.0488765,0
            36.274783,50.0462171,0
            36.2750619,50.0456246,0
            36.2752014,50.0452388,0
            36.275255,50.0446876,0
            36.2752014,50.0442122,0
            36.2750726,50.0437506,0
            36.2724977,50.0410909,0
            36.2711781,50.0397541,0
            36.2683778,50.0368806,0
            36.2644618,50.0329043,0
            36.2609106,50.029293,0
            36.2574559,50.0257572,0
            36.2562221,50.0244269,0
            36.2550419,50.0231999,0
            36.2534648,50.0216352,0
            36.2513404,50.019705,0
            36.2499242,50.0184504,0
            36.246255,50.0152585,0
            36.2414377,50.010977,0
            36.2397855,50.009467,0
            36.2379616,50.0079018,0
            36.2376075,50.0075571,0
            36.2367707,50.0064469,0
            36.2363308,50.005785,0
            36.2358587,50.0045575,0
            36.2334018,50.0048816,0
            36.2318783,50.0051437,0
            36.230666,50.0059987,0
          </coordinates>
        </LineString>
      </Placemark>
      <Placemark>
        <name>Остановка П'ятихатки</name>
        <description>Автобус-96.</description>
        <styleUrl>#icon-1499-000000</styleUrl>
        <Point>
          <coordinates>
            36.2431758,50.0822851,0
          </coordinates>
        </Point>
      </Placemark>
      <Placemark>
        <name>вул. Академічна</name>
        <description>Автобус-96.</description>
        <styleUrl>#icon-1532-000000</styleUrl>
        <Point>
          <coordinates>
            36.2525195,50.0874735,0
          </coordinates>
        </Point>
      </Placemark>
      <Placemark>
        <name>вул. Академіка Вальтера</name>
        <description>Автобус-96.</description>
        <styleUrl>#icon-1532-000000</styleUrl>
        <Point>
          <coordinates>
            36.2579482,50.090835,0
          </coordinates>
        </Point>
      </Placemark>
      <Placemark>
        <name>вул. Гаркуші</name>
        <description>Автобус-96.</description>
        <styleUrl>#icon-1532-000000</styleUrl>
        <Point>
          <coordinates>
            36.2602979,50.0889144,0
          </coordinates>
        </Point>
      </Placemark>
      <Placemark>
        <name>Остановка Ромашка</name>
        <description>Автобус-96.</description>
        <styleUrl>#icon-1532-000000</styleUrl>
        <Point>
          <coordinates>
            36.2605875,50.0832627,0
          </coordinates>
        </Point>
      </Placemark>
      <Placemark>
        <name>Меморіал жертвам тоталітаризму</name>
        <description>Автобус-96.</description>
        <styleUrl>#icon-1600-000000</styleUrl>
        <Point>
          <coordinates>
            36.26148,50.0802382,0
          </coordinates>
        </Point>
      </Placemark>
      <Placemark>
        <name>Остановка ш. Харківське</name>
        <description>Автобус-96.</description>
        <styleUrl>#icon-1532-000000</styleUrl>
        <Point>
          <coordinates>
            36.2619628,50.0781632,0
          </coordinates>
        </Point>
      </Placemark>
      <Placemark>
        <name>Зупинка На вимогу</name>
        <description>Автобус-96.</description>
        <styleUrl>#icon-1769-000000</styleUrl>
        <Point>
          <coordinates>
            36.2627788,50.075008,0
          </coordinates>
        </Point>
      </Placemark>
      <Placemark>
        <name>Дубовий гай.</name>
        <description>Автобус-96.</description>
        <styleUrl>#icon-1886-000000</styleUrl>
        <Point>
          <coordinates>
            36.2644113,50.0684981,0
          </coordinates>
        </Point>
      </Placemark>
      <Placemark>
        <name>Харківська Швейцарія</name>
        <description>Автобус-96.</description>
        <styleUrl>#icon-1634-000000</styleUrl>
        <Point>
          <coordinates>
            36.2664788,50.0637103,0
          </coordinates>
        </Point>
      </Placemark>
      <Placemark>
        <name>Зупинка Кабанова Дача</name>
        <description>Автобус-96.</description>
        <styleUrl>#icon-1532-000000</styleUrl>
        <Point>
          <coordinates>
            36.2703548,50.0555879,0
          </coordinates>
        </Point>
      </Placemark>
      <Placemark>
        <name>Дубовий гай.</name>
        <description>Автобус-96.</description>
        <styleUrl>#icon-1886-000000</styleUrl>
        <Point>
          <coordinates>
            36.2732548,50.0493125,0
          </coordinates>
        </Point>
      </Placemark>
      <Placemark>
        <name>Остановка ш. Харківське</name>
        <description>Автобус-96.</description>
        <styleUrl>#icon-1532-000000</styleUrl>
        <Point>
          <coordinates>
            36.2751308,50.0445029,0
          </coordinates>
        </Point>
      </Placemark>
      <Placemark>
        <name>Остановка Лісопарк</name>
        <description>Автобус-31, 33, 62, 63, 96. Троллейбус -2, 12.</description>
        <styleUrl>#icon-1720-000000</styleUrl>
        <Point>
          <coordinates>
            36.2723413,50.0410702,0
          </coordinates>
        </Point>
      </Placemark>
      <Placemark>
        <name>Меморіал Слави</name>
        <description>Автобус-31, 33, 62, 63, 96. Троллейбус -2, 12.</description>
        <styleUrl>#icon-1600-000000</styleUrl>
        <Point>
          <coordinates>
            36.2673009,50.0360984,0
          </coordinates>
        </Point>
      </Placemark>
      <Placemark>
        <name>Велоцентр</name>
        <description>Автобус-31, 33, 62, 63, 96. Троллейбус -2, 12, 55.</description>
        <styleUrl>#icon-1522-000000</styleUrl>
        <Point>
          <coordinates>
            36.2639311,50.0324253,0
          </coordinates>
        </Point>
      </Placemark>
      <Placemark>
        <name>Зупинка Сокільники</name>
        <description>Автобус-31, 33, 62, 63, 96. Троллейбус -2, 12, 55.</description>
        <styleUrl>#icon-1532-000000</styleUrl>
        <Point>
          <coordinates>
            36.2573191,50.0259733,0
          </coordinates>
        </Point>
      </Placemark>
      <Placemark>
        <name>Дитяча залізниця</name>
        <description>Автобус-31, 33, 62, 63, 96. Троллейбус -2, 12, 55.</description>
        <styleUrl>#icon-1662-000000</styleUrl>
        <Point>
          <coordinates>
            36.2519175,50.0203259,0
          </coordinates>
        </Point>
      </Placemark>
      <Placemark>
        <name>Центральний парк</name>
        <description>Автобус-31, 62, 96. Троллейбус -2, 40, 55.</description>
        <styleUrl>#icon-1720-000000</styleUrl>
        <Point>
          <coordinates>
            36.247045,50.0159483,0
          </coordinates>
        </Point>
      </Placemark>
      <Placemark>
        <name>вул. Олеся Гончара</name>
        <description>Автобус-31, 62, 96. Троллейбус -2, 40, 55.</description>
        <styleUrl>#icon-1532-000000</styleUrl>
        <Point>
          <coordinates>
            36.2437442,50.0131002,0
          </coordinates>
        </Point>
      </Placemark>
      <Placemark>
        <name>вул. Миколи Хвильового</name>
        <description>Автобус-31, 62, 96. Троллейбус -2, 40, 55.</description>
        <styleUrl>#icon-1532-000000</styleUrl>
        <Point>
          <coordinates>
            36.2408097,50.0103527,0
          </coordinates>
        </Point>
      </Placemark>
      <Placemark>
        <name>вул. Сумська</name>
        <description>Автобус-31, 47, 62, 96. Троллейбус -2, 40, 55.</description>
        <styleUrl>#icon-1532-000000</styleUrl>
        <Point>
          <coordinates>
            36.2366786,50.0065289,0
          </coordinates>
        </Point>
      </Placemark>
    </Folder><Folder><name>Автобус №99</name><Placemark>
        <name>Лінія маршруту</name>
        <styleUrl>#line-A52714-5069-nodesc</styleUrl>
        <LineString>
          <tessellate>1</tessellate>
          <coordinates>
            36.1386214,49.9916793,0
            36.1386781,49.9922278,0
            36.139,49.9922553,0
            36.1399763,49.9921657,0
            36.1433773,49.9917587,0
            36.1444609,49.9916829,0
            36.1469607,49.9916001,0
            36.1481516,49.9915518,0
            36.1497395,49.9915173,0
            36.1507373,49.9914621,0
            36.1518209,49.9913725,0
            36.1530333,49.9910966,0
            36.153795,49.9907655,0
            36.153956,49.9906275,0
            36.154589,49.9908344,0
            36.1556296,49.9911379,0
            36.1568205,49.9914414,0
            36.1590307,49.9918415,0
            36.1613374,49.9923312,0
            36.1615412,49.9918898,0
            36.1619811,49.9907655,0
            36.1622172,49.9901102,0
            36.1625176,49.9897515,0
            36.1630862,49.9892135,0
            36.1641054,49.988096,0
            36.164835,49.9873993,0
            36.1652641,49.9870751,0
            36.1663048,49.9864197,0
            36.1672061,49.9859437,0
            36.1677318,49.9856954,0
            36.1684077,49.9855298,0
            36.1691051,49.9854402,0
            36.1699097,49.9853436,0
            36.1719268,49.985178,0
            36.1737292,49.9850745,0
            36.1748772,49.9850469,0
            36.1750703,49.9850814,0
            36.1761325,49.9830256,0
            36.177259,49.9810181,0
            36.1777311,49.9811629,0
            36.1827843,49.9827566,0
            36.1838572,49.9831222,0
            36.1840503,49.9831084,0
            36.1844258,49.9832464,0
            36.1850022,49.9834705,0
          </coordinates>
        </LineString>
      </Placemark>
      <Placemark>
        <name>Остановка Медучилище</name>
        <description>Автобус-99.</description>
        <styleUrl>#icon-1499-A52714</styleUrl>
        <Point>
          <coordinates>
            36.1387416,49.9915322,0
          </coordinates>
        </Point>
      </Placemark>
      <Placemark>
        <name>вул. Алуштинська</name>
        <description>Автобус-58, 72, 99. Маршрутка-61е, 258е, 270е.</description>
        <styleUrl>#icon-1532-A52714</styleUrl>
        <Point>
          <coordinates>
            36.1551096,49.9909374,0
          </coordinates>
        </Point>
      </Placemark>
      <Placemark>
        <name>Зупинка На вимогу</name>
        <description>Автобус-58, 72, 99. Маршрутка-61е, 258е, 270е.</description>
        <styleUrl>#icon-1769-A52714</styleUrl>
        <Point>
          <coordinates>
            36.1613385,49.9922024,0
          </coordinates>
        </Point>
      </Placemark>
      <Placemark>
        <name>Зупинка На вимогу</name>
        <description>Автобус-58, 72, 99. Маршрутка-61е, 258е, 270е.</description>
        <styleUrl>#icon-1769-A52714</styleUrl>
        <Point>
          <coordinates>
            36.1645321,49.987662,0
          </coordinates>
        </Point>
      </Placemark>
      <Placemark>
        <name>Зупинка На вимогу</name>
        <description>Автобус-58, 72, 99. Маршрутка-61е, 258е, 270е.</description>
        <styleUrl>#icon-1769-A52714</styleUrl>
        <Point>
          <coordinates>
            36.1682171,49.9855092,0
          </coordinates>
        </Point>
      </Placemark>
      <Placemark>
        <name>вул. Барикадна</name>
        <description>Автобус-58, 72, 99. Маршрутка-61е, 258е, 270е.</description>
        <styleUrl>#icon-1532-A52714</styleUrl>
        <Point>
          <coordinates>
            36.1727129,49.9851377,0
          </coordinates>
        </Point>
      </Placemark>
      <Placemark>
        <name>вул. Волонтерська</name>
        <description>Автобус-58, 99. Маршрутка-258е. Троллейбус – 27.</description>
        <styleUrl>#icon-1532-A52714</styleUrl>
        <Point>
          <coordinates>
            36.1756829,49.9836453,0
          </coordinates>
        </Point>
      </Placemark>
      <Placemark>
        <name>Станція метро Холодна гора</name>
        <description>Автобус-58, 99. Маршрутка-258е. Троллейбус – 27.</description>
        <styleUrl>#icon-1626-A52714</styleUrl>
        <Point>
          <coordinates>
            36.1828904,49.9826582,0
          </coordinates>
        </Point>
      </Placemark>
    <Placemark>
        <name>Лінія маршруту</name>
        <styleUrl>#line-000000-5263-nodesc</styleUrl>
        <LineString>
          <tessellate>1</tessellate>
          <coordinates>
            36.1850022,49.9834705,0
            36.1856674,49.9836568,0
            36.186236,49.9838499,0
            36.1863326,49.9840155,0
            36.1787688,49.981594,0
            36.1774062,49.9811456,0
            36.1767088,49.9823598,0
            36.1756681,49.9842776,0
            36.1751317,49.9852503,0
            36.1747884,49.9851813,0
            36.1733185,49.9852227,0
            36.1707221,49.9853952,0
            36.1691986,49.9855332,0
            36.1684047,49.9856366,0
            36.1675786,49.9858781,0
            36.1663769,49.9865196,0
            36.1652182,49.9872302,0
            36.1638342,49.9885339,0
            36.1624395,49.9900721,0
            36.1622893,49.9903618,0
            36.1616133,49.9921138,0
            36.161431,49.9924518,0
            36.1557983,49.9913068,0
            36.1540066,49.9907619,0
            36.1536418,49.991024,0
            36.1526655,49.9913068,0
            36.1512278,49.9915482,0
            36.1498545,49.9916241,0
            36.14861,49.9916379,0
            36.1467968,49.9917069,0
            36.1444901,49.9917758,0
            36.1436318,49.9918448,0
            36.1428272,49.9918931,0
            36.1412822,49.9921069,0
            36.1392115,49.9923276,0
            36.1385142,49.9923552,0
            36.1385463,49.9921621,0
            36.1385142,49.9915551,0
            36.1389433,49.9914655,0
            36.1389862,49.9915275,0
            36.1386322,49.9915965,0
            36.1386214,49.9916793,0
          </coordinates>
        </LineString>
      </Placemark>
      <Placemark>
        <name>Станція метро Холодна гора</name>
        <description>Автобус-58, 99. Маршрутка-258е.</description>
        <styleUrl>#icon-1499-000000</styleUrl>
        <Point>
          <coordinates>
            36.185059,49.9833631,0
          </coordinates>
        </Point>
      </Placemark>
      <Placemark>
        <name>вул. Волонтерська</name>
        <description>Автобус-58, 99. Маршрутка-258е. Троллейбус – 27.</description>
        <styleUrl>#icon-1532-000000</styleUrl>
        <Point>
          <coordinates>
            36.1755507,49.9845341,0
          </coordinates>
        </Point>
      </Placemark>
      <Placemark>
        <name>Зупинка На вимогу</name>
        <description>Автобус-58, 72, 99. Маршрутка-61е, 258е, 270е.</description>
        <styleUrl>#icon-1769-000000</styleUrl>
        <Point>
          <coordinates>
            36.1688825,49.9855793,0
          </coordinates>
        </Point>
      </Placemark>
      <Placemark>
        <name>Зупинка На вимогу</name>
        <description>Автобус-58, 72, 99. Маршрутка-61е, 258е, 270е.</description>
        <styleUrl>#icon-1769-000000</styleUrl>
        <Point>
          <coordinates>
            36.1644193,49.9879867,0
          </coordinates>
        </Point>
      </Placemark>
      <Placemark>
        <name>Зупинка На вимогу</name>
        <description>Автобус-58, 72, 99. Маршрутка-61е, 258е, 270е.</description>
        <styleUrl>#icon-1769-000000</styleUrl>
        <Point>
          <coordinates>
            36.1610104,49.9923963,0
          </coordinates>
        </Point>
      </Placemark>
      <Placemark>
        <name>вул. Алуштинська</name>
        <description>Автобус-58, 72, 99. Маршрутка-61е, 258е, 270е.</description>
        <styleUrl>#icon-1532-000000</styleUrl>
        <Point>
          <coordinates>
            36.154931,49.9911459,0
          </coordinates>
        </Point>
      </Placemark>
      <Placemark>
        <name>вул. Барикадна</name>
        <description>Автобус-58, 72, 99. Маршрутка-61е, 258е, 270е.</description>
        <styleUrl>#icon-1532-000000</styleUrl>
        <Point>
          <coordinates>
            36.1745509,49.9851458,0
          </coordinates>
        </Point>
      </Placemark>
      <Placemark>
        <name>вул. Полтавський шлях</name>
        <description>Автобус-58, 99. Маршрутка-258е. Троллейбус – 27.</description>
        <styleUrl>#icon-1532-000000</styleUrl>
        <Point>
          <coordinates>
            36.1770368,49.9817505,0
          </coordinates>
        </Point>
      </Placemark>
    </Folder></Document></kml>