<?xml version='1.0' encoding='utf-8'?>
<kml xmlns="http://www.opengis.net/kml/2.2"><Document><name>Харків — Усі тролейбусні маршрути (Перекладено)</name><Folder><name>Тролейбус №???</name><Placemark>
        <name>Лінія маршруту</name>
        <styleUrl>#line-F57C00-4875-nodesc</styleUrl>
        <LineString>
          <tessellate>1</tessellate>
          <coordinates>
            36.3927025,49.9470316,0
            36.393078,49.9469487,0
            36.3951486,49.9462514,0
            36.4003199,49.9445806,0
            36.3999337,49.9441594,0
            36.3995582,49.9436623,0
            36.3991612,49.9431376,0
            36.3988286,49.9426957,0
            36.3985926,49.9424057,0
            36.3984746,49.9421019,0
            36.3986677,49.9417083,0
            36.4019507,49.9377794,0
            36.4033777,49.935984,0
            36.4069718,49.9317161,0
            36.4112526,49.9265017,0
            36.4123362,49.9251341,0
            36.4118547,49.9247456,0
            36.4113814,49.9241464,0
            36.410169,49.9226544,0
            36.4092892,49.9213903,0
            36.4081091,49.9195114,0
            36.4078194,49.9190693,0
            36.4067894,49.9169347,0
            36.4064461,49.9162231,0
            36.4063174,49.9161264,0
            36.4061564,49.916009,0
            36.4058775,49.9154494,0
            36.404708,49.9129416,0
            36.4042145,49.9117049,0
            36.4039677,49.9116081,0
            36.4037746,49.911615,0
            36.4019185,49.9130659,0
            36.4015108,49.9129692,0
            36.4020956,49.9128932,0
          </coordinates>
        </LineString>
      </Placemark>
      <Placemark>
        <name>вул. 12 квітня</name>
        <description>Маршрутка – 121е. Троллейбус-45, 46, 51, 52, 53.</description>
        <styleUrl>#icon-1499-F57C00</styleUrl>
        <Point>
          <coordinates>
            36.3925544,49.9470413,0
          </coordinates>
        </Point>
      </Placemark>
      <Placemark>
        <name>Станція метро Індустріальна</name>
        <description>Троллейбус-45, 51, 52.</description>
        <styleUrl>#icon-1626-F57C00</styleUrl>
        <Point>
          <coordinates>
            36.3978858,49.9452348,0
          </coordinates>
        </Point>
      </Placemark>
      <Placemark>
        <name>Остановка 18 поліклініка</name>
        <description>Маршрутка – 121е, 252е. Троллейбус-45, 51, 52.</description>
        <styleUrl>#icon-1624-F57C00</styleUrl>
        <Point>
          <coordinates>
            36.3993638,49.9434269,0
          </coordinates>
        </Point>
      </Placemark>
      <Placemark>
        <name>Остановка бул. Івана Каркача</name>
        <description>Маршрутка – 121е. Троллейбус-45, 51, 52.</description>
        <styleUrl>#icon-1532-F57C00</styleUrl>
        <Point>
          <coordinates>
            36.4030356,49.936286,0
          </coordinates>
        </Point>
      </Placemark>
      <Placemark>
        <name>вул. Мохначанська</name>
        <description>Маршрутка – 121е. Троллейбус-45, 51, 52.</description>
        <styleUrl>#icon-1532-F57C00</styleUrl>
        <Point>
          <coordinates>
            36.4065118,49.9320873,0
          </coordinates>
        </Point>
      </Placemark>
      <Placemark>
        <name>вул. Гур'євська</name>
        <description>Маршрутка – 121е. Троллейбус-45, 51, 52.</description>
        <styleUrl>#icon-1532-F57C00</styleUrl>
        <Point>
          <coordinates>
            36.4091081,49.9288137,0
          </coordinates>
        </Point>
      </Placemark>
      <Placemark>
        <name>вул. 92 Бригади</name>
        <description>Троллейбус-52, 59.</description>
        <styleUrl>#icon-1532-F57C00</styleUrl>
        <Point>
          <coordinates>
            36.4118547,49.9247456,0
          </coordinates>
        </Point>
      </Placemark>
      <Placemark>
        <name>вул. 92 Бригади</name>
        <description>Троллейбус-52.</description>
        <styleUrl>#icon-1532-F57C00</styleUrl>
        <Point>
          <coordinates>
            36.4083357,49.9199242,0
          </coordinates>
        </Point>
      </Placemark>
      <Placemark>
        <name>Остановка пров. Дар'яльський</name>
        <description>Троллейбус-52.</description>
        <styleUrl>#icon-1532-F57C00</styleUrl>
        <Point>
          <coordinates>
            36.4059324,49.9158897,0
          </coordinates>
        </Point>
      </Placemark>
    <Placemark>
        <name>Лінія маршруту</name>
        <styleUrl>#line-000000-5069-nodesc</styleUrl>
        <LineString>
          <tessellate>1</tessellate>
          <coordinates>
            36.4020899,49.9128675,0
            36.40246,49.9125877,0
            36.4041015,49.9113234,0
            36.4042303,49.911389,0
            36.4043322,49.9116343,0
            36.4045951,49.9123425,0
            36.4055499,49.9144635,0
            36.4059093,49.9152338,0
            36.4063439,49.9160455,0
            36.4064887,49.9161284,0
            36.4066014,49.9162597,0
            36.4071914,49.9174237,0
            36.4077601,49.9185843,0
            36.4081088,49.9192647,0
            36.4083931,49.9196688,0
            36.4091763,49.9209329,0
            36.4099488,49.9221107,0
            36.4108285,49.923285,0
            36.4117029,49.9243349,0
            36.4122447,49.92496,0
            36.4125237,49.925143,0
            36.4110324,49.9269664,0
            36.4091173,49.929332,0
            36.4073041,49.931542,0
            36.4061239,49.9328611,0
            36.4040586,49.9353955,0
            36.4029428,49.9367628,0
            36.4014247,49.9386031,0
            36.4001855,49.9400876,0
            36.398882,49.9416827,0
            36.3987103,49.9418933,0
            36.3986459,49.9420831,0
            36.3987103,49.9423904,0
            36.3989946,49.942708,0
            36.4005235,49.944624,0
            36.3999495,49.9448069,0
            36.3976803,49.9455388,0
            36.3941184,49.946709,0
            36.3925251,49.9471889,0
            36.3921442,49.9472924,0
            36.3917473,49.9474547,0
            36.3904062,49.9477964,0
            36.3902184,49.9475755,0
            36.3904115,49.9471026,0
            36.3905671,49.9467539,0
            36.3909641,49.9465951,0
            36.3911143,49.9466745,0
            36.3916346,49.9473787,0
            36.3920691,49.9472096,0
            36.3924768,49.9470922,0
            36.3927025,49.9470316,0
          </coordinates>
        </LineString>
      </Placemark>
      <Placemark>
        <name>Остановка 759 мікрорайон</name>
        <description>Троллейбус-52.</description>
        <styleUrl>#icon-1499-000000</styleUrl>
        <Point>
          <coordinates>
            36.4016403,49.9130069,0
          </coordinates>
        </Point>
      </Placemark>
      <Placemark>
        <name>вул. 92 Бригади</name>
        <description>Троллейбус-52.</description>
        <styleUrl>#icon-1532-000000</styleUrl>
        <Point>
          <coordinates>
            36.4046664,49.9121867,0
          </coordinates>
        </Point>
      </Placemark>
      <Placemark>
        <name>Остановка пров. Дар'яльський</name>
        <description>Троллейбус-52.</description>
        <styleUrl>#icon-1532-000000</styleUrl>
        <Point>
          <coordinates>
            36.4066598,49.9160517,0
          </coordinates>
        </Point>
      </Placemark>
      <Placemark>
        <name>вул. 92 Бригади</name>
        <description>Троллейбус-52.</description>
        <styleUrl>#icon-1532-000000</styleUrl>
        <Point>
          <coordinates>
            36.4088914,49.9203762,0
          </coordinates>
        </Point>
      </Placemark>
      <Placemark>
        <name>вул. Гур'євська</name>
        <description>Маршрутка – 121е. Троллейбус-45, 51, 52.</description>
        <styleUrl>#icon-1532-000000</styleUrl>
        <Point>
          <coordinates>
            36.4093763,49.9291558,0
          </coordinates>
        </Point>
      </Placemark>
      <Placemark>
        <name>вул. Мохначанська</name>
        <description>Маршрутка – 121е. Троллейбус-45, 51, 52.</description>
        <styleUrl>#icon-1532-000000</styleUrl>
        <Point>
          <coordinates>
            36.4063078,49.9328851,0
          </coordinates>
        </Point>
      </Placemark>
      <Placemark>
        <name>Остановка бул. Івана Каркача</name>
        <description>Маршрутка – 121е. Троллейбус-45, 51, 52.</description>
        <styleUrl>#icon-1532-000000</styleUrl>
        <Point>
          <coordinates>
            36.4029196,49.9370557,0
          </coordinates>
        </Point>
      </Placemark>
      <Placemark>
        <name>Остановка 18 поліклініка</name>
        <description>Маршрутка – 121е. Троллейбус-45, 51, 52.</description>
        <styleUrl>#icon-1624-000000</styleUrl>
        <Point>
          <coordinates>
            36.3994926,49.9429436,0
          </coordinates>
        </Point>
      </Placemark>
      <Placemark>
        <name>Станція метро Індустріальна</name>
        <description>Маршрутка – 121е. Троллейбус-45, 46, 51, 52, 53.</description>
        <styleUrl>#icon-1626-000000</styleUrl>
        <Point>
          <coordinates>
            36.3995677,49.9450337,0
          </coordinates>
        </Point>
      </Placemark>
      <Placemark>
        <name>вул. 12 Квітня</name>
        <description>Маршрутка – 121е. Троллейбус-45, 46, 51, 52, 53.</description>
        <styleUrl>#icon-1532-000000</styleUrl>
        <Point>
          <coordinates>
            36.3911468,49.9469211,0
          </coordinates>
        </Point>
      </Placemark>
    </Folder><Folder><name>Тролейбус №11</name><Placemark>
        <name>Лінія маршруту</name>
        <styleUrl>#line-F57C00-5069-nodesc</styleUrl>
        <LineString>
          <tessellate>1</tessellate>
          <coordinates>
            36.2324186,49.9912013,0
            36.2324833,49.9911218,0
            36.2325906,49.9910459,0
            36.2325692,49.9905699,0
            36.232773,49.9887213,0
            36.2326335,49.988473,0
            36.2305092,49.9877832,0
            36.2297153,49.9876866,0
            36.229211,49.9876935,0
            36.2287926,49.9877073,0
            36.2284707,49.9878108,0
            36.2284064,49.9881281,0
            36.2282776,49.988473,0
            36.2281381,49.9896042,0
            36.2280309,49.9900871,0
            36.2279879,49.9902871,0
            36.2277894,49.9904389,0
            36.2276661,49.9904527,0
            36.2272584,49.9904596,0
            36.2257885,49.9904182,0
            36.2253808,49.9904251,0
            36.2251126,49.9905009,0
            36.224898,49.9906596,0
            36.2246727,49.9908182,0
            36.2244903,49.9909286,0
            36.2240826,49.99097,0
            36.2210464,49.9908596,0
            36.2182998,49.9907838,0
            36.2174093,49.9908596,0
            36.2155747,49.9909907,0
            36.2140941,49.9911976,0
            36.2115085,49.9915977,0
            36.2119912,49.9892731,0
            36.2122809,49.9878039,0
            36.2122166,49.9872037,0
            36.2124204,49.986369,0
            36.2125277,49.9857965,0
            36.2126028,49.9854515,0
            36.2127637,49.9851273,0
            36.2129783,49.9849825,0
            36.2122273,49.984672,0
            36.2107574,49.9840235,0
            36.2105536,49.9838787,0
            36.2106716,49.9836993,0
            36.2119805,49.9824782,0
            36.2121844,49.9823678,0
            36.2121951,49.9821678,0
            36.2119161,49.9817814,0
            36.2115728,49.981609,0
            36.209985,49.980719,0
            36.2094914,49.9804499,0
            36.2036228,49.9789873,0
            36.202979,49.9787596,0
            36.202507,49.978456,0
            36.2020778,49.9781662,0
            36.2011337,49.9776281,0
            36.2006616,49.9773107,0
            36.2002646,49.9772003,0
            36.2001252,49.9771727,0
            36.2000501,49.9760549,0
            36.1999642,49.9747371,0
            36.1989557,49.9746888,0
            36.1965525,49.9745646,0
            36.1959624,49.9745025,0
            36.1954045,49.97433,0
            36.1920785,49.9723496,0
            36.1899864,49.9711282,0
            36.1877977,49.9697205,0
            36.1850619,49.9679125,0
            36.1808884,49.9651727,0
            36.1767899,49.9624466,0
            36.1727881,49.9598515,0
            36.1709642,49.9587678,0
            36.1694085,49.9578015,0
            36.1687111,49.957346,0
            36.168518,49.9571251,0
            36.1683571,49.9565453,0
            36.1679172,49.9549438,0
            36.1674773,49.9533009,0
            36.16737,49.9529213,0
            36.1665975,49.9521757,0
            36.1650311,49.9505949,0
            36.1645269,49.9501185,0
            36.1641943,49.9499252,0
            36.1635506,49.9498355,0
            36.1619198,49.9497388,0
            36.1609005,49.9496422,0
            36.1600851,49.9496215,0
            36.1586367,49.949801,0
            36.1545491,49.9502842,0
            36.1503112,49.9507951,0
            36.1397218,49.9523207,0
            36.1396574,49.9521619,0
            36.1396145,49.9520169,0
            36.1396682,49.9519134,0
            36.1397647,49.9518306,0
          </coordinates>
        </LineString>
      </Placemark>
      <Placemark>
        <name>Станція метро Майдан Конституції</name>
        <description>Автобус-238е. Троллейбус-11.</description>
        <styleUrl>#icon-1499-F57C00</styleUrl>
        <Point>
          <coordinates>
            36.2322794,49.9910962,0
          </coordinates>
        </Point>
      </Placemark>
      <Placemark>
        <name>Остановка пл. Сергіївська</name>
        <description>Троллейбус-11.</description>
        <styleUrl>#icon-1532-F57C00</styleUrl>
        <Point>
          <coordinates>
            36.2283828,49.9889349,0
          </coordinates>
        </Point>
      </Placemark>
      <Placemark>
        <name>Благовіщенський собор</name>
        <description>Троллейбус-11.</description>
        <styleUrl>#icon-1670-F57C00</styleUrl>
        <Point>
          <coordinates>
            36.2224372,49.9909378,0
          </coordinates>
        </Point>
      </Placemark>
      <Placemark>
        <name>вул. Ярославська</name>
        <description>Троллейбус-11.</description>
        <styleUrl>#icon-1532-F57C00</styleUrl>
        <Point>
          <coordinates>
            36.2181993,49.990855,0
          </coordinates>
        </Point>
      </Placemark>
      <Placemark>
        <name>вул. Слов'янська</name>
        <description>Автобус-57, 67, 109. Троллейбус-11.</description>
        <styleUrl>#icon-1532-F57C00</styleUrl>
        <Point>
          <coordinates>
            36.2116011,49.9905369,0
          </coordinates>
        </Point>
      </Placemark>
      <Placemark>
        <name>вул. Конєва</name>
        <description>Автобус-58, 67. Маршрутка - 258е. Троллейбус-11.</description>
        <styleUrl>#icon-1532-F57C00</styleUrl>
        <Point>
          <coordinates>
            36.2121772,49.9855034,0
          </coordinates>
        </Point>
      </Placemark>
      <Placemark>
        <name>вул. Велика Гончарівська</name>
        <description>Автобус-67. Троллейбус-11.</description>
        <styleUrl>#icon-1532-F57C00</styleUrl>
        <Point>
          <coordinates>
            36.2113661,49.9815878,0
          </coordinates>
        </Point>
      </Placemark>
      <Placemark>
        <name>вул. Семінарська</name>
        <description>Автобус-67. Троллейбус-11.</description>
        <styleUrl>#icon-1532-F57C00</styleUrl>
        <Point>
          <coordinates>
            36.1998863,49.9766169,0
          </coordinates>
        </Point>
      </Placemark>
      <Placemark>
        <name>Інститут терапії</name>
        <description>Троллейбус-11.</description>
        <styleUrl>#icon-1624-F57C00</styleUrl>
        <Point>
          <coordinates>
            36.1939332,49.973624,0
          </coordinates>
        </Point>
      </Placemark>
      <Placemark>
        <name>Остановка пр. Любові Малої</name>
        <description>Маршрутка - 75е, 209е, 220е, 237е. Троллейбус-11, 27.</description>
        <styleUrl>#icon-1532-F57C00</styleUrl>
        <Point>
          <coordinates>
            36.1897965,49.9710941,0
          </coordinates>
        </Point>
      </Placemark>
      <Placemark>
        <name>вул. Грушевського</name>
        <description>Маршрутка - 75е, 209е, 220е, 237е, 259е. Троллейбус-11, 27.</description>
        <styleUrl>#icon-1532-F57C00</styleUrl>
        <Point>
          <coordinates>
            36.1832983,49.9668112,0
          </coordinates>
        </Point>
      </Placemark>
      <Placemark>
        <name>Остановка на вимогу</name>
        <description>Маршрутка - 75е, 209е, 220е, 237е, 259е. Троллейбус-11, 27.</description>
        <styleUrl>#icon-1769-F57C00</styleUrl>
        <Point>
          <coordinates>
            36.1778207,49.9632018,0
          </coordinates>
        </Point>
      </Placemark>
      <Placemark>
        <name>Остановка Григорівка</name>
        <description>Маршрутка - 75е, 209е, 220е, 237е, 259е. Троллейбус-11, 27.</description>
        <styleUrl>#icon-1532-F57C00</styleUrl>
        <Point>
          <coordinates>
            36.1712337,49.9590333,0
          </coordinates>
        </Point>
      </Placemark>
      <Placemark>
        <name>вул. Станційна</name>
        <description>Маршрутка - 75е, 209е, 220е, 237е, 259е. Троллейбус-11, 27.</description>
        <styleUrl>#icon-1662-F57C00</styleUrl>
        <Point>
          <coordinates>
            36.1680439,49.9555916,0
          </coordinates>
        </Point>
      </Placemark>
      <Placemark>
        <name>вул. Китаєнко</name>
        <description>Маршрутка – 75е, 259е. Троллейбус-11, 27.</description>
        <styleUrl>#icon-1532-F57C00</styleUrl>
        <Point>
          <coordinates>
            36.1648896,49.9504971,0
          </coordinates>
        </Point>
      </Placemark>
      <Placemark>
        <name>вул. Даргомизького</name>
        <description>Маршрутка – 75е, 259е. Троллейбус-11, 27.</description>
        <styleUrl>#icon-1532-F57C00</styleUrl>
        <Point>
          <coordinates>
            36.1510844,49.9506904,0
          </coordinates>
        </Point>
      </Placemark>
      <Placemark>
        <name>вул. Шульженко</name>
        <description>Маршрутка – 75е, 259е. Троллейбус-11, 27.</description>
        <styleUrl>#icon-1532-F57C00</styleUrl>
        <Point>
          <coordinates>
            36.157908,49.9499449,0
          </coordinates>
        </Point>
      </Placemark>
      <Placemark>
        <name>Остановка пров. Архангельський</name>
        <description>Маршрутка – 75е, 259е. Троллейбус-11, 27.</description>
        <styleUrl>#icon-1532-F57C00</styleUrl>
        <Point>
          <coordinates>
            36.1423082,49.9519882,0
          </coordinates>
        </Point>
      </Placemark>
    <Placemark>
        <name>Лінія маршруту</name>
        <styleUrl>#line-000000-5263-nodesc</styleUrl>
        <LineString>
          <tessellate>1</tessellate>
          <coordinates>
            36.1397647,49.9518306,0
            36.1400433,49.9518205,0
            36.1402686,49.9519585,0
            36.1402579,49.9521104,0
            36.1410411,49.952,0
            36.1465772,49.9511854,0
            36.1505898,49.9506469,0
            36.1543127,49.9501844,0
            36.1562439,49.9499566,0
            36.1596985,49.9495423,0
            36.160353,49.9495078,0
            36.1616297,49.9495838,0
            36.1633785,49.9496873,0
            36.1643549,49.9498047,0
            36.1647089,49.9500394,0
            36.1668869,49.9522347,0
            36.1675628,49.9529526,0
            36.1676593,49.9533737,0
            36.1686249,49.9569148,0
            36.1687751,49.9571702,0
            36.1690434,49.9574187,0
            36.1701377,49.9580882,0
            36.1728843,49.9597586,0
            36.17709,49.9625055,0
            36.1825188,49.9660598,0
            36.1876257,49.969462,0
            36.1906083,49.9713804,0
            36.1908444,49.9711941,0
            36.1912413,49.9709525,0
            36.1915417,49.9708007,0
            36.1919494,49.9707317,0
            36.1924108,49.9709939,0
            36.1931081,49.9714839,0
            36.1939879,49.9720497,0
            36.1946316,49.9724292,0
            36.1952003,49.9726914,0
            36.1956401,49.9728432,0
            36.1961873,49.9729053,0
            36.1978717,49.9729674,0
            36.1989339,49.9730503,0
            36.1999531,49.9730572,0
            36.2000712,49.9731607,0
            36.2001677,49.9748857,0
            36.2003394,49.9770729,0
            36.200672,49.9771833,0
            36.2011119,49.977411,0
            36.2015625,49.9777008,0
            36.202807,49.9785149,0
            36.203322,49.9787771,0
            36.2044592,49.9791152,0
            36.2087186,49.9801156,0
            36.2095233,49.9803432,0
            36.2098451,49.9804881,0
            36.2108107,49.9810263,0
            36.2117012,49.9815506,0
            36.2122162,49.9818886,0
            36.2123235,49.9821094,0
            36.2122377,49.9824543,0
            36.212066,49.9825233,0
            36.210682,49.983841,0
            36.2108,49.9839583,0
            36.2131174,49.9849586,0
            36.2130745,49.9850896,0
            36.2128599,49.9853518,0
            36.2127312,49.9857933,0
            36.2124522,49.9871247,0
            36.2123879,49.9876489,0
            36.2122269,49.9887595,0
            36.2134607,49.9888561,0
            36.2164219,49.9891044,0
            36.2217649,49.9894976,0
            36.2229343,49.9895942,0
            36.2233849,49.9899597,0
            36.2236531,49.9901391,0
            36.2249191,49.990277,0
            36.2258418,49.9903253,0
            36.2278374,49.9903874,0
            36.2301334,49.990415,0
            36.2300905,49.9915462,0
            36.2310561,49.99156,0
            36.2316998,49.9916014,0
            36.2321826,49.9915393,0
            36.2322899,49.9914496,0
            36.2324186,49.9912013,0
          </coordinates>
        </LineString>
      </Placemark>
      <Placemark>
        <name>Остановка пр. Дзюби</name>
        <description>Маршрутка – 259е. Троллейбус-11, 27.</description>
        <styleUrl>#icon-1499-000000</styleUrl>
        <Point>
          <coordinates>
            36.1395188,49.9519883,0
          </coordinates>
        </Point>
      </Placemark>
      <Placemark>
        <name>Остановка пров. Архангельський</name>
        <description>Маршрутка – 75е, 259е. Троллейбус-11, 27.</description>
        <styleUrl>#icon-1532-000000</styleUrl>
        <Point>
          <coordinates>
            36.14346,49.9515689,0
          </coordinates>
        </Point>
      </Placemark>
      <Placemark>
        <name>вул. Даргомизького</name>
        <description>Маршрутка – 75е, 259е. Троллейбус-11, 27.</description>
        <styleUrl>#icon-1532-000000</styleUrl>
        <Point>
          <coordinates>
            36.1499402,49.9506715,0
          </coordinates>
        </Point>
      </Placemark>
      <Placemark>
        <name>вул. Шульженко</name>
        <description>Маршрутка – 75е, 259е. Троллейбус-11, 27.</description>
        <styleUrl>#icon-1532-000000</styleUrl>
        <Point>
          <coordinates>
            36.1573431,49.9497188,0
          </coordinates>
        </Point>
      </Placemark>
      <Placemark>
        <name>вул. Китаєнко</name>
        <description>Маршрутка – 75е, 259е. Троллейбус-11, 27.</description>
        <styleUrl>#icon-1532-000000</styleUrl>
        <Point>
          <coordinates>
            36.1638591,49.9496983,0
          </coordinates>
        </Point>
      </Placemark>
      <Placemark>
        <name>вул. Стаціональна</name>
        <description>Маршрутка - 75е, 209е, 220е, 237е, 259е. Троллейбус-11, 27.</description>
        <styleUrl>#icon-1662-000000</styleUrl>
        <Point>
          <coordinates>
            36.1685136,49.9559335,0
          </coordinates>
        </Point>
      </Placemark>
      <Placemark>
        <name>Остановка Григорівка</name>
        <description>Маршрутка - 75е, 209е, 220е, 237е, 259е. Троллейбус-11, 27.</description>
        <styleUrl>#icon-1532-000000</styleUrl>
        <Point>
          <coordinates>
            36.1723545,49.9592414,0
          </coordinates>
        </Point>
      </Placemark>
      <Placemark>
        <name>Зупинка На вимогу</name>
        <description>Маршрутка - 75е, 209е, 220е, 237е, 259е. Троллейбус-11, 27.</description>
        <styleUrl>#icon-1769-000000</styleUrl>
        <Point>
          <coordinates>
            36.1773063,49.9626064,0
          </coordinates>
        </Point>
      </Placemark>
      <Placemark>
        <name>вул. Грушевського</name>
        <description>Маршрутка - 75е, 209е, 220е, 237е, 259е. Троллейбус-11, 27.</description>
        <styleUrl>#icon-1532-000000</styleUrl>
        <Point>
          <coordinates>
            36.1829282,49.9663125,0
          </coordinates>
        </Point>
      </Placemark>
      <Placemark>
        <name>Остановка пр. Любові Малої</name>
        <description>Троллейбус-11.</description>
        <styleUrl>#icon-1532-000000</styleUrl>
        <Point>
          <coordinates>
            36.1909282,49.9710491,0
          </coordinates>
        </Point>
      </Placemark>
      <Placemark>
        <name>вул. Планова</name>
        <description>Троллейбус-11.</description>
        <styleUrl>#icon-1532-000000</styleUrl>
        <Point>
          <coordinates>
            36.1959489,49.9728172,0
          </coordinates>
        </Point>
      </Placemark>
      <Placemark>
        <name>вул. Семінарська</name>
        <description>Автобус-67. Троллейбус-11.</description>
        <styleUrl>#icon-1532-000000</styleUrl>
        <Point>
          <coordinates>
            36.2002632,49.9756053,0
          </coordinates>
        </Point>
      </Placemark>
      <Placemark>
        <name>вул. Велика Гончарівська</name>
        <description>Автобус-67. Троллейбус-11.</description>
        <styleUrl>#icon-1532-000000</styleUrl>
        <Point>
          <coordinates>
            36.2107984,49.9809062,0
          </coordinates>
        </Point>
      </Placemark>
      <Placemark>
        <name>вул. Конєва</name>
        <description>Автобус-58, 67. Маршрутка - 258е. Троллейбус-11.</description>
        <styleUrl>#icon-1532-000000</styleUrl>
        <Point>
          <coordinates>
            36.2127029,49.9866923,0
          </coordinates>
        </Point>
      </Placemark>
      <Placemark>
        <name>вул. Благовіщенська</name>
        <description>Автобус-57, 109. Троллейбус-11.</description>
        <styleUrl>#icon-1532-000000</styleUrl>
        <Point>
          <coordinates>
            36.2130441,49.9887079,0
          </coordinates>
        </Point>
      </Placemark>
      <Placemark>
        <name>вул. Дмитрівська</name>
        <description>Автобус-57, 109. Троллейбус-11.</description>
        <styleUrl>#icon-1532-000000</styleUrl>
        <Point>
          <coordinates>
            36.216413,49.989039,0
          </coordinates>
        </Point>
      </Placemark>
      <Placemark>
        <name>вул. Різдвяна</name>
        <description>Троллейбус-11.</description>
        <styleUrl>#icon-1532-000000</styleUrl>
        <Point>
          <coordinates>
            36.2222334,49.9894962,0
          </coordinates>
        </Point>
      </Placemark>
    </Folder><Folder><name>Тролейбус №12</name><Placemark>
        <name>Лінія маршруту</name>
        <styleUrl>#line-F57C00-4681-nodesc</styleUrl>
        <LineString>
          <tessellate>1</tessellate>
          <coordinates>
            36.2794071,50.0347492,0
            36.2800938,50.0353694,0
            36.2828082,50.0381396,0
            36.2848467,50.0401999,0
            36.2852758,50.0406547,0
            36.2806302,50.042522,0
            36.2769181,50.0439621,0
            36.2765747,50.0441757,0
            36.2751907,50.0439276,0
            36.2749332,50.0436451,0
            36.2730664,50.041709,0
            36.2713176,50.0398968,0
            36.2691826,50.0377262,0
            36.2663931,50.0348663,0
            36.2644619,50.0328885,0
            36.2613076,50.0297182,0
            36.2582821,50.026596,0
            36.2576383,50.0269061,0
            36.254527,50.0284225,0
            36.2473601,50.0321097,0
            36.2393993,50.0358862,0
            36.2383479,50.0363273,0
            36.2369531,50.036596,0
            36.2350649,50.0371335,0
            36.2326723,50.0381258,0
            36.2317282,50.0372093,0
            36.2296468,50.0352385,0
            36.2292713,50.034887,0
            36.2285739,50.0345976,0
            36.2279087,50.0345286,0
            36.2269753,50.0347561,0
            36.226235,50.0348732,0
            36.2256449,50.0349215,0
            36.2250227,50.0349352,0
            36.2243789,50.0349352,0
            36.2237138,50.0349146,0
            36.222598,50.0347698,0
            36.2209672,50.0345424,0
            36.2195188,50.0343633,0
            36.2175554,50.0341358,0
            36.2142509,50.0337361,0
            36.2134141,50.0336121,0
            36.2125558,50.0334536,0
            36.2120515,50.0333157,0
            36.2114614,50.0330676,0
            36.2106353,50.0327162,0
            36.2098199,50.0321442,0
            36.2064725,50.0291186,0
            36.2066442,50.0290703,0
            36.2070519,50.0294494,0
          </coordinates>
        </LineString>
      </Placemark>
      <Placemark>
        <name>вул. Рудика</name>
        <description>Троллейбус -12,55.</description>
        <styleUrl>#icon-1499-F57C00</styleUrl>
        <Point>
          <coordinates>
            36.2795559,50.0348686,0
          </coordinates>
        </Point>
      </Placemark>
      <Placemark>
        <name>вул. Старошишківська</name>
        <description>Троллейбус -12,55.</description>
        <styleUrl>#icon-1532-F57C00</styleUrl>
        <Point>
          <coordinates>
            36.2832909,50.0385471,0
          </coordinates>
        </Point>
      </Placemark>
      <Placemark>
        <name>Остановка ХАІ</name>
        <description>Автобус - 31, 63. Троллейбус-12, 55.</description>
        <styleUrl>#icon-1726-F57C00</styleUrl>
        <Point>
          <coordinates>
            36.2835383,50.0414053,0
          </coordinates>
        </Point>
      </Placemark>
      <Placemark>
        <name>вул. Вадима Манько</name>
        <description>Автобус - 31, 63. Троллейбус-12.</description>
        <styleUrl>#icon-1532-F57C00</styleUrl>
        <Point>
          <coordinates>
            36.27841,50.0435138,0
          </coordinates>
        </Point>
      </Placemark>
      <Placemark>
        <name>Остановка Лісопарк</name>
        <description>Автобус - 33, 62, 63, 96. Троллейбус-2, 12, 55.</description>
        <styleUrl>#icon-1720-F57C00</styleUrl>
        <Point>
          <coordinates>
            36.2722087,50.041116,0
          </coordinates>
        </Point>
      </Placemark>
      <Placemark>
        <name>Меморіал Слави</name>
        <description>Автобус - 31, 33, 62, 63, 96. Троллейбус-2, 12, 55.</description>
        <styleUrl>#icon-1600-F57C00</styleUrl>
        <Point>
          <coordinates>
            36.2674351,50.0361613,0
          </coordinates>
        </Point>
      </Placemark>
      <Placemark>
        <name>Велоцентр</name>
        <description>Автобус - 31, 33, 62, 63, 96. Троллейбус-2, 12, 55.</description>
        <styleUrl>#icon-1522-F57C00</styleUrl>
        <Point>
          <coordinates>
            36.2639589,50.0324812,0
          </coordinates>
        </Point>
      </Placemark>
      <Placemark>
        <name>Зупинка Сокільники</name>
        <description>Автобус - 33, 63. Троллейбус-12, 40.</description>
        <styleUrl>#icon-1532-F57C00</styleUrl>
        <Point>
          <coordinates>
            36.2570495,50.0272709,0
          </coordinates>
        </Point>
      </Placemark>
      <Placemark>
        <name>вул. Балакірєва</name>
        <description>Автобус-33, 63. Троллейбус-12, 18, 40.</description>
        <styleUrl>#icon-1532-F57C00</styleUrl>
        <Point>
          <coordinates>
            36.2412138,50.0351552,0
          </coordinates>
        </Point>
      </Placemark>
      <Placemark>
        <name>вул. Новопрудна</name>
        <description>Автобус-33, 63. Троллейбус-12, 18, 40.</description>
        <styleUrl>#icon-1532-F57C00</styleUrl>
        <Point>
          <coordinates>
            36.2354678,50.0370565,0
          </coordinates>
        </Point>
      </Placemark>
      <Placemark>
        <name>вул. Космонавтів</name>
        <description>Автобус – 33, 63. Троллейбус-12.</description>
        <styleUrl>#icon-1532-F57C00</styleUrl>
        <Point>
          <coordinates>
            36.2306827,50.0363674,0
          </coordinates>
        </Point>
      </Placemark>
      <Placemark>
        <name>Зупинка Павлове Поле</name>
        <description>Автобус – 33, 63, 77. Маршрутка – 277е. Троллейбус-12.</description>
        <styleUrl>#icon-1532-F57C00</styleUrl>
        <Point>
          <coordinates>
            36.2264341,50.0349479,0
          </coordinates>
        </Point>
      </Placemark>
      <Placemark>
        <name>Станція метро 23 серпня</name>
        <description>Автобус – 77. Маршрутка – 277е. Троллейбус-12.</description>
        <styleUrl>#icon-1626-F57C00</styleUrl>
        <Point>
          <coordinates>
            36.2200612,50.0345757,0
          </coordinates>
        </Point>
      </Placemark>
      <Placemark>
        <name>вул. Шекспіра</name>
        <description>Маршрутка – 277е. Троллейбус-12.</description>
        <styleUrl>#icon-1532-F57C00</styleUrl>
        <Point>
          <coordinates>
            36.2128345,50.0336105,0
          </coordinates>
        </Point>
      </Placemark>
    <Placemark>
        <name>Лінія маршруту</name>
        <styleUrl>#line-000000-4875-nodesc</styleUrl>
        <LineString>
          <tessellate>1</tessellate>
          <coordinates>
            36.2070519,50.0294494,0
            36.2083021,50.0305761,0
            36.2097827,50.0319544,0
            36.2104479,50.0324369,0
            36.2110165,50.0327539,0
            36.2117997,50.0330709,0
            36.2126687,50.0333397,0
            36.2133125,50.0334637,0
            36.2151364,50.0337118,0
            36.219106,50.0342287,0
            36.2215844,50.0345319,0
            36.2235907,50.0347662,0
            36.2246207,50.0348076,0
            36.2256399,50.0348144,0
            36.2270132,50.0346422,0
            36.2282148,50.0343183,0
            36.2288478,50.0341667,0
            36.2291911,50.0342287,0
            36.2292448,50.034401,0
            36.2292662,50.0346008,0
            36.2294594,50.0348351,0
            36.2304571,50.0358412,0
            36.2317553,50.0370403,0
            36.2326995,50.0379568,0
            36.2330964,50.0377983,0
            36.2356499,50.0367853,0
            36.2364868,50.0365855,0
            36.2379459,50.0362547,0
            36.2385467,50.0360962,0
            36.2393299,50.0357792,0
            36.2415615,50.0347386,0
            36.2448445,50.0331605,0
            36.2502089,50.0305003,0
            36.2539104,50.0285911,0
            36.2583736,50.0264476,0
            36.2591997,50.0273436,0
            36.262987,50.0311619,0
            36.2655404,50.0337807,0
            36.2682656,50.0365786,0
            36.2705937,50.0389215,0
            36.2726966,50.041099,0
            36.2751857,50.0436966,0
            36.2767521,50.0439102,0
            36.2772027,50.0437931,0
            36.2798634,50.0427389,0
            36.2851206,50.0406097,0
            36.2817946,50.0372608,0
            36.2795845,50.0350143,0
            36.2793485,50.0349936,0
            36.2791124,50.0349178,0
            36.2790695,50.0347593,0
            36.2792626,50.0346835,0
            36.2794071,50.0347492,0
          </coordinates>
        </LineString>
      </Placemark>
      <Placemark>
        <name>вул. Клочківська</name>
        <description>Автобус-77. Маршрутка – 277е. Троллейбус-12.</description>
        <styleUrl>#icon-1499-000000</styleUrl>
        <Point>
          <coordinates>
            36.2068907,50.0293376,0
          </coordinates>
        </Point>
      </Placemark>
      <Placemark>
        <name>вул. Шекспіра</name>
        <description>Автобус – 77. Маршрутка – 277е. Троллейбус-12.</description>
        <styleUrl>#icon-1532-000000</styleUrl>
        <Point>
          <coordinates>
            36.2123163,50.0331158,0
          </coordinates>
        </Point>
      </Placemark>
      <Placemark>
        <name>Станція метро 23 серпня</name>
        <description>Автобус – 77. Маршрутка – 277е. Троллейбус-12.</description>
        <styleUrl>#icon-1626-000000</styleUrl>
        <Point>
          <coordinates>
            36.2216373,50.0344527,0
          </coordinates>
        </Point>
      </Placemark>
      <Placemark>
        <name>Зупинка Павлове Поле</name>
        <description>Автобус – 33, 63, 77. Маршрутка – 277е. Троллейбус-12.</description>
        <styleUrl>#icon-1532-000000</styleUrl>
        <Point>
          <coordinates>
            36.2251155,50.0347539,0
          </coordinates>
        </Point>
      </Placemark>
      <Placemark>
        <name>вул. Космонавтів</name>
        <description>Автобус – 33, 63. Троллейбус-12.</description>
        <styleUrl>#icon-1532-000000</styleUrl>
        <Point>
          <coordinates>
            36.2303574,50.0355465,0
          </coordinates>
        </Point>
      </Placemark>
      <Placemark>
        <name>вул. Новопрудна</name>
        <description>Автобус-33, 63. Троллейбус-12, 18, 40.</description>
        <styleUrl>#icon-1532-000000</styleUrl>
        <Point>
          <coordinates>
            36.2360652,50.0366077,0
          </coordinates>
        </Point>
      </Placemark>
      <Placemark>
        <name>вул. Балакірєва</name>
        <description>Автобус-33, 63. Троллейбус-12, 18, 40.</description>
        <styleUrl>#icon-1532-000000</styleUrl>
        <Point>
          <coordinates>
            36.2420519,50.0344714,0
          </coordinates>
        </Point>
      </Placemark>
      <Placemark>
        <name>Зупинка Сокільники</name>
        <description>Автобус - 31, 33, 62, 63, 96. Троллейбус-2, 12, 55.</description>
        <styleUrl>#icon-1532-000000</styleUrl>
        <Point>
          <coordinates>
            36.2590494,50.0269034,0
          </coordinates>
        </Point>
      </Placemark>
      <Placemark>
        <name>Велоцентр</name>
        <description>Автобус - 31, 33, 62, 63, 96. Троллейбус-2, 12, 55.</description>
        <styleUrl>#icon-1522-000000</styleUrl>
        <Point>
          <coordinates>
            36.2637986,50.0317813,0
          </coordinates>
        </Point>
      </Placemark>
      <Placemark>
        <name>Меморіал Слави</name>
        <description>Автобус - 31, 33, 62, 63, 96. Троллейбус-2, 12, 55.</description>
        <styleUrl>#icon-1600-000000</styleUrl>
        <Point>
          <coordinates>
            36.26943,50.0376132,0
          </coordinates>
        </Point>
      </Placemark>
      <Placemark>
        <name>Остановка Лісопарк</name>
        <description>Автобус - 33, 62, 63, 96. Троллейбус-2, 12, 55.</description>
        <styleUrl>#icon-1720-000000</styleUrl>
        <Point>
          <coordinates>
            36.2730807,50.0412037,0
          </coordinates>
        </Point>
      </Placemark>
      <Placemark>
        <name>вул. Вадима Манько</name>
        <description>Автобус - 31, 63. Троллейбус-12.</description>
        <styleUrl>#icon-1532-000000</styleUrl>
        <Point>
          <coordinates>
            36.275782,50.0436564,0
          </coordinates>
        </Point>
      </Placemark>
      <Placemark>
        <name>Остановка ХАІ</name>
        <description>Автобус - 31, 63. Троллейбус-12, 55.</description>
        <styleUrl>#icon-1726-000000</styleUrl>
        <Point>
          <coordinates>
            36.2826054,50.041486,0
          </coordinates>
        </Point>
      </Placemark>
      <Placemark>
        <name>вул. Старошишківська</name>
        <description>Автобус - 31, 63. Троллейбус-12, 55.</description>
        <styleUrl>#icon-1532-000000</styleUrl>
        <Point>
          <coordinates>
            36.2829697,50.038492,0
          </coordinates>
        </Point>
      </Placemark>
    </Folder><Folder><name>Тролейбус №1</name><Placemark>
        <name>Лінія маршруту</name>
        <styleUrl>#line-F57C00-4875-nodesc</styleUrl>
        <LineString>
          <tessellate>1</tessellate>
          <coordinates>
            36.3201363,49.9646386,0
            36.3196964,49.9636654,0
            36.3185377,49.9612153,0
            36.3177652,49.9594484,0
            36.3166494,49.9568945,0
            36.3161666,49.9558108,0
            36.3155765,49.9545338,0
            36.3147718,49.9526562,0
            36.3139672,49.9509235,0
            36.3133771,49.9495497,0
            36.3132805,49.9493356,0
            36.3132913,49.9490664,0
            36.3135917,49.9461668,0
            36.3138063,49.9444407,0
            36.3093109,49.9442612,0
            36.305191,49.9441024,0
            36.303646,49.9440127,0
            36.3036139,49.9440334,0
            36.3035763,49.9441162,0
            36.3034637,49.9441853,0
            36.3033603,49.9442512,0
            36.30323,49.9442653,0
            36.3030679,49.9442667,0
            36.3029487,49.9442198,0
            36.3028789,49.9442094,0
            36.3027877,49.9441438,0
            36.3027555,49.9440282,0
            36.302777,49.9439126,0
          </coordinates>
        </LineString>
      </Placemark>
      <Placemark>
        <name>Станція метро Палац спорту</name>
        <description>Автобус-112. Троллейбус-1, 25.</description>
        <styleUrl>#icon-1499-F57C00</styleUrl>
        <Point>
          <coordinates>
            36.3199939,49.9646213,0
          </coordinates>
        </Point>
      </Placemark>
      <Placemark>
        <name>Палац Спорту</name>
        <description>Автобус-112. Троллейбус-1, 25.</description>
        <styleUrl>#icon-1520-F57C00</styleUrl>
        <Point>
          <coordinates>
            36.3184811,49.9614672,0
          </coordinates>
        </Point>
      </Placemark>
      <Placemark>
        <name>вул. Олімпійська</name>
        <description>Троллейбус -1,25.</description>
        <styleUrl>#icon-1532-F57C00</styleUrl>
        <Point>
          <coordinates>
            36.3167538,49.9573121,0
          </coordinates>
        </Point>
      </Placemark>
      <Placemark>
        <name>вул. Каденюка</name>
        <description>Троллейбус-1.</description>
        <styleUrl>#icon-1532-F57C00</styleUrl>
        <Point>
          <coordinates>
            36.3157882,49.9551764,0
          </coordinates>
        </Point>
      </Placemark>
      <Placemark>
        <name>Остановка 29-й мікрорайон</name>
        <description>Троллейбус-1.</description>
        <styleUrl>#icon-1546-F57C00</styleUrl>
        <Point>
          <coordinates>
            36.3141896,49.9518974,0
          </coordinates>
        </Point>
      </Placemark>
      <Placemark>
        <name>Остановка бул. Жасминовий</name>
        <description>Троллейбус-1.</description>
        <styleUrl>#icon-1532-F57C00</styleUrl>
        <Point>
          <coordinates>
            36.3132454,49.9484595,0
          </coordinates>
        </Point>
      </Placemark>
      <Placemark>
        <name>Остановка пр. Байрона</name>
        <description>Троллейбус-1.</description>
        <styleUrl>#icon-1532-F57C00</styleUrl>
        <Point>
          <coordinates>
            36.3136639,49.9449454,0
          </coordinates>
        </Point>
      </Placemark>
      <Placemark>
        <name>Остановка 27-й мікрорайон</name>
        <description>Троллейбус -1, 3, 59.</description>
        <styleUrl>#icon-1546-F57C00</styleUrl>
        <Point>
          <coordinates>
            36.3089002,49.9443723,0
          </coordinates>
        </Point>
      </Placemark>
    <Placemark>
        <name>Лінія маршруту</name>
        <styleUrl>#line-000000-5263-nodesc</styleUrl>
        <LineString>
          <tessellate>1</tessellate>
          <coordinates>
            36.302777,49.9439126,0
            36.3037212,49.9439263,0
            36.3119877,49.9442854,0
            36.3139458,49.944351,0
            36.3138867,49.9446858,0
            36.3137151,49.9462289,0
            36.3134469,49.9485486,0
            36.3133879,49.9492321,0
            36.3134522,49.9494047,0
            36.3135541,49.9496567,0
            36.3139779,49.9507716,0
            36.3146109,49.9521108,0
            36.3152171,49.953381,0
            36.3158501,49.9548444,0
            36.3164509,49.956225,0
            36.3173414,49.9581818,0
            36.3184626,49.9606632,0
            36.3196964,49.9633997,0
            36.320367,49.9648352,0
            36.3192994,49.9650319,0
            36.319219,49.9649112,0
            36.3192029,49.9647904,0
            36.3193584,49.9647248,0
            36.3195087,49.9647662,0
            36.3196428,49.9648663,0
            36.3197071,49.9649008,0
            36.320206,49.964818,0
            36.3201363,49.9646386,0
          </coordinates>
        </LineString>
      </Placemark>
      <Placemark>
        <name>Остановка 28-й мікрорайон</name>
        <description>Автобус-18. Троллейбус -1.</description>
        <styleUrl>#icon-1499-000000</styleUrl>
        <Point>
          <coordinates>
            36.3032354,49.944179,0
          </coordinates>
        </Point>
      </Placemark>
      <Placemark>
        <name>Остановка 27 мікрорайон</name>
        <description>Троллейбус -1, 3, 59.</description>
        <styleUrl>#icon-1546-000000</styleUrl>
        <Point>
          <coordinates>
            36.3100697,49.944112,0
          </coordinates>
        </Point>
      </Placemark>
      <Placemark>
        <name>Остановка пр. Петра Григоренка</name>
        <description>Троллейбус-1.</description>
        <styleUrl>#icon-1532-000000</styleUrl>
        <Point>
          <coordinates>
            36.313909,49.9451841,0
          </coordinates>
        </Point>
      </Placemark>
      <Placemark>
        <name>Остановка бул. Жасминовий</name>
        <description>Троллейбус-1.</description>
        <styleUrl>#icon-1532-000000</styleUrl>
        <Point>
          <coordinates>
            36.3136207,49.9495944,0
          </coordinates>
        </Point>
      </Placemark>
      <Placemark>
        <name>Остановка 29 мікрорайон</name>
        <description>Троллейбус-1.</description>
        <styleUrl>#icon-1546-000000</styleUrl>
        <Point>
          <coordinates>
            36.3150167,49.9527182,0
          </coordinates>
        </Point>
      </Placemark>
      <Placemark>
        <name>вул. Каденюка</name>
        <description>Троллейбус-1.</description>
        <styleUrl>#icon-1532-000000</styleUrl>
        <Point>
          <coordinates>
            36.3167462,49.9564596,0
          </coordinates>
        </Point>
      </Placemark>
      <Placemark>
        <name>Палац Спорту</name>
        <description>Автобус-112. Троллейбус-1, 25.</description>
        <styleUrl>#icon-1520-000000</styleUrl>
        <Point>
          <coordinates>
            36.3190036,49.9615589,0
          </coordinates>
        </Point>
      </Placemark>
      <Placemark>
        <name>Станція метро Палац спорту</name>
        <description>Автобус-112. Троллейбус-1, 25.</description>
        <styleUrl>#icon-1626-000000</styleUrl>
        <Point>
          <coordinates>
            36.3199431,49.964956,0
          </coordinates>
        </Point>
      </Placemark>
    </Folder><Folder><name>Тролейбус №13</name><Placemark>
        <name>Лінія маршруту</name>
        <styleUrl>#line-F57C00-4681-nodesc</styleUrl>
        <LineString>
          <tessellate>1</tessellate>
          <coordinates>
            36.2674054,49.9866838,0
            36.2673732,49.9865596,0
            36.2733169,49.9859525,0
            36.2736174,49.9857732,0
            36.2781878,49.9830344,0
            36.2810417,49.9812476,0
            36.282179,49.9805163,0
            36.2828442,49.9801921,0
            36.2836059,49.9798816,0
            36.2839492,49.9796677,0
            36.2844642,49.9793434,0
            36.285698,49.9788329,0
            36.2884553,49.9775634,0
            36.2910624,49.9763835,0
            36.2950107,49.9746103,0
            36.2973174,49.9736305,0
            36.2994739,49.9727955,0
            36.3002463,49.972554,0
            36.3056,49.9708151,0
            36.3089689,49.969711,0
            36.3161894,49.9673647,0
            36.3173588,49.9670404,0
            36.3211246,49.9660121,0
            36.3240214,49.9652875,0
            36.3254269,49.9649631,0
            36.3268753,49.9647077,0
            36.3342782,49.9632584,0
            36.3333555,49.9613328,0
            36.3321217,49.9586341,0
            36.3308664,49.9557834,0
            36.329815,49.953395,0
            36.3290747,49.9517106,0
            36.3276156,49.9485695,0
            36.3270577,49.947389,0
            36.3267573,49.9470438,0
            36.326768,49.9469195,0
          </coordinates>
        </LineString>
      </Placemark>
      <Placemark>
        <name>Станція метро Захисників України</name>
        <description>Троллейбус -13.</description>
        <styleUrl>#icon-1499-F57C00</styleUrl>
        <Point>
          <coordinates>
            36.2673988,49.9867838,0
          </coordinates>
        </Point>
      </Placemark>
      <Placemark>
        <name>Остановка пров. Брянський</name>
        <description>Троллейбус -13.</description>
        <styleUrl>#icon-1532-F57C00</styleUrl>
        <Point>
          <coordinates>
            36.2708534,49.9861353,0
          </coordinates>
        </Point>
      </Placemark>
      <Placemark>
        <name>вул. Тарасівська</name>
        <description>Троллейбус -13, 20.</description>
        <styleUrl>#icon-1532-F57C00</styleUrl>
        <Point>
          <coordinates>
            36.2765399,49.9839001,0
          </coordinates>
        </Point>
      </Placemark>
      <Placemark>
        <name>вул. Соїча</name>
        <description>Троллейбус -13.</description>
        <styleUrl>#icon-1532-F57C00</styleUrl>
        <Point>
          <coordinates>
            36.2863567,49.9784051,0
          </coordinates>
        </Point>
      </Placemark>
      <Placemark>
        <name>Зупинка 17 лікарня</name>
        <description>Троллейбус-13.</description>
        <styleUrl>#icon-1624-F57C00</styleUrl>
        <Point>
          <coordinates>
            36.2896716,49.9769494,0
          </coordinates>
        </Point>
      </Placemark>
      <Placemark>
        <name>Остановка пров. Електромеханічний</name>
        <description>Автобус-249е. Троллейбус -13.</description>
        <styleUrl>#icon-1532-F57C00</styleUrl>
        <Point>
          <coordinates>
            36.29612,49.9740271,0
          </coordinates>
        </Point>
      </Placemark>
      <Placemark>
        <name>Станція метро Турбоатом</name>
        <description>Троллейбус-13.</description>
        <styleUrl>#icon-1626-F57C00</styleUrl>
        <Point>
          <coordinates>
            36.3032245,49.9714754,0
          </coordinates>
        </Point>
      </Placemark>
      <Placemark>
        <name>Зупинка Видавництво Харків</name>
        <description>Автобус – 267е. Троллейбус-13.</description>
        <styleUrl>#icon-1638-F57C00</styleUrl>
        <Point>
          <coordinates>
            36.3105264,49.9691266,0
          </coordinates>
        </Point>
      </Placemark>
      <Placemark>
        <name>Станція метро Палац спорту</name>
        <description>Троллейбус-13.</description>
        <styleUrl>#icon-1626-F57C00</styleUrl>
        <Point>
          <coordinates>
            36.3214269,49.9659108,0
          </coordinates>
        </Point>
      </Placemark>
      <Placemark>
        <name>вул. Василя Мельникова</name>
        <description>Троллейбус-13.</description>
        <styleUrl>#icon-1532-F57C00</styleUrl>
        <Point>
          <coordinates>
            36.3263406,49.9646961,0
          </coordinates>
        </Point>
      </Placemark>
      <Placemark>
        <name>вул. Харківських Дивізій</name>
        <description>Троллейбус-13.</description>
        <styleUrl>#icon-1532-F57C00</styleUrl>
        <Point>
          <coordinates>
            36.3336363,49.9622392,0
          </coordinates>
        </Point>
      </Placemark>
      <Placemark>
        <name>Остановка бул. Юр'єва</name>
        <description>Троллейбус-13.</description>
        <styleUrl>#icon-1532-F57C00</styleUrl>
        <Point>
          <coordinates>
            36.3319625,49.9584293,0
          </coordinates>
        </Point>
      </Placemark>
      <Placemark>
        <name>вул. Каденюка</name>
        <description>Троллейбус-13.</description>
        <styleUrl>#icon-1532-F57C00</styleUrl>
        <Point>
          <coordinates>
            36.3299013,49.9538735,0
          </coordinates>
        </Point>
      </Placemark>
      <Placemark>
        <name>вул. Паркова</name>
        <description>Троллейбус-13.</description>
        <styleUrl>#icon-1532-F57C00</styleUrl>
        <Point>
          <coordinates>
            36.3278468,49.949109,0
          </coordinates>
        </Point>
      </Placemark>
    <Placemark>
        <name>Лінія маршруту</name>
        <styleUrl>#line-000000-5263-nodesc</styleUrl>
        <LineString>
          <tessellate>1</tessellate>
          <coordinates>
            36.326768,49.9469195,0
            36.3270788,49.9469353,0
            36.3273953,49.9469871,0
            36.3274865,49.9470907,0
            36.3274543,49.9472046,0
            36.3273524,49.9472909,0
            36.3271753,49.9473496,0
            36.327347,49.9476292,0
            36.3274006,49.9477604,0
            36.3277279,49.9484611,0
            36.3284413,49.9500869,0
            36.3294606,49.9522753,0
            36.3304101,49.9544739,0
            36.3312523,49.9563411,0
            36.3319497,49.9579218,0
            36.3327972,49.9598095,0
            36.3337199,49.9618629,0
            36.3344709,49.9634054,0
            36.3345729,49.9636297,0
            36.3334893,49.9638506,0
            36.3270144,49.9650307,0
            36.3249115,49.965431,0
            36.3240425,49.9656656,0
            36.319987,49.9667698,0
            36.317101,49.9675496,0
            36.3163178,49.9677705,0
            36.3147621,49.9682949,0
            36.3107709,49.9695785,0
            36.3091616,49.9701168,0
            36.3049666,49.971421,0
            36.3023488,49.9722352,0
            36.3003854,49.9728493,0
            36.2995808,49.9731598,0
            36.2980144,49.9738499,0
            36.2920062,49.9764028,0
            36.2876718,49.9783002,0
            36.2845604,49.9796525,0
            36.2826614,49.9804114,0
            36.2822752,49.9805977,0
            36.2817924,49.9809082,0
            36.2774257,49.9836746,0
            36.2736814,49.9859649,0
            36.2722008,49.9861374,0
            36.2678127,49.9865651,0
            36.2678556,49.9866962,0
            36.2678771,49.9868065,0
            36.2678449,49.9869031,0
            36.2677376,49.9869583,0
            36.2675659,49.9869445,0
            36.2674586,49.9868755,0
            36.2674054,49.9866838,0
          </coordinates>
        </LineString>
      </Placemark>
      <Placemark>
        <name>Парк Зустрич</name>
        <description>Троллейбус-13.</description>
        <styleUrl>#icon-1499-000000</styleUrl>
        <Point>
          <coordinates>
            36.3267962,49.9471653,0
          </coordinates>
        </Point>
      </Placemark>
      <Placemark>
        <name>вул. Паркова</name>
        <description>Троллейбус-13.</description>
        <styleUrl>#icon-1532-000000</styleUrl>
        <Point>
          <coordinates>
            36.3284097,49.9496815,0
          </coordinates>
        </Point>
      </Placemark>
      <Placemark>
        <name>вул. Каденюка</name>
        <description>Троллейбус-13.</description>
        <styleUrl>#icon-1532-000000</styleUrl>
        <Point>
          <coordinates>
            36.3305891,49.954514,0
          </coordinates>
        </Point>
      </Placemark>
      <Placemark>
        <name>Остановка бул. Юр'єва</name>
        <description>Троллейбус-13.</description>
        <styleUrl>#icon-1532-000000</styleUrl>
        <Point>
          <coordinates>
            36.3324398,49.9588062,0
          </coordinates>
        </Point>
      </Placemark>
      <Placemark>
        <name>вул. Харківських Дивізій</name>
        <description>Троллейбус-13.</description>
        <styleUrl>#icon-1532-000000</styleUrl>
        <Point>
          <coordinates>
            36.3335462,49.963932,0
          </coordinates>
        </Point>
      </Placemark>
      <Placemark>
        <name>вул. Василя Мельникова</name>
        <description>Троллейбус-13.</description>
        <styleUrl>#icon-1532-000000</styleUrl>
        <Point>
          <coordinates>
            36.3266896,49.9651218,0
          </coordinates>
        </Point>
      </Placemark>
      <Placemark>
        <name>Станція метро Палац спорту</name>
        <description>Троллейбус-13.</description>
        <styleUrl>#icon-1626-000000</styleUrl>
        <Point>
          <coordinates>
            36.319123,49.9670679,0
          </coordinates>
        </Point>
      </Placemark>
      <Placemark>
        <name>Зупинка Видавництво Харків</name>
        <description>Троллейбус-13.</description>
        <styleUrl>#icon-1638-000000</styleUrl>
        <Point>
          <coordinates>
            36.3120849,49.9692486,0
          </coordinates>
        </Point>
      </Placemark>
      <Placemark>
        <name>Станція метро Турбоатом</name>
        <description>Троллейбус-13.</description>
        <styleUrl>#icon-1626-000000</styleUrl>
        <Point>
          <coordinates>
            36.3042938,49.9717922,0
          </coordinates>
        </Point>
      </Placemark>
      <Placemark>
        <name>Остановка пров. Електромеханічний</name>
        <description>Троллейбус-13.</description>
        <styleUrl>#icon-1532-000000</styleUrl>
        <Point>
          <coordinates>
            36.2945305,49.9754355,0
          </coordinates>
        </Point>
      </Placemark>
      <Placemark>
        <name>Зупинка 17 лікарня</name>
        <description>Троллейбус-13.</description>
        <styleUrl>#icon-1624-000000</styleUrl>
        <Point>
          <coordinates>
            36.2889086,49.9778876,0
          </coordinates>
        </Point>
      </Placemark>
      <Placemark>
        <name>вул. Соїча</name>
        <description>Троллейбус-13.</description>
        <styleUrl>#icon-1532-000000</styleUrl>
        <Point>
          <coordinates>
            36.2854028,49.9792782,0
          </coordinates>
        </Point>
      </Placemark>
      <Placemark>
        <name>вул. Тарасівська</name>
        <description>Троллейбус-13, 20.</description>
        <styleUrl>#icon-1532-000000</styleUrl>
        <Point>
          <coordinates>
            36.2769204,49.9840064,0
          </coordinates>
        </Point>
      </Placemark>
      <Placemark>
        <name>Станція метро Захисників України</name>
        <description>Троллейбус-13.</description>
        <styleUrl>#icon-1626-000000</styleUrl>
        <Point>
          <coordinates>
            36.2679785,49.9867368,0
          </coordinates>
        </Point>
      </Placemark>
    </Folder><Folder><name>Тролейбус №18</name><Placemark>
        <name>Лінія маршруту</name>
        <styleUrl>#line-F57C00-5263-nodesc</styleUrl>
        <LineString>
          <tessellate>1</tessellate>
          <coordinates>
            36.2307114,50.0059485,0
            36.2303681,50.0062312,0
            36.2300784,50.0064242,0
            36.2293703,50.0065966,0
            36.2290162,50.0066656,0
            36.2285978,50.0077413,0
            36.2286407,50.0079067,0
            36.2286193,50.0080377,0
            36.2283832,50.0088514,0
            36.2273425,50.0121954,0
            36.2265486,50.0147808,0
            36.2256581,50.0177452,0
            36.2246603,50.0211438,0
            36.2238986,50.0236873,0
            36.2228901,50.0273887,0
            36.222536,50.0282778,0
            36.2223644,50.0287741,0
            36.2215168,50.0315653,0
            36.2207765,50.0341497,0
            36.2205512,50.0348251,0
            36.2204117,50.035528,0
            36.2203903,50.0359552,0
            36.2204546,50.0364238,0
            36.2210554,50.0378916,0
            36.2225789,50.0416264,0
            36.2228579,50.0423085,0
            36.2234051,50.0422189,0
            36.2249071,50.0419778,0
            36.225642,50.04184,0
            36.226334,50.0416264,0
            36.2272245,50.0412681,0
            36.2279326,50.0407995,0
            36.2291879,50.0399726,0
            36.2304968,50.039132,0
            36.2314088,50.0385325,0
            36.232546,50.038057,0
            36.2342197,50.0373403,0
            36.2353141,50.0369476,0
            36.2363011,50.0366512,0
            36.2375349,50.0363342,0
            36.2385971,50.0360862,0
            36.2394983,50.0356658,0
            36.2405068,50.0352179,0
            36.241687,50.0347079,0
            36.2423415,50.0354522,0
            36.2453455,50.0383568,0
            36.2454904,50.0385049,0
            36.2453402,50.0385428,0
            36.2452165,50.0384919,0
            36.245147,50.0384119,0
          </coordinates>
        </LineString>
      </Placemark>
      <Placemark>
        <name>Станція метро Держпром</name>
        <description>Автобус – 33. Троллейбус – 2, 18, 58.</description>
        <styleUrl>#icon-1499-F57C00</styleUrl>
        <Point>
          <coordinates>
            36.2308367,50.0059926,0
          </coordinates>
        </Point>
      </Placemark>
      <Placemark>
        <name>вул. Чичібабіна</name>
        <description>Автобус – 33. Троллейбус – 2, 18, 58.</description>
        <styleUrl>#icon-1532-F57C00</styleUrl>
        <Point>
          <coordinates>
            36.2278327,50.0106676,0
          </coordinates>
        </Point>
      </Placemark>
      <Placemark>
        <name>Станція метро Наукова</name>
        <description>Автобус – 33. Троллейбус – 2, 18, 58.</description>
        <styleUrl>#icon-1626-F57C00</styleUrl>
        <Point>
          <coordinates>
            36.2270173,50.0135426,0
          </coordinates>
        </Point>
      </Placemark>
      <Placemark>
        <name>вул. Космічна</name>
        <description>Автобус – 20, 33. Троллейбус – 2, 18, 58.</description>
        <styleUrl>#icon-1532-F57C00</styleUrl>
        <Point>
          <coordinates>
            36.2255796,50.0187994,0
          </coordinates>
        </Point>
      </Placemark>
      <Placemark>
        <name>вул. Європейська</name>
        <description>Автобус – 20, 33. Троллейбус – 2, 18, 58.</description>
        <styleUrl>#icon-1532-F57C00</styleUrl>
        <Point>
          <coordinates>
            36.2246605,50.0217451,0
          </coordinates>
        </Point>
      </Placemark>
      <Placemark>
        <name>Станція метро Ботанічний сад</name>
        <description>Автобус -33. Троллейбус – 2, 18, 58.</description>
        <styleUrl>#icon-1626-F57C00</styleUrl>
        <Point>
          <coordinates>
            36.2230727,50.0274296,0
          </coordinates>
        </Point>
      </Placemark>
      <Placemark>
        <name>вул. Тобольська</name>
        <description>Автобус -33. Троллейбус – 2, 18, 58.</description>
        <styleUrl>#icon-1532-F57C00</styleUrl>
        <Point>
          <coordinates>
            36.221989,50.0308825,0
          </coordinates>
        </Point>
      </Placemark>
      <Placemark>
        <name>Станція метро 23 серпня</name>
        <description>Автобус -63. Троллейбус - 2, 18, 58.</description>
        <styleUrl>#icon-1626-F57C00</styleUrl>
        <Point>
          <coordinates>
            36.2207445,50.0348659,0
          </coordinates>
        </Point>
      </Placemark>
      <Placemark>
        <name>Станція метро 23 серпня</name>
        <description>Автобус -63. Троллейбус – 2, 18, 58.</description>
        <styleUrl>#icon-1626-F57C00</styleUrl>
        <Point>
          <coordinates>
            36.2207082,50.0367662,0
          </coordinates>
        </Point>
      </Placemark>
      <Placemark>
        <name>Інститут низьких температур</name>
        <description>Автобус -63. Троллейбус – 2, 18, 58.</description>
        <styleUrl>#icon-1694-F57C00</styleUrl>
        <Point>
          <coordinates>
            36.2218024,50.0396356,0
          </coordinates>
        </Point>
      </Placemark>
      <Placemark>
        <name>Зупинка Різдвяна церква</name>
        <description>Троллейбус – 18, 40.</description>
        <styleUrl>#icon-1670-F57C00</styleUrl>
        <Point>
          <coordinates>
            36.223734,50.0421713,0
          </coordinates>
        </Point>
      </Placemark>
      <Placemark>
        <name>Остановка Діброва</name>
        <description>Троллейбус – 18, 40.</description>
        <styleUrl>#icon-1886-F57C00</styleUrl>
        <Point>
          <coordinates>
            36.2280892,50.0406554,0
          </coordinates>
        </Point>
      </Placemark>
      <Placemark>
        <name>вул. Новопрудна</name>
        <description>Автобус-33, 63. Троллейбус - 12, 18, 40.</description>
        <styleUrl>#icon-1532-F57C00</styleUrl>
        <Point>
          <coordinates>
            36.2360216,50.0366761,0
          </coordinates>
        </Point>
      </Placemark>
      <Placemark>
        <name>вул. Балакірєва</name>
        <description>Автобус-20, 77. Маршрутка - 277е. Троллейбус -18.</description>
        <styleUrl>#icon-1532-F57C00</styleUrl>
        <Point>
          <coordinates>
            36.2421263,50.0351359,0
          </coordinates>
        </Point>
      </Placemark>
    <Placemark>
        <name>Лінія маршруту</name>
        <styleUrl>#line-000000-5456-nodesc</styleUrl>
        <LineString>
          <tessellate>1</tessellate>
          <coordinates>
            36.245147,50.0384119,0
            36.2451155,50.038335,0
            36.2451799,50.0382764,0
            36.2450887,50.0381765,0
            36.242841,50.0360402,0
            36.2423582,50.0355716,0
            36.2416608,50.0348825,0
            36.2408669,50.035203,0
            36.2395848,50.0357715,0
            36.2386085,50.036185,0
            36.2370367,50.0365709,0
            36.2356581,50.0369258,0
            36.2343813,50.0373737,0
            36.2334962,50.0377561,0
            36.231565,50.0385899,0
            36.2312485,50.038776,0
            36.2290759,50.0401817,0
            36.2274022,50.0412842,0
            36.2270053,50.0414909,0
            36.2264366,50.0417045,0
            36.2260289,50.0418388,0
            36.2240656,50.0422178,0
            36.2227996,50.0424417,0
            36.2226923,50.0422385,0
            36.2222041,50.0411188,0
            36.2219734,50.0405365,0
            36.2213565,50.0390034,0
            36.2207986,50.0376459,0
            36.2203909,50.0367052,0
            36.2202783,50.0364537,0
            36.2202193,50.0362573,0
            36.2202032,50.0358335,0
            36.2202461,50.0354614,0
            36.2203266,50.0351513,0
            36.2206752,50.0340314,0
            36.2211795,50.0322775,0
            36.2216838,50.030558,0
            36.2223275,50.0284559,0
            36.2223919,50.0282112,0
            36.222644,50.027391,0
            36.2232233,50.0253474,0
            36.2238939,50.0230245,0
            36.2243606,50.0214425,0
            36.2245001,50.0207876,0
            36.2247468,50.019957,0
            36.2252618,50.0182473,0
            36.2254335,50.0177269,0
            36.2260504,50.0156793,0
            36.2266834,50.0134594,0
            36.2274344,50.0110945,0
            36.2281479,50.0085917,0
            36.2284,50.0078815,0
            36.2286407,50.0079067,0
            36.2288399,50.0079401,0
            36.22943,50.008009,0
            36.2302561,50.0080021,0
            36.2307282,50.0078987,0
            36.2316294,50.0075746,0
            36.2327345,50.0070575,0
            36.2334855,50.0067334,0
            36.2318976,50.0051681,0
            36.2307114,50.0059485,0
          </coordinates>
        </LineString>
      </Placemark>
      <Placemark>
        <name>Лікарня невідкладної допомоги</name>
        <description>Троллейбус-18.</description>
        <styleUrl>#icon-1499-000000</styleUrl>
        <Point>
          <coordinates>
            36.2452165,50.0384919,0
          </coordinates>
        </Point>
      </Placemark>
      <Placemark>
        <name>вул. Балакірєва</name>
        <description>Автобус-33, 63. Троллейбус - 12, 18, 40.</description>
        <styleUrl>#icon-1532-000000</styleUrl>
        <Point>
          <coordinates>
            36.2411485,50.0351287,0
          </coordinates>
        </Point>
      </Placemark>
      <Placemark>
        <name>вул. Новопрудна</name>
        <description>Автобус-33, 63. Троллейбус - 12, 18, 40.</description>
        <styleUrl>#icon-1532-000000</styleUrl>
        <Point>
          <coordinates>
            36.2355242,50.0369652,0
          </coordinates>
        </Point>
      </Placemark>
      <Placemark>
        <name>Остановка Діброва</name>
        <description>Троллейбус – 18, 40.</description>
        <styleUrl>#icon-1886-000000</styleUrl>
        <Point>
          <coordinates>
            36.2265453,50.0416965,0
          </coordinates>
        </Point>
      </Placemark>
      <Placemark>
        <name>Зупинка Різдвяна церква</name>
        <description>Автобус -63. Троллейбус – 2, 18, 58.</description>
        <styleUrl>#icon-1670-000000</styleUrl>
        <Point>
          <coordinates>
            36.2226825,50.0416545,0
          </coordinates>
        </Point>
      </Placemark>
      <Placemark>
        <name>Інститут низьких температур</name>
        <description>Автобус -63. Троллейбус – 2, 18, 58.</description>
        <styleUrl>#icon-1694-000000</styleUrl>
        <Point>
          <coordinates>
            36.221223,50.0390292,0
          </coordinates>
        </Point>
      </Placemark>
      <Placemark>
        <name>Станція метро 23 серпня</name>
        <description>Автобус -63. Троллейбус – 2, 18, 58.</description>
        <styleUrl>#icon-1626-000000</styleUrl>
        <Point>
          <coordinates>
            36.2205473,50.0337644,0
          </coordinates>
        </Point>
      </Placemark>
      <Placemark>
        <name>вул. Тобольська</name>
        <description>Автобус -33. Троллейбус – 2, 18, 58.</description>
        <styleUrl>#icon-1532-000000</styleUrl>
        <Point>
          <coordinates>
            36.2216319,50.0302971,0
          </coordinates>
        </Point>
      </Placemark>
      <Placemark>
        <name>Станція метро Ботанічний сад</name>
        <description>Автобус -33. Троллейбус – 2, 18, 58.</description>
        <styleUrl>#icon-1626-000000</styleUrl>
        <Point>
          <coordinates>
            36.2227713,50.0265684,0
          </coordinates>
        </Point>
      </Placemark>
      <Placemark>
        <name>вул. Європейська</name>
        <description>Автобус – 20, 33. Троллейбус – 2, 18, 58.</description>
        <styleUrl>#icon-1532-000000</styleUrl>
        <Point>
          <coordinates>
            36.2242654,50.0209231,0
          </coordinates>
        </Point>
      </Placemark>
      <Placemark>
        <name>вул. Космічна</name>
        <description>Автобус – 20, 33. Троллейбус – 2, 18, 58.</description>
        <styleUrl>#icon-1532-000000</styleUrl>
        <Point>
          <coordinates>
            36.2251452,50.0181967,0
          </coordinates>
        </Point>
      </Placemark>
      <Placemark>
        <name>Станція метро Наукова</name>
        <description>Автобус – 33. Троллейбус – 2, 18, 58.</description>
        <styleUrl>#icon-1626-000000</styleUrl>
        <Point>
          <coordinates>
            36.226634,50.0132985,0
          </coordinates>
        </Point>
      </Placemark>
      <Placemark>
        <name>вул. Чичібабіна</name>
        <description>Автобус – 33. Троллейбус – 2, 18, 58.</description>
        <styleUrl>#icon-1532-000000</styleUrl>
        <Point>
          <coordinates>
            36.2277051,50.0095788,0
          </coordinates>
        </Point>
      </Placemark>
      <Placemark>
        <name>Станція метро Держпром</name>
        <description>Троллейбус – 18.</description>
        <styleUrl>#icon-1626-000000</styleUrl>
        <Point>
          <coordinates>
            36.2330181,50.0063001,0
          </coordinates>
        </Point>
      </Placemark>
    </Folder><Folder><name>Тролейбус №19</name><Placemark>
        <name>Лінія маршруту</name>
        <styleUrl>#line-F57C00-4875-nodesc</styleUrl>
        <LineString>
          <tessellate>1</tessellate>
          <coordinates>
            36.2620233,49.9459926,0
            36.2624068,49.9458526,0
            36.2630505,49.9456455,0
            36.2635601,49.9455592,0
            36.26503,49.9453762,0
            36.2694717,49.9448584,0
            36.2732322,49.9444131,0
            36.2745089,49.9442508,0
            36.2756434,49.9441455,0
            36.2764776,49.9440955,0
            36.2789882,49.9440575,0
            36.2848622,49.9440126,0
            36.2903393,49.9439505,0
            36.2965513,49.9438952,0
            36.301272,49.9438573,0
            36.3014115,49.9441265,0
            36.301626,49.9446927,0
            36.3016904,49.9449343,0
            36.3017709,49.9453348,0
            36.3018031,49.9456731,0
            36.3018138,49.947261,0
            36.301846,49.9498775,0
            36.3019372,49.9521867,0
            36.3019801,49.952984,0
            36.3020766,49.9533775,0
            36.3021678,49.9537158,0
            36.3025755,49.9548513,0
            36.3031495,49.9563043,0
            36.3037825,49.9580748,0
            36.3045926,49.9602387,0
            36.305424,49.9624162,0
            36.3061912,49.9645212,0
            36.3072426,49.9672782,0
            36.3076878,49.9685204,0
            36.3083906,49.9701663,0
            36.3090558,49.9719155,0
            36.3099784,49.9742651,0
            36.3102467,49.9751517,0
            36.3103647,49.9756347,0
            36.3106275,49.9773976,0
            36.3106275,49.977715,0
            36.3109333,49.9796261,0
            36.3112444,49.981858,0
            36.3114161,49.9830239,0
            36.3116521,49.9848106,0
            36.3120437,49.9877804,0
            36.3121618,49.9881805,0
            36.3123281,49.9885254,0
            36.3126392,49.9894807,0
            36.3131327,49.9909224,0
            36.3134063,49.991619,0
            36.3139642,49.9932434,0
            36.3144363,49.9946332,0
            36.314903,49.9960367,0
            36.3156969,49.9981471,0
            36.3158096,49.9983816,0
            36.3161904,49.998354,0
            36.3215066,49.9979333,0
            36.3271446,49.9975092,0
            36.3306851,49.997254,0
            36.336645,49.9967919,0
            36.3400835,49.9965574,0
            36.3407112,49.9965402,0
            36.3441498,49.9965126,0
            36.344477,49.9964919,0
            36.3449062,49.9965091,0
            36.346258,49.9964919,0
            36.3493318,49.9963712,0
            36.3499058,49.9963264,0
            36.3510216,49.9961988,0
            36.3521213,49.9960436,0
            36.353044,49.9958436,0
            36.3539935,49.9956194,0
            36.3550878,49.995316,0
            36.3565416,49.9947366,0
            36.3571317,49.9944435,0
            36.3578237,49.9940434,0
            36.3584781,49.9935503,0
            36.3591004,49.9930709,0
            36.3595564,49.9927088,0
            36.3595188,49.9924778,0
            36.3595939,49.9922088,0
            36.3596315,49.992026,0
            36.3597656,49.991888,0
            36.3600016,49.9918363,0
            36.3602699,49.9918432,0
            36.3605327,49.9919122,0
            36.3606293,49.991988,0
            36.3605247,49.9920934,0
          </coordinates>
        </LineString>
      </Placemark>
      <Placemark>
        <name>вул. Одеська</name>
        <description>Троллейбус-19, 35.</description>
        <styleUrl>#icon-1499-F57C00</styleUrl>
        <Point>
          <coordinates>
            36.2618272,49.946288,0
          </coordinates>
        </Point>
      </Placemark>
      <Placemark>
        <name>вул. Монюшка</name>
        <description>Маршрутка – 259е. Троллейбус – 3, 19, 35, 59.</description>
        <styleUrl>#icon-1532-F57C00</styleUrl>
        <Point>
          <coordinates>
            36.2684716,49.9448856,0
          </coordinates>
        </Point>
      </Placemark>
      <Placemark>
        <name>вул. Морозова</name>
        <description>Маршрутка – 259е. Троллейбус – 3, 19, 35, 59.</description>
        <styleUrl>#icon-1532-F57C00</styleUrl>
        <Point>
          <coordinates>
            36.2821605,49.9439461,0
          </coordinates>
        </Point>
      </Placemark>
      <Placemark>
        <name>вул. Павла Чубинського</name>
        <description>Маршрутка – 259е. Троллейбус – 3, 19, 35, 59.</description>
        <styleUrl>#icon-1532-F57C00</styleUrl>
        <Point>
          <coordinates>
            36.2909045,49.943884,0
          </coordinates>
        </Point>
      </Placemark>
      <Placemark>
        <name>Остановка 28 мікрорайон</name>
        <description>Троллейбус – 19, 35.</description>
        <styleUrl>#icon-1546-F57C00</styleUrl>
        <Point>
          <coordinates>
            36.3016183,49.9446007,0
          </coordinates>
        </Point>
      </Placemark>
      <Placemark>
        <name>Зупинка проїзд Садовий</name>
        <description>Троллейбус – 19, 35.</description>
        <styleUrl>#icon-1582-F57C00</styleUrl>
        <Point>
          <coordinates>
            36.3020093,49.9483839,0
          </coordinates>
        </Point>
      </Placemark>
      <Placemark>
        <name>вул. Киргизька</name>
        <description>Троллейбус – 19, 35.</description>
        <styleUrl>#icon-1532-F57C00</styleUrl>
        <Point>
          <coordinates>
            36.3020985,49.9520111,0
          </coordinates>
        </Point>
      </Placemark>
      <Placemark>
        <name>вул. Ковтуна</name>
        <description>Троллейбус – 19, 35.</description>
        <styleUrl>#icon-1532-F57C00</styleUrl>
        <Point>
          <coordinates>
            36.3043773,49.9591725,0
          </coordinates>
        </Point>
      </Placemark>
      <Placemark>
        <name>вул. Олімпійська</name>
        <description>Троллейбус – 19, 35.</description>
        <styleUrl>#icon-1532-F57C00</styleUrl>
        <Point>
          <coordinates>
            36.3053544,49.9620052,0
          </coordinates>
        </Point>
      </Placemark>
      <Placemark>
        <name>Героїв Харкова</name>
        <description>Троллейбус – 19, 35.</description>
        <styleUrl>#icon-1532-F57C00</styleUrl>
        <Point>
          <coordinates>
            36.3077148,49.9675263,0
          </coordinates>
        </Point>
      </Placemark>
      <Placemark>
        <name>вул. Єдності</name>
        <description>Маршрутка – 259е. Троллейбус-19, 20, 31, 35, 57.</description>
        <styleUrl>#icon-1532-F57C00</styleUrl>
        <Point>
          <coordinates>
            36.3114699,49.9827655,0
          </coordinates>
        </Point>
      </Placemark>
      <Placemark>
        <name>Остановка ш. Салтівське</name>
        <description>Маршрутка – 259е. Троллейбус-19, 20, 31, 35, 57.</description>
        <styleUrl>#icon-1532-F57C00</styleUrl>
        <Point>
          <coordinates>
            36.3125213,49.9886091,0
          </coordinates>
        </Point>
      </Placemark>
      <Placemark>
        <name>вул. Камишева</name>
        <description>Маршрутка – 259е. Троллейбус-19, 20, 31, 35, 57.</description>
        <styleUrl>#icon-1532-F57C00</styleUrl>
        <Point>
          <coordinates>
            36.3136294,49.9919147,0
          </coordinates>
        </Point>
      </Placemark>
      <Placemark>
        <name>Остановка пр. Ювілейний</name>
        <description>Маршрутка – 259е. Троллейбус-19, 20, 24, 31, 35, 56.</description>
        <styleUrl>#icon-1532-F57C00</styleUrl>
        <Point>
          <coordinates>
            36.3170197,49.9981033,0
          </coordinates>
        </Point>
      </Placemark>
      <Placemark>
        <name>вул. Гвардійців Широнінців</name>
        <description>Маршрутка – 38е, 121е. Троллейбус-19, 20, 24.</description>
        <styleUrl>#icon-1532-F57C00</styleUrl>
        <Point>
          <coordinates>
            36.329705,49.9972423,0
          </coordinates>
        </Point>
      </Placemark>
      <Placemark>
        <name>Остановка 6 поліклініка</name>
        <description>Маршрутка – 38е, 121е. Троллейбус-19, 20, 24.</description>
        <styleUrl>#icon-1624-F57C00</styleUrl>
        <Point>
          <coordinates>
            36.3359318,49.9967456,0
          </coordinates>
        </Point>
      </Placemark>
      <Placemark>
        <name>Тракторобудівників</name>
        <description>Маршрутка – 38е. Троллейбус-19, 20, 24.</description>
        <styleUrl>#icon-1883-F57C00</styleUrl>
        <Point>
          <coordinates>
            36.3413884,49.9964355,0
          </coordinates>
        </Point>
      </Placemark>
      <Placemark>
        <name>вул. Познанська</name>
        <description>Маршрутка – 38е, 121е. Троллейбус-19, 20, 24.</description>
        <styleUrl>#icon-1532-F57C00</styleUrl>
        <Point>
          <coordinates>
            36.3517491,49.9960041,0
          </coordinates>
        </Point>
      </Placemark>
      <Placemark>
        <name>Салтівський РЕМ</name>
        <description>Маршрутка – 38е. Троллейбус-19, 20, 24.</description>
        <styleUrl>#icon-1619-F57C00</styleUrl>
        <Point>
          <coordinates>
            36.3568823,49.9944488,0
          </coordinates>
        </Point>
      </Placemark>
      <Placemark>
        <name>Остановка 602 мікрорайон</name>
        <description>Троллейбус-19, 24.</description>
        <styleUrl>#icon-1546-F57C00</styleUrl>
        <Point>
          <coordinates>
            36.3594894,49.9920865,0
          </coordinates>
        </Point>
      </Placemark>
    <Placemark>
        <name>Лінія маршруту</name>
        <styleUrl>#line-000000-5650-nodesc</styleUrl>
        <LineString>
          <tessellate>1</tessellate>
          <coordinates>
            36.3605247,49.9920934,0
            36.3598005,49.9927279,0
            36.3586794,49.9936177,0
            36.3577674,49.9942488,0
            36.3566731,49.9948488,0
            36.3553856,49.995373,0
            36.3542806,49.9956834,0
            36.352521,49.9960627,0
            36.3506649,49.9963386,0
            36.3492702,49.9964627,0
            36.3455366,49.9966145,0
            36.3443778,49.9966351,0
            36.3439916,49.99658,0
            36.3401614,49.996642,0
            36.3388847,49.9967248,0
            36.3371681,49.9968283,0
            36.3338743,49.9971041,0
            36.3290893,49.9974697,0
            36.3235639,49.9978835,0
            36.3157855,49.9984973,0
            36.3156138,49.9983662,0
            36.3150023,49.9966834,0
            36.3144873,49.9952144,0
            36.3141011,49.9940901,0
            36.3133393,49.9921244,0
            36.3128243,49.9906759,0
            36.3124166,49.9893929,0
            36.3119231,49.988103,0
            36.3118051,49.9876201,0
            36.3117729,49.987089,0
            36.3115154,49.9852195,0
            36.3113008,49.9839088,0
            36.3110541,49.9823773,0
            36.3109897,49.9814804,0
            36.3107751,49.9799695,0
            36.3106464,49.9792658,0
            36.3106035,49.9787552,0
            36.3103889,49.9776996,0
            36.3103889,49.9773063,0
            36.3102601,49.9765266,0
            36.3100885,49.9755124,0
            36.3099061,49.9746568,0
            36.3094877,49.9735873,0
            36.3090907,49.9726005,0
            36.3087581,49.9717104,0
            36.3079856,49.9696609,0
            36.3072024,49.9678115,0
            36.3057755,49.9640917,0
            36.3054214,49.9629944,0
            36.3047026,49.9612689,0
            36.3043807,49.9603924,0
            36.3036941,49.9585909,0
            36.3033508,49.9576867,0
            36.3026856,49.9558644,0
            36.3022457,49.9546771,0
            36.3018809,49.9536831,0
            36.3017844,49.9531102,0
            36.3017414,49.9522266,0
            36.3016234,49.9503558,0
            36.3016342,49.9489198,0
            36.3016342,49.9473388,0
            36.3016127,49.9461859,0
            36.3015805,49.9455783,0
            36.3013338,49.9445634,0
            36.3010441,49.9439351,0
            36.298909,49.9439558,0
            36.2947892,49.9440041,0
            36.290047,49.9440801,0
            36.2811099,49.9441215,0
            36.2768613,49.9442044,0
            36.2751125,49.9442941,0
            36.2712716,49.9447498,0
            36.26904,49.9450053,0
            36.2639974,49.9455714,0
            36.2631498,49.9457026,0
            36.2622593,49.946034,0
            36.2622915,49.9462066,0
            36.2622379,49.946393,0
            36.2620126,49.9464413,0
            36.2618838,49.9463447,0
            36.2618194,49.9462135,0
            36.2617873,49.9461099,0
            36.2620233,49.9459926,0
          </coordinates>
        </LineString>
      </Placemark>
      <Placemark>
        <name>Остановка 602 мікрорайон</name>
        <description>Троллейбус-19, 20, 24.</description>
        <styleUrl>#icon-1499-000000</styleUrl>
        <Point>
          <coordinates>
            36.3602233,49.9924206,0
          </coordinates>
        </Point>
      </Placemark>
      <Placemark>
        <name>Салтівський РЕМ</name>
        <description>Маршрутка – 38е. Троллейбус-19, 20, 24.</description>
        <styleUrl>#icon-1660-000000</styleUrl>
        <Point>
          <coordinates>
            36.3564253,49.9950898,0
          </coordinates>
        </Point>
      </Placemark>
      <Placemark>
        <name>вул. Познанська</name>
        <description>Маршрутка – 38е, 121е. Троллейбус-19, 20, 24.</description>
        <styleUrl>#icon-1532-000000</styleUrl>
        <Point>
          <coordinates>
            36.3512264,49.9963864,0
          </coordinates>
        </Point>
      </Placemark>
      <Placemark>
        <name>Остановка 603 мікрорайон</name>
        <description>Маршрутка – 38е. Троллейбус-19, 20, 24.</description>
        <styleUrl>#icon-1546-000000</styleUrl>
        <Point>
          <coordinates>
            36.3466073,49.9966923,0
          </coordinates>
        </Point>
      </Placemark>
      <Placemark>
        <name>Тракторобудівників</name>
        <description>Маршрутка – 38е, 121е. Троллейбус-19, 20, 24.</description>
        <styleUrl>#icon-1883-000000</styleUrl>
        <Point>
          <coordinates>
            36.3392309,49.9968108,0
          </coordinates>
        </Point>
      </Placemark>
      <Placemark>
        <name>вул. Гвардійців Широнінців</name>
        <description>Маршрутка – 38е, 121е. Троллейбус-19, 20, 24.</description>
        <styleUrl>#icon-1532-000000</styleUrl>
        <Point>
          <coordinates>
            36.3296429,49.9975901,0
          </coordinates>
        </Point>
      </Placemark>
      <Placemark>
        <name>Остановка пр. Льва Ландау</name>
        <description>Маршрутка – 259е. Троллейбус-19, 20, 31, 35, 57.</description>
        <styleUrl>#icon-1532-000000</styleUrl>
        <Point>
          <coordinates>
            36.3152596,49.9978866,0
          </coordinates>
        </Point>
      </Placemark>
      <Placemark>
        <name>вул. Камишева</name>
        <description>Маршрутка – 259е. Троллейбус-19, 20, 31, 35, 57.</description>
        <styleUrl>#icon-1532-000000</styleUrl>
        <Point>
          <coordinates>
            36.3128455,49.9912343,0
          </coordinates>
        </Point>
      </Placemark>
      <Placemark>
        <name>Остановка ш. Салтівське</name>
        <description>Маршрутка – 259е. Троллейбус-19, 20, 31, 35, 57.</description>
        <styleUrl>#icon-1532-000000</styleUrl>
        <Point>
          <coordinates>
            36.3116952,49.9878198,0
          </coordinates>
        </Point>
      </Placemark>
      <Placemark>
        <name>вул. Єдності</name>
        <description>Маршрутка – 259е. Троллейбус-19, 20, 31, 35, 57.</description>
        <styleUrl>#icon-1532-000000</styleUrl>
        <Point>
          <coordinates>
            36.3108351,49.9822611,0
          </coordinates>
        </Point>
      </Placemark>
      <Placemark>
        <name>вул. Олімпійська</name>
        <description>Троллейбус – 19, 35.</description>
        <styleUrl>#icon-1532-000000</styleUrl>
        <Point>
          <coordinates>
            36.3045176,49.9611355,0
          </coordinates>
        </Point>
      </Placemark>
      <Placemark>
        <name>вул. Ковтуна</name>
        <description>Троллейбус-19, 35.</description>
        <styleUrl>#icon-1532-000000</styleUrl>
        <Point>
          <coordinates>
            36.3034702,49.958544,0
          </coordinates>
        </Point>
      </Placemark>
      <Placemark>
        <name>Зупинка Енергоремонтне підприємство</name>
        <description>Троллейбус – 19, 35.</description>
        <styleUrl>#icon-1619-000000</styleUrl>
        <Point>
          <coordinates>
            36.3015912,49.9536477,0
          </coordinates>
        </Point>
      </Placemark>
      <Placemark>
        <name>Зупинка проїзд Садовий</name>
        <description>Троллейбус – 19, 35.</description>
        <styleUrl>#icon-1582-000000</styleUrl>
        <Point>
          <coordinates>
            36.3014196,49.9494159,0
          </coordinates>
        </Point>
      </Placemark>
      <Placemark>
        <name>Остановка 28 мікрорайон</name>
        <description>Маршрутка – 259е. Троллейбус – 3, 19, 35, 59.</description>
        <styleUrl>#icon-1546-000000</styleUrl>
        <Point>
          <coordinates>
            36.3000701,49.9440816,0
          </coordinates>
        </Point>
      </Placemark>
      <Placemark>
        <name>вул. Павла Чубинського</name>
        <description>Маршрутка – 259е. Троллейбус – 3, 19, 35, 59.</description>
        <styleUrl>#icon-1532-000000</styleUrl>
        <Point>
          <coordinates>
            36.2903694,49.9441578,0
          </coordinates>
        </Point>
      </Placemark>
      <Placemark>
        <name>вул. Морозова</name>
        <description>Автобус-102е, 107е, 147е, 152е, 225е, 259е, 304е. Троллейбус-3, 19, 35.</description>
        <styleUrl>#icon-1532-000000</styleUrl>
        <Point>
          <coordinates>
            36.2803809,49.9442148,0
          </coordinates>
        </Point>
      </Placemark>
      <Placemark>
        <name>вул. Миколи Кравченка</name>
        <description>Маршрутка – 259е. Троллейбус – 3, 19, 35, 59.</description>
        <styleUrl>#icon-1532-000000</styleUrl>
        <Point>
          <coordinates>
            36.2744013,49.9444031,0
          </coordinates>
        </Point>
      </Placemark>
      <Placemark>
        <name>вул. Манюшка</name>
        <description>Маршрутка – 259е. Троллейбус – 3, 19, 35, 59.</description>
        <styleUrl>#icon-1532-000000</styleUrl>
        <Point>
          <coordinates>
            36.2695304,49.9449624,0
          </coordinates>
        </Point>
      </Placemark>
      <Placemark>
        <name>Героїв Харкова</name>
        <description>Троллейбус-19, 35.</description>
        <styleUrl>#icon-1532-000000</styleUrl>
        <Point>
          <coordinates>
            36.3067319,49.9676746,0
          </coordinates>
        </Point>
      </Placemark>
    </Folder><Folder><name>Тролейбус №2</name><Placemark>
        <name>Лінія маршруту</name>
        <styleUrl>#line-F57C00-5456-nodesc</styleUrl>
        <LineString>
          <tessellate>1</tessellate>
          <coordinates>
            36.2931682,50.0464962,0
            36.2885086,50.0465001,0
            36.2880687,50.0464657,0
            36.2874679,50.0463486,0
            36.2818782,50.0452738,0
            36.2760202,50.0441438,0
            36.2752156,50.0440336,0
            36.2750868,50.0438406,0
            36.2749152,50.0435995,0
            36.2741642,50.0428209,0
            36.2732415,50.0418563,0
            36.2712566,50.0398167,0
            36.2702589,50.0388244,0
            36.2679843,50.0365435,0
            36.2671797,50.0356959,0
            36.264991,50.0334631,0
            36.2635426,50.0319951,0
            36.2605385,50.0289144,0
            36.2573306,50.0256612,0
            36.2545411,50.0227179,0
            36.2523095,50.0205534,0
            36.2512259,50.0196021,0
            36.2471168,50.0160174,0
            36.2458829,50.0149419,0
            36.242836,50.0122186,0
            36.2390272,50.0087918,0
            36.237729,50.0077438,0
            36.2374715,50.007468,0
            36.2363343,50.0057924,0
            36.235358,50.0061165,0
            36.2339954,50.0066405,0
            36.2328796,50.0071163,0
            36.2310986,50.007992,0
            36.2305622,50.0082126,0
            36.2299935,50.0083023,0
            36.2287383,50.0084953,0
            36.2284915,50.0084747,0
            36.2284057,50.008716,0
            36.2275474,50.0114671,0
            36.2268285,50.0137905,0
            36.2261633,50.015976,0
            36.2255196,50.0181889,0
            36.2250797,50.0196297,0
            36.2242965,50.022325,0
            36.2234919,50.025158,0
            36.222934,50.02715,0
            36.2222795,50.028942,0
            36.2218074,50.0307064,0
            36.2214748,50.0317057,0
            36.2207882,50.0342556,0
            36.2204341,50.035248,0
            36.2203483,50.0358406,0
            36.2203805,50.0362885,0
            36.2205414,50.0366538,0
            36.2213997,50.038659,0
            36.2226336,50.0416427,0
            36.2229662,50.0424282,0
            36.2219791,50.0428071,0
            36.2212174,50.0431585,0
            36.2191145,50.0441025,0
            36.216207,50.0454804,0
            36.214147,50.0464037,0
            36.2128381,50.0469824,0
            36.2123982,50.0472856,0
            36.211658,50.047816,0
            36.2096409,50.0492422,0
            36.2086324,50.0497451,0
            36.2067871,50.0507371,0
            36.2063579,50.051116,0
            36.2059824,50.0515982,0
            36.2058322,50.0519151,0
            36.2046306,50.0549599,0
            36.203783,50.05724,0
            36.2036113,50.0577152,0
            36.2034182,50.0579425,0
            36.2017445,50.0593408,0
            36.2021415,50.0597127,0
            36.2053172,50.0627088,0
            36.2084286,50.0656428,0
            36.2111001,50.0681564,0
            36.2118189,50.0688451,0
            36.2121086,50.0691033,0
            36.2121408,50.0692238,0
            36.2118511,50.0693891,0
            36.211556,50.0695406,0
            36.2111751,50.0696508,0
            36.2108801,50.0696198,0
            36.2105851,50.06952,0
            36.2103061,50.0692789,0
            36.2102525,50.0690655,0
            36.2103276,50.0689209,0
            36.2104456,50.0688313,0
            36.2105743,50.0686764,0
            36.2107245,50.0685765,0
            36.2107782,50.0683837,0
            36.2106924,50.0682184,0
            36.2105883,50.0680837,0
          </coordinates>
        </LineString>
      </Placemark>
      <Placemark>
        <name>Остановка пр. Жуковського</name>
        <description>Автобус-65е, 240е, 302е. Троллейбус 2.</description>
        <styleUrl>#icon-1499-F57C00</styleUrl>
        <Point>
          <coordinates>
            36.2933897,50.0465502,0
          </coordinates>
        </Point>
      </Placemark>
      <Placemark>
        <name>вул. Поздовжня</name>
        <description>Автобус-33, 62. Троллейбус-2, 55.</description>
        <styleUrl>#icon-1532-F57C00</styleUrl>
        <Point>
          <coordinates>
            36.2888025,50.0465579,0
          </coordinates>
        </Point>
      </Placemark>
      <Placemark>
        <name>Зупинка Литвинівка</name>
        <description>Автобус-33, 62. Троллейбус-2, 55.</description>
        <styleUrl>#icon-1532-F57C00</styleUrl>
        <Point>
          <coordinates>
            36.2827212,50.0454781,0
          </coordinates>
        </Point>
      </Placemark>
      <Placemark>
        <name>вул. Вадима Манько</name>
        <description>Автобус-33, 62. Троллейбус-2, 55.</description>
        <styleUrl>#icon-1532-F57C00</styleUrl>
        <Point>
          <coordinates>
            36.2758095,50.0441346,0
          </coordinates>
        </Point>
      </Placemark>
      <Placemark>
        <name>Остановка Лісопарк</name>
        <description>Автобус-31, 33, 62, 63, 96. Троллейбус-2, 12.</description>
        <styleUrl>#icon-1720-F57C00</styleUrl>
        <Point>
          <coordinates>
            36.2723913,50.0410136,0
          </coordinates>
        </Point>
      </Placemark>
      <Placemark>
        <name>Меморіал Слави</name>
        <description>Автобус-31, 33, 62, 63, 96. Троллейбус-2, 12.</description>
        <styleUrl>#icon-1600-F57C00</styleUrl>
        <Point>
          <coordinates>
            36.2676638,50.0361693,0
          </coordinates>
        </Point>
      </Placemark>
      <Placemark>
        <name>Велоцентр</name>
        <description>Автобус-31, 33, 62, 63, 96. Троллейбус-2, 12, 55.</description>
        <styleUrl>#icon-1522-F57C00</styleUrl>
        <Point>
          <coordinates>
            36.2639516,50.0323239,0
          </coordinates>
        </Point>
      </Placemark>
      <Placemark>
        <name>Зупинка Сокільники</name>
        <description>Автобус-31, 33, 62, 63, 96. Троллейбус-2, 12, 55.</description>
        <styleUrl>#icon-1720-F57C00</styleUrl>
        <Point>
          <coordinates>
            36.2575013,50.0259073,0
          </coordinates>
        </Point>
      </Placemark>
      <Placemark>
        <name>Дитяча залізниця</name>
        <description>Автобус-31, 33, 62, 63, 96. Троллейбус-2, 12, 55.</description>
        <styleUrl>#icon-1662-F57C00</styleUrl>
        <Point>
          <coordinates>
            36.2519486,50.0202849,0
          </coordinates>
        </Point>
      </Placemark>
      <Placemark>
        <name>Центральний парк</name>
        <description>Автобус-31, 33, 62, 63, 96. Троллейбус-2, 12, 55.</description>
        <styleUrl>#icon-1720-F57C00</styleUrl>
        <Point>
          <coordinates>
            36.2470039,50.0159468,0
          </coordinates>
        </Point>
      </Placemark>
      <Placemark>
        <name>вул. Олеся Гончара</name>
        <description>Автобус-31, 47, 62, 96. Троллейбус-2, 40, 55. .</description>
        <styleUrl>#icon-1532-F57C00</styleUrl>
        <Point>
          <coordinates>
            36.2437545,50.0130772,0
          </coordinates>
        </Point>
      </Placemark>
      <Placemark>
        <name>Зупинка Миколи Хвильового</name>
        <description>Автобус-31, 47, 62, 96. Троллейбус-2, 40, 55.</description>
        <styleUrl>#icon-1532-F57C00</styleUrl>
        <Point>
          <coordinates>
            36.2407251,50.0103911,0
          </coordinates>
        </Point>
      </Placemark>
      <Placemark>
        <name>вул. Сумська</name>
        <description>Автобус-31, 47, 62, 96. Троллейбус-2, 40, 55.</description>
        <styleUrl>#icon-1532-F57C00</styleUrl>
        <Point>
          <coordinates>
            36.2367219,50.0065088,0
          </coordinates>
        </Point>
      </Placemark>
      <Placemark>
        <name>вул. Трінклера</name>
        <description>Троллейбус 2, 58.</description>
        <styleUrl>#icon-1532-F57C00</styleUrl>
        <Point>
          <coordinates>
            36.2329866,50.0071175,0
          </coordinates>
        </Point>
      </Placemark>
      <Placemark>
        <name>вул. Данилевського</name>
        <description>Автобус-33. Троллейбус-2, 18, 58.</description>
        <styleUrl>#icon-1532-F57C00</styleUrl>
        <Point>
          <coordinates>
            36.2278246,50.0106868,0
          </coordinates>
        </Point>
      </Placemark>
      <Placemark>
        <name>Станція метро Наукова</name>
        <description>Автобус-20, 33. Троллейбус-2, 18, 58.</description>
        <styleUrl>#icon-1626-F57C00</styleUrl>
        <Point>
          <coordinates>
            36.2270259,50.0135227,0
          </coordinates>
        </Point>
      </Placemark>
      <Placemark>
        <name>вул. Космічна</name>
        <description>Автобус-20, 33. Троллейбус-2, 18, 58.</description>
        <styleUrl>#icon-1532-F57C00</styleUrl>
        <Point>
          <coordinates>
            36.2254872,50.0188049,0
          </coordinates>
        </Point>
      </Placemark>
      <Placemark>
        <name>вул. Європейська</name>
        <description>Автобус-20, 33. Троллейбус-2, 18, 58.</description>
        <styleUrl>#icon-1532-F57C00</styleUrl>
        <Point>
          <coordinates>
            36.2246637,50.0216941,0
          </coordinates>
        </Point>
      </Placemark>
      <Placemark>
        <name>Станція метро Ботанічний сад</name>
        <description>Автобус-20, 33. Троллейбус-2, 18, 58.</description>
        <styleUrl>#icon-1626-F57C00</styleUrl>
        <Point>
          <coordinates>
            36.2228335,50.0276074,0
          </coordinates>
        </Point>
      </Placemark>
      <Placemark>
        <name>вул. Тобольська</name>
        <description>Автобус-20, 33. Троллейбус-2, 18, 58.</description>
        <styleUrl>#icon-1532-F57C00</styleUrl>
        <Point>
          <coordinates>
            36.2220206,50.0309363,0
          </coordinates>
        </Point>
      </Placemark>
      <Placemark>
        <name>Станція метро 23 серпня</name>
        <description>Автобус-20, 33. Троллейбус-2, 18, 58.</description>
        <styleUrl>#icon-1626-F57C00</styleUrl>
        <Point>
          <coordinates>
            36.220722,50.0348482,0
          </coordinates>
        </Point>
      </Placemark>
      <Placemark>
        <name>Інститут низьких температур</name>
        <description>Автобус-63. Троллейбус-2, 18, 58.</description>
        <styleUrl>#icon-1694-F57C00</styleUrl>
        <Point>
          <coordinates>
            36.2218441,50.0396357,0
          </coordinates>
        </Point>
      </Placemark>
      <Placemark>
        <name>Зупинка Різдвяна церква</name>
        <description>Автобус-63. Троллейбус-2, 18, 58.</description>
        <styleUrl>#icon-1670-F57C00</styleUrl>
        <Point>
          <coordinates>
            36.2227374,50.0414497,0
          </coordinates>
        </Point>
      </Placemark>
      <Placemark>
        <name>вул. Білогірська</name>
        <description>Автобус-63. Троллейбус-2, 40, 58.</description>
        <styleUrl>#icon-1532-F57C00</styleUrl>
        <Point>
          <coordinates>
            36.2122982,50.0474293,0
          </coordinates>
        </Point>
      </Placemark>
      <Placemark>
        <name>Станція метро Олексіївська</name>
        <description>Автобус-63. Троллейбус-2, 40, 58.</description>
        <styleUrl>#icon-1626-F57C00</styleUrl>
        <Point>
          <coordinates>
            36.2076086,50.050355,0
          </coordinates>
        </Point>
      </Placemark>
      <Placemark>
        <name>Остановка АТС 336</name>
        <description>Автобус-63. Троллейбус-2, 40, 58.</description>
        <styleUrl>#icon-1648-F57C00</styleUrl>
        <Point>
          <coordinates>
            36.2055131,50.0529274,0
          </coordinates>
        </Point>
      </Placemark>
      <Placemark>
        <name>Остановка пр. Людвіга Свободи</name>
        <description>Автобус-63. Троллейбус-2, 40, 58.</description>
        <styleUrl>#icon-1532-F57C00</styleUrl>
        <Point>
          <coordinates>
            36.2049015,50.0547188,0
          </coordinates>
        </Point>
      </Placemark>
      <Placemark>
        <name>Станція метро Перемога</name>
        <description>Автобус-63. Троллейбус-2, 40.</description>
        <styleUrl>#icon-1626-F57C00</styleUrl>
        <Point>
          <coordinates>
            36.2029744,50.0584172,0
          </coordinates>
        </Point>
      </Placemark>
      <Placemark>
        <name>Станція метро Перемога</name>
        <description>Автобус-63. Троллейбус-2, 40.</description>
        <styleUrl>#icon-1626-F57C00</styleUrl>
        <Point>
          <coordinates>
            36.2034082,50.0607507,0
          </coordinates>
        </Point>
      </Placemark>
      <Placemark>
        <name>Остановка Шкільна</name>
        <description>Троллейбус-2, 40, 58.</description>
        <styleUrl>#icon-1682-F57C00</styleUrl>
        <Point>
          <coordinates>
            36.205731,50.0629483,0
          </coordinates>
        </Point>
      </Placemark>
      <Placemark>
        <name>вул. Сонячна</name>
        <description>Троллейбус-2, 40, 58.</description>
        <styleUrl>#icon-1700-F57C00</styleUrl>
        <Point>
          <coordinates>
            36.2091893,50.0662571,0
          </coordinates>
        </Point>
      </Placemark>
      <Placemark>
        <name>Остановка пр. Перемоги</name>
        <description>Троллейбус-2, 40, 58.</description>
        <styleUrl>#icon-1532-F57C00</styleUrl>
        <Point>
          <coordinates>
            36.2108351,50.0677393,0
          </coordinates>
        </Point>
      </Placemark>
    <Placemark>
        <name>Лінія маршруту</name>
        <styleUrl>#line-000000-5263-nodesc</styleUrl>
        <LineString>
          <tessellate>1</tessellate>
          <coordinates>
            36.2105883,50.0680837,0
            36.2078525,50.0655011,0
            36.2039365,50.061844,0
            36.2014152,50.0594402,0
            36.2027563,50.0582624,0
            36.2033571,50.0577045,0
            36.2036897,50.0567539,0
            36.204194,50.0556173,0
            36.2056424,50.051863,0
            36.2065007,50.0495069,0
            36.2071444,50.0496241,0
            36.2077452,50.0496172,0
            36.208507,50.0495552,0
            36.2089146,50.0494518,0
            36.2093438,50.0492245,0
            36.2099553,50.0489076,0
            36.2111355,50.0480602,0
            36.2124981,50.0470198,0
            36.213174,50.0466891,0
            36.2144078,50.0461586,0
            36.2152876,50.0457315,0
            36.215824,50.045511,0
            36.2175406,50.0447187,0
            36.2190534,50.0440021,0
            36.2221862,50.0425758,0
            36.2227334,50.0423622,0
            36.2223472,50.0414941,0
            36.2214137,50.0392133,0
            36.2202658,50.0365465,0
            36.2201907,50.0362571,0
            36.2201907,50.0358229,0
            36.2202765,50.0351476,0
            36.2204589,50.034679,0
            36.2208129,50.0334936,0
            36.2211563,50.0322256,0
            36.2215961,50.0308817,0
            36.2218965,50.02971,0
            36.2224115,50.0282351,0
            36.2225295,50.027663,0
            36.222948,50.0262501,0
            36.2231518,50.0255953,0
            36.2236346,50.0238238,0
            36.2239028,50.0229415,0
            36.224332,50.0215353,0
            36.2245573,50.020646,0
            36.2251259,50.0186607,0
            36.2256087,50.0170751,0
            36.2260271,50.015786,0
            36.2271644,50.0118424,0
            36.2274755,50.0108909,0
            36.2282587,50.0080984,0
            36.2283553,50.0079467,0
            36.228645,50.0079398,0
            36.2289132,50.0080019,0
            36.2294818,50.0080157,0
            36.2300934,50.0080502,0
            36.2308229,50.0079122,0
            36.231177,50.0077537,0
            36.2335159,50.0066987,0
            36.2355758,50.0059609,0
            36.2364234,50.0056644,0
            36.2366058,50.0059678,0
            36.2370027,50.0065332,0
            36.2374963,50.0071882,0
            36.2378503,50.0076295,0
            36.2388374,50.008457,0
            36.2400283,50.0095119,0
            36.2420131,50.0113115,0
            36.2443413,50.0133523,0
            36.2476672,50.0162961,0
            36.2501456,50.0184677,0
            36.2535144,50.0214801,0
            36.2569584,50.0250369,0
            36.258396,50.0265258,0
            36.2594582,50.0275872,0
            36.2609388,50.029138,0
            36.2618293,50.0300339,0
            36.2632884,50.0315226,0
            36.2644471,50.0326942,0
            36.2658848,50.0341828,0
            36.2669684,50.0352854,0
            36.2688137,50.037146,0
            36.2697686,50.0381176,0
            36.2723864,50.0407843,0
            36.2751974,50.0436714,0
            36.2753583,50.0439263,0
            36.2769355,50.0442019,0
            36.2788667,50.0446084,0
            36.2840916,50.0456212,0
            36.2873961,50.0462413,0
            36.2882222,50.0464204,0
            36.2890269,50.0464411,0
            36.2936081,50.0464549,0
            36.2947132,50.0464411,0
            36.2948955,50.0463309,0
            36.2951852,50.0462069,0
            36.2954105,50.0462069,0
            36.2954964,50.0463516,0
            36.2954534,50.0465031,0
            36.2950457,50.0465307,0
            36.2948312,50.0464893,0
            36.2931682,50.0464962,0
          </coordinates>
        </LineString>
      </Placemark>
      <Placemark>
        <name>Остановка пр. Перемоги</name>
        <description>Троллейбус-2, 40, 58.</description>
        <styleUrl>#icon-1499-000000</styleUrl>
        <Point>
          <coordinates>
            36.2102962,50.0680236,0
          </coordinates>
        </Point>
      </Placemark>
      <Placemark>
        <name>Зупинка Сонячна</name>
        <description>Троллейбус-2, 40, 58.</description>
        <styleUrl>#icon-1700-000000</styleUrl>
        <Point>
          <coordinates>
            36.2082792,50.0661849,0
          </coordinates>
        </Point>
      </Placemark>
      <Placemark>
        <name>Остановка Шкільна</name>
        <description>Троллейбус-2, 40, 58.</description>
        <styleUrl>#icon-1682-000000</styleUrl>
        <Point>
          <coordinates>
            36.2052751,50.0632165,0
          </coordinates>
        </Point>
      </Placemark>
      <Placemark>
        <name>Остановка 339 мікрорайон</name>
        <description>Троллейбус-2, 40, 58.</description>
        <styleUrl>#icon-1546-000000</styleUrl>
        <Point>
          <coordinates>
            36.2031196,50.0612163,0
          </coordinates>
        </Point>
      </Placemark>
      <Placemark>
        <name>Станція метро Перемога</name>
        <description>Автобус-63. Троллейбус-2, 40.</description>
        <styleUrl>#icon-1626-000000</styleUrl>
        <Point>
          <coordinates>
            36.2023934,50.0583757,0
          </coordinates>
        </Point>
      </Placemark>
      <Placemark>
        <name>Остановка 336 мікрорайон</name>
        <description>Автобус-63. Троллейбус-2, 40, 58.</description>
        <styleUrl>#icon-1546-000000</styleUrl>
        <Point>
          <coordinates>
            36.203537,50.0566041,0
          </coordinates>
        </Point>
      </Placemark>
      <Placemark>
        <name>Остановка пр. Людвіга Свободи</name>
        <description>Автобус-63. Троллейбус-2, 40, 58.</description>
        <styleUrl>#icon-1532-000000</styleUrl>
        <Point>
          <coordinates>
            36.2044891,50.0542244,0
          </coordinates>
        </Point>
      </Placemark>
      <Placemark>
        <name>Остановка АТС 336</name>
        <description>Автобус-63. Троллейбус-2, 40, 58.</description>
        <styleUrl>#icon-1648-000000</styleUrl>
        <Point>
          <coordinates>
            36.2052508,50.0523517,0
          </coordinates>
        </Point>
      </Placemark>
      <Placemark>
        <name>Станція метро Олексіївська</name>
        <description>Автобус-63. Троллейбус-2, 40, 58.</description>
        <styleUrl>#icon-1626-000000</styleUrl>
        <Point>
          <coordinates>
            36.2089308,50.049286,0
          </coordinates>
        </Point>
      </Placemark>
      <Placemark>
        <name>вул. Білогірська</name>
        <description>Автобус-63. Троллейбус-2, 40, 58.</description>
        <styleUrl>#icon-1532-000000</styleUrl>
        <Point>
          <coordinates>
            36.2126752,50.0467852,0
          </coordinates>
        </Point>
      </Placemark>
      <Placemark>
        <name>Зупинка Різдвяна церква</name>
        <description>Автобус-63. Троллейбус-2, 18, 58.</description>
        <styleUrl>#icon-1670-000000</styleUrl>
        <Point>
          <coordinates>
            36.222355,50.0417838,0
          </coordinates>
        </Point>
      </Placemark>
      <Placemark>
        <name>Інститут низьких температур</name>
        <description>Автобус-63. Троллейбус-2, 18, 58.</description>
        <styleUrl>#icon-1694-000000</styleUrl>
        <Point>
          <coordinates>
            36.221164,50.0390139,0
          </coordinates>
        </Point>
      </Placemark>
      <Placemark>
        <name>Станція метро 23 серпня</name>
        <description>Автобус-20, 33. Троллейбус-2, 18, 58.</description>
        <styleUrl>#icon-1626-000000</styleUrl>
        <Point>
          <coordinates>
            36.2205739,50.033811,0
          </coordinates>
        </Point>
      </Placemark>
      <Placemark>
        <name>вул. Тобольська</name>
        <description>Автобус-20, 33. Троллейбус-2, 18, 58.</description>
        <styleUrl>#icon-1532-000000</styleUrl>
        <Point>
          <coordinates>
            36.2216146,50.0303307,0
          </coordinates>
        </Point>
      </Placemark>
      <Placemark>
        <name>Остановка метро Ботанічний сад</name>
        <description>Автобус-20, 33. Троллейбус-2, 18, 58.</description>
        <styleUrl>#icon-1626-000000</styleUrl>
        <Point>
          <coordinates>
            36.2226865,50.026581,0
          </coordinates>
        </Point>
      </Placemark>
      <Placemark>
        <name>вул. Європейська</name>
        <description>Автобус-20, 33. Троллейбус-2, 18, 58.</description>
        <styleUrl>#icon-1532-000000</styleUrl>
        <Point>
          <coordinates>
            36.2242528,50.0211321,0
          </coordinates>
        </Point>
      </Placemark>
      <Placemark>
        <name>вул. Космічна</name>
        <description>Автобус-20, 33. Троллейбус-2, 18, 58.</description>
        <styleUrl>#icon-1532-000000</styleUrl>
        <Point>
          <coordinates>
            36.2251112,50.0181782,0
          </coordinates>
        </Point>
      </Placemark>
      <Placemark>
        <name>Станція метро Наукова</name>
        <description>Автобус-20, 33. Троллейбус-2, 18, 58.</description>
        <styleUrl>#icon-1626-000000</styleUrl>
        <Point>
          <coordinates>
            36.2266029,50.0133461,0
          </coordinates>
        </Point>
      </Placemark>
      <Placemark>
        <name>вул. Данилевського</name>
        <description>Автобус-33. Троллейбус-2, 18, 58.</description>
        <styleUrl>#icon-1532-000000</styleUrl>
        <Point>
          <coordinates>
            36.2277187,50.0096298,0
          </coordinates>
        </Point>
      </Placemark>
      <Placemark>
        <name>Станція метро Університет</name>
        <description>Автобус-31, 47, 96. Троллейбус-2, 58.</description>
        <styleUrl>#icon-1626-000000</styleUrl>
        <Point>
          <coordinates>
            36.2356319,50.0058067,0
          </coordinates>
        </Point>
      </Placemark>
      <Placemark>
        <name>вул. Сумська</name>
        <description>Автобус-31, 47, 62, 96. Троллейбус-2, 40, 55.</description>
        <styleUrl>#icon-1532-000000</styleUrl>
        <Point>
          <coordinates>
            36.2370261,50.0064521,0
          </coordinates>
        </Point>
      </Placemark>
      <Placemark>
        <name>вул. Миколи Хвильового</name>
        <description>Автобус-31, 47, 62, 96. Троллейбус-2, 40, 55.</description>
        <styleUrl>#icon-1532-000000</styleUrl>
        <Point>
          <coordinates>
            36.2415053,50.0107876,0
          </coordinates>
        </Point>
      </Placemark>
      <Placemark>
        <name>вул. Олеся Гончара</name>
        <description>Автобус-31, 47, 62, 96. Троллейбус-2, 40, 55.</description>
        <styleUrl>#icon-1532-000000</styleUrl>
        <Point>
          <coordinates>
            36.2437843,50.0128598,0
          </coordinates>
        </Point>
      </Placemark>
      <Placemark>
        <name>Центральний парк</name>
        <description>Автобус-31, 62, 63, 96. Троллейбус-2, 12, 55.</description>
        <styleUrl>#icon-1720-000000</styleUrl>
        <Point>
          <coordinates>
            36.2482047,50.0164,0
          </coordinates>
        </Point>
      </Placemark>
      <Placemark>
        <name>Дитяча залізниця</name>
        <description>Автобус-31, 33, 62, 63, 96. Троллейбус-2, 12, 55.</description>
        <styleUrl>#icon-1662-000000</styleUrl>
        <Point>
          <coordinates>
            36.2529468,50.0207155,0
          </coordinates>
        </Point>
      </Placemark>
      <Placemark>
        <name>Зупинка Сокільники</name>
        <description>Автобус-31, 33, 62, 63, 96. Троллейбус-2, 12, 55.</description>
        <styleUrl>#icon-1720-000000</styleUrl>
        <Point>
          <coordinates>
            36.2588691,50.0265745,0
          </coordinates>
        </Point>
      </Placemark>
      <Placemark>
        <name>Велоцентр</name>
        <description>Автобус-31, 33, 62, 63, 96. Троллейбус-2, 12, 55.</description>
        <styleUrl>#icon-1522-000000</styleUrl>
        <Point>
          <coordinates>
            36.2639116,50.0317988,0
          </coordinates>
        </Point>
      </Placemark>
      <Placemark>
        <name>Меморіал Слави</name>
        <description>Автобус-31, 33, 62, 63, 96. Троллейбус-2, 12.</description>
        <styleUrl>#icon-1600-000000</styleUrl>
        <Point>
          <coordinates>
            36.2696103,50.0376781,0
          </coordinates>
        </Point>
      </Placemark>
      <Placemark>
        <name>Остановка Лісопарк</name>
        <description>Автобус-31, 33, 62, 63, 96. Троллейбус-2, 12.</description>
        <styleUrl>#icon-1720-000000</styleUrl>
        <Point>
          <coordinates>
            36.2720779,50.0402552,0
          </coordinates>
        </Point>
      </Placemark>
      <Placemark>
        <name>вул. Вадима Манько</name>
        <description>Автобус-33, 62. Троллейбус-2, 55.</description>
        <styleUrl>#icon-1532-000000</styleUrl>
        <Point>
          <coordinates>
            36.2772492,50.044293,0
          </coordinates>
        </Point>
      </Placemark>
      <Placemark>
        <name>Зупинка Литвинівка</name>
        <description>Автобус-33, 62. Троллейбус-2, 55.</description>
        <styleUrl>#icon-1532-000000</styleUrl>
        <Point>
          <coordinates>
            36.2816051,50.0450784,0
          </coordinates>
        </Point>
      </Placemark>
      <Placemark>
        <name>вул. Поздовжня</name>
        <description>Автобус-33, 62. Троллейбус-2, 55.</description>
        <styleUrl>#icon-1532-000000</styleUrl>
        <Point>
          <coordinates>
            36.2876408,50.0463083,0
          </coordinates>
        </Point>
      </Placemark>
    </Folder><Folder><name>Тролейбус №20</name><Placemark>
        <name>Лінія маршруту</name>
        <styleUrl>#line-F57C00-4875-nodesc</styleUrl>
        <LineString>
          <tessellate>1</tessellate>
          <coordinates>
            36.2673811,49.9866075,0
            36.2677078,49.986539,0
            36.2692528,49.9863596,0
            36.27245,49.9859595,0
            36.2735336,49.9858561,0
            36.2739413,49.9856215,0
            36.2759261,49.984366,0
            36.2788122,49.9826413,0
            36.2803571,49.9816824,0
            36.2821917,49.9805026,0
            36.2827282,49.9802336,0
            36.2834792,49.97993,0
            36.2839191,49.9796678,0
            36.2841122,49.9794953,0
            36.2844663,49.9793573,0
            36.2884145,49.9775773,0
            36.2894766,49.977115,0
            36.2903135,49.9767286,0
            36.2947552,49.9747415,0
            36.2960534,49.974155,0
            36.2969546,49.9737755,0
            36.2980597,49.9733339,0
            36.30042,49.9724782,0
            36.3019864,49.9719745,0
            36.3033597,49.9715122,0
            36.3048403,49.9710705,0
            36.3092069,49.9696145,0
            36.3091318,49.969235,0
            36.3088636,49.9688416,0
            36.3085525,49.9686484,0
            36.3082092,49.9686829,0
            36.3079302,49.9688968,0
            36.3079839,49.9690763,0
            36.3084237,49.9702839,0
            36.3090353,49.9718365,0
            36.3097327,49.9735823,0
            36.3100545,49.9744103,0
            36.3102476,49.9750865,0
            36.3106124,49.9770598,0
            36.3106124,49.9777084,0
            36.3106553,49.9781017,0
            36.3110308,49.9803853,0
            36.3111811,49.981227,0
            36.3113956,49.9833381,0
            36.3115244,49.9840004,0
            36.3118141,49.9861596,0
            36.3120286,49.9875048,0
            36.3121037,49.988029,0
            36.3126294,49.9894017,0
            36.3133268,49.9915883,0
            36.3141315,49.9937679,0
            36.3149791,49.9960784,0
            36.3158266,49.998375,0
            36.3165777,49.9982992,0
            36.3187663,49.9981267,0
            36.3261371,49.9975474,0
            36.3315658,49.9971405,0
            36.3394301,49.996575,0
            36.3410394,49.9964922,0
            36.3427131,49.9965129,0
            36.34517,49.9964784,0
            36.3466613,49.9964853,0
            36.3490109,49.996375,0
            36.3504486,49.9962439,0
            36.3515,49.9960991,0
            36.3523583,49.9959612,0
            36.3541715,49.9955542,0
            36.3560061,49.9949749,0
            36.357594,49.9941955,0
            36.3588707,49.9932989,0
            36.359611,49.9926505,0
            36.3595359,49.9924022,0
            36.3595896,49.9920297,0
            36.359772,49.9918573,0
            36.3600294,49.9918228,0
            36.3603299,49.9918435,0
            36.3606303,49.9919608,0
            36.3605503,49.9920224,0
          </coordinates>
        </LineString>
      </Placemark>
      <Placemark>
        <name>Станція метро Захисників України</name>
        <description>Троллейбус-13, 20.</description>
        <styleUrl>#icon-1499-F57C00</styleUrl>
        <Point>
          <coordinates>
            36.2673323,49.9867563,0
          </coordinates>
        </Point>
      </Placemark>
      <Placemark>
        <name>вул. Холодноярська</name>
        <description>Троллейбус-13, 20.</description>
        <styleUrl>#icon-1532-F57C00</styleUrl>
        <Point>
          <coordinates>
            36.2708427,49.9861694,0
          </coordinates>
        </Point>
      </Placemark>
      <Placemark>
        <name>вул. Тарасівська</name>
        <description>Троллейбус-13, 20.</description>
        <styleUrl>#icon-1532-F57C00</styleUrl>
        <Point>
          <coordinates>
            36.2765505,49.9839274,0
          </coordinates>
        </Point>
      </Placemark>
      <Placemark>
        <name>вул. Соїча</name>
        <description>Троллейбус-13, 20.</description>
        <styleUrl>#icon-1532-F57C00</styleUrl>
        <Point>
          <coordinates>
            36.286337,49.9784261,0
          </coordinates>
        </Point>
      </Placemark>
      <Placemark>
        <name>Зупинка 17 лікарня</name>
        <description>Троллейбус-13, 20.</description>
        <styleUrl>#icon-1624-F57C00</styleUrl>
        <Point>
          <coordinates>
            36.2896613,49.9769222,0
          </coordinates>
        </Point>
      </Placemark>
      <Placemark>
        <name>Остановка пров. Електромеханічний</name>
        <description>Троллейбус-13, 20.</description>
        <styleUrl>#icon-1532-F57C00</styleUrl>
        <Point>
          <coordinates>
            36.2961095,49.974076,0
          </coordinates>
        </Point>
      </Placemark>
      <Placemark>
        <name>Станція метро Турбоатом</name>
        <description>Маршрутка – 259е. Троллейбус-13, 20, 31, 57.</description>
        <styleUrl>#icon-1626-F57C00</styleUrl>
        <Point>
          <coordinates>
            36.3032538,49.9714297,0
          </coordinates>
        </Point>
      </Placemark>
      <Placemark>
        <name>Остановка видавництво Харків</name>
        <description>Маршрутка – 259е. Троллейбус-20, 31, 57.</description>
        <styleUrl>#icon-1638-F57C00</styleUrl>
        <Point>
          <coordinates>
            36.308706,49.968834,0
          </coordinates>
        </Point>
      </Placemark>
      <Placemark>
        <name>вул. Єдності</name>
        <description>Маршрутка – 259е. Троллейбус-13, 20, 31, 35. 57.</description>
        <styleUrl>#icon-1532-F57C00</styleUrl>
        <Point>
          <coordinates>
            36.3115563,49.9827243,0
          </coordinates>
        </Point>
      </Placemark>
      <Placemark>
        <name>Остановка ш. Салтівське</name>
        <description>Маршрутка – 259е. Троллейбус-13, 20, 31, 35. 57.</description>
        <styleUrl>#icon-1532-F57C00</styleUrl>
        <Point>
          <coordinates>
            36.3125625,49.9886738,0
          </coordinates>
        </Point>
      </Placemark>
      <Placemark>
        <name>вул. Камишева</name>
        <description>Маршрутка – 259е. Троллейбус-13, 20, 31, 35. 57.</description>
        <styleUrl>#icon-1532-F57C00</styleUrl>
        <Point>
          <coordinates>
            36.3137236,49.9918965,0
          </coordinates>
        </Point>
      </Placemark>
      <Placemark>
        <name>Остановка пр. Ювілейний</name>
        <description>Маршрутка – 38е, 259е. Троллейбус-19, 20, 31, 35, 56.</description>
        <styleUrl>#icon-1532-F57C00</styleUrl>
        <Point>
          <coordinates>
            36.3170055,49.998146,0
          </coordinates>
        </Point>
      </Placemark>
      <Placemark>
        <name>вул. Гвардійців Широнінців</name>
        <description>Маршрутка – 38е. Троллейбус-19, 20, 24.</description>
        <styleUrl>#icon-1532-F57C00</styleUrl>
        <Point>
          <coordinates>
            36.3296965,49.9971892,0
          </coordinates>
        </Point>
      </Placemark>
      <Placemark>
        <name>Остановка 6 поліклініка</name>
        <description>Маршрутка – 38е. Троллейбус-19, 20, 24.</description>
        <styleUrl>#icon-1624-F57C00</styleUrl>
        <Point>
          <coordinates>
            36.3359318,49.9967456,0
          </coordinates>
        </Point>
      </Placemark>
      <Placemark>
        <name>Тракторобудівників</name>
        <description>Маршрутка – 38е. Троллейбус-19, 20, 24.</description>
        <styleUrl>#icon-1883-F57C00</styleUrl>
        <Point>
          <coordinates>
            36.3414007,49.9963891,0
          </coordinates>
        </Point>
      </Placemark>
      <Placemark>
        <name>вул. Познанська</name>
        <description>Маршрутка – 38е. Троллейбус-19, 20, 24.</description>
        <styleUrl>#icon-1532-F57C00</styleUrl>
        <Point>
          <coordinates>
            36.3517666,49.9959957,0
          </coordinates>
        </Point>
      </Placemark>
      <Placemark>
        <name>Салтівський РЕМ</name>
        <description>Маршрутка – 38е. Троллейбус-19, 20, 24.</description>
        <styleUrl>#icon-1619-F57C00</styleUrl>
        <Point>
          <coordinates>
            36.3568918,49.9944709,0
          </coordinates>
        </Point>
      </Placemark>
      <Placemark>
        <name>Остановка 602 м/р</name>
        <description>Маршрутка – 38е. Троллейбус-19, 20, 24.</description>
        <styleUrl>#icon-1546-F57C00</styleUrl>
        <Point>
          <coordinates>
            36.3594774,49.9920913,0
          </coordinates>
        </Point>
      </Placemark>
    <Placemark>
        <name>Лінія маршруту</name>
        <styleUrl>#line-000000-4875-nodesc</styleUrl>
        <LineString>
          <tessellate>1</tessellate>
          <coordinates>
            36.3605503,49.9920224,0
            36.3593379,49.9930846,0
            36.3581685,49.9939743,0
            36.3574389,49.9944019,0
            36.3562266,49.9950089,0
            36.3553575,49.995333,0
            36.354231,49.9956779,0
            36.3533083,49.9958917,0
            36.3522891,49.9960917,0
            36.3504545,49.9963469,0
            36.3496713,49.9964159,0
            36.3487271,49.9964848,0
            36.3473002,49.9965745,0
            36.3439099,49.996609,0
            36.3411418,49.996609,0
            36.3400475,49.9966504,0
            36.3383845,49.9967469,0
            36.3326446,49.9971814,0
            36.3276879,49.99754,0
            36.3238362,49.9978573,0
            36.317871,49.9983125,0
            36.3156823,49.9984918,0
            36.3155643,49.9981745,0
            36.3150171,49.9965952,0
            36.3144592,49.9949537,0
            36.3140944,49.9941329,0
            36.3135902,49.9927328,0
            36.3130967,49.9913671,0
            36.3121096,49.9884286,0
            36.3119058,49.9878699,0
            36.311777,49.9872904,0
            36.3116697,49.9866006,0
            36.3114766,49.9850761,0
            36.3112942,49.9837929,0
            36.3110796,49.9822476,0
            36.3110045,49.9814266,0
            36.3107578,49.9797294,0
            36.3106183,49.9789222,0
            36.310393,49.9777286,0
            36.3103823,49.9773422,0
            36.3103393,49.9768178,0
            36.3101784,49.9758795,0
            36.3099424,49.974948,0
            36.3094596,49.973568,0
            36.3088266,49.9719464,0
            36.3086335,49.9717739,0
            36.3083331,49.9716842,0
            36.3080756,49.9716842,0
            36.3077322,49.9717049,0
            36.307464,49.9716911,0
            36.3061444,49.9712357,0
            36.3056616,49.9712495,0
            36.3041166,49.9716704,0
            36.3014237,49.9725261,0
            36.2993637,49.9732299,0
            36.297851,49.9739061,0
            36.2917892,49.9765143,0
            36.2866072,49.9787635,0
            36.2844614,49.9797018,0
            36.2825838,49.9804331,0
            36.2820581,49.9807298,0
            36.281232,49.9812748,0
            36.2763826,49.9843034,0
            36.2736897,49.9859315,0
            36.2736038,49.9859176,0
            36.2725095,49.9860349,0
            36.2678424,49.9865799,0
            36.2678639,49.986842,0
            36.2677781,49.9869386,0
            36.267542,49.9869317,0
            36.2674025,49.9868145,0
            36.2673811,49.9866075,0
          </coordinates>
        </LineString>
      </Placemark>
      <Placemark>
        <name>Остановка 602 мікрорайон</name>
        <description>Троллейбус-19, 20, 24.</description>
        <styleUrl>#icon-1499-000000</styleUrl>
        <Point>
          <coordinates>
            36.3603091,49.9924482,0
          </coordinates>
        </Point>
      </Placemark>
      <Placemark>
        <name>Салтівський РЕМ</name>
        <description>Маршрутка – 38е. Троллейбус-19, 20, 24.</description>
        <styleUrl>#icon-1619-000000</styleUrl>
        <Point>
          <coordinates>
            36.3565004,49.9950278,0
          </coordinates>
        </Point>
      </Placemark>
      <Placemark>
        <name>вул. Познанська</name>
        <description>Маршрутка – 38е. Троллейбус-19, 20, 24.</description>
        <styleUrl>#icon-1532-000000</styleUrl>
        <Point>
          <coordinates>
            36.3512693,49.9963795,0
          </coordinates>
        </Point>
      </Placemark>
      <Placemark>
        <name>Остановка 603 мікрорайон</name>
        <description>Маршрутка – 38е. Троллейбус-19, 20, 24.</description>
        <styleUrl>#icon-1546-000000</styleUrl>
        <Point>
          <coordinates>
            36.3465415,49.9967363,0
          </coordinates>
        </Point>
      </Placemark>
      <Placemark>
        <name>Тракторобудівників</name>
        <description>Маршрутка – 38е. Троллейбус-19, 20, 24.</description>
        <styleUrl>#icon-1883-000000</styleUrl>
        <Point>
          <coordinates>
            36.3393382,49.9968108,0
          </coordinates>
        </Point>
      </Placemark>
      <Placemark>
        <name>вул. Гвардійців Широнінців</name>
        <description>Маршрутка – 38е. Троллейбус-19, 20, 24.</description>
        <styleUrl>#icon-1532-000000</styleUrl>
        <Point>
          <coordinates>
            36.3296965,49.9975418,0
          </coordinates>
        </Point>
      </Placemark>
      <Placemark>
        <name>Остановка пр. Льва Ландау</name>
        <description>Маршрутка – 259е. Троллейбус-19, 20, 31, 35, 57.</description>
        <styleUrl>#icon-1532-000000</styleUrl>
        <Point>
          <coordinates>
            36.3152703,49.9978521,0
          </coordinates>
        </Point>
      </Placemark>
      <Placemark>
        <name>вул. Камишева</name>
        <description>Маршрутка – 259е. Троллейбус-13, 20, 31, 35. 57.</description>
        <styleUrl>#icon-1532-000000</styleUrl>
        <Point>
          <coordinates>
            36.3128455,49.9912343,0
          </coordinates>
        </Point>
      </Placemark>
      <Placemark>
        <name>Остановка ш. Салтівське</name>
        <description>Маршрутка – 259е. Троллейбус-13, 20, 31, 35. 57.</description>
        <styleUrl>#icon-1532-000000</styleUrl>
        <Point>
          <coordinates>
            36.3116737,49.9877094,0
          </coordinates>
        </Point>
      </Placemark>
      <Placemark>
        <name>вул. Єдності</name>
        <description>Маршрутка – 259е. Троллейбус-13, 20, 31, 35. 57.</description>
        <styleUrl>#icon-1532-000000</styleUrl>
        <Point>
          <coordinates>
            36.3108887,49.9819989,0
          </coordinates>
        </Point>
      </Placemark>
      <Placemark>
        <name>Станція метро Турбоатом</name>
        <description>Маршрутка – 259е. Троллейбус-13, 20, 31, 57.</description>
        <styleUrl>#icon-1626-000000</styleUrl>
        <Point>
          <coordinates>
            36.3026977,49.9722363,0
          </coordinates>
        </Point>
      </Placemark>
      <Placemark>
        <name>Остановка пров. Електромеханічний</name>
        <description>Троллейбус-13, 20.</description>
        <styleUrl>#icon-1532-000000</styleUrl>
        <Point>
          <coordinates>
            36.2945825,49.9754367,0
          </coordinates>
        </Point>
      </Placemark>
      <Placemark>
        <name>Зупинка 17 лікарня</name>
        <description>Троллейбус-13, 20.</description>
        <styleUrl>#icon-1624-000000</styleUrl>
        <Point>
          <coordinates>
            36.2889327,49.9778605,0
          </coordinates>
        </Point>
      </Placemark>
      <Placemark>
        <name>вул. Соїча</name>
        <description>Троллейбус-13, 20.</description>
        <styleUrl>#icon-1532-000000</styleUrl>
        <Point>
          <coordinates>
            36.2854444,49.979258,0
          </coordinates>
        </Point>
      </Placemark>
      <Placemark>
        <name>вул. Тарасівська</name>
        <description>Троллейбус-13, 20.</description>
        <styleUrl>#icon-1532-000000</styleUrl>
        <Point>
          <coordinates>
            36.2769582,49.9840447,0
          </coordinates>
        </Point>
      </Placemark>
      <Placemark>
        <name>Станція метро Захисників України</name>
        <description>Троллейбус-13, 20.</description>
        <styleUrl>#icon-1626-000000</styleUrl>
        <Point>
          <coordinates>
            36.2679245,49.9867557,0
          </coordinates>
        </Point>
      </Placemark>
    </Folder><Folder><name>Тролейбус №24</name><Placemark>
        <name>Лінія маршруту</name>
        <styleUrl>#line-F57C00-5456-nodesc</styleUrl>
        <LineString>
          <tessellate>1</tessellate>
          <coordinates>
            36.3049037,50.0020347,0
            36.3052857,50.0023181,0
            36.3057578,50.0022836,0
            36.3062942,50.0022078,0
            36.3070238,50.0020423,0
            36.307807,50.0017181,0
            36.3108647,50.0004492,0
            36.3152528,49.9985527,0
            36.3157249,49.9983734,0
            36.3161326,49.9983596,0
            36.3175166,49.9982355,0
            36.3243509,49.9977182,0
            36.3276554,49.99747,0
            36.3325584,49.9970975,0
            36.3355196,49.9968699,0
            36.3399828,49.9965251,0
            36.3407553,49.9965113,0
            36.3412595,49.9965182,0
            36.3433516,49.9964768,0
            36.3458515,49.9964768,0
            36.3470102,49.9964216,0
            36.3484049,49.9963803,0
            36.3511193,49.9961665,0
            36.3517309,49.996063,0
            36.3530291,49.9958147,0
            36.3546277,49.9954354,0
            36.3560439,49.9949595,0
            36.3569344,49.994525,0
            36.3575244,49.9941939,0
            36.358136,49.9938283,0
            36.3589085,49.9932145,0
            36.3594878,49.99278,0
            36.3595629,49.9925041,0
            36.3595951,49.9921109,0
            36.359756,49.9919109,0
            36.3600135,49.9918281,0
            36.3603676,49.9918281,0
            36.3606143,49.9919109,0
            36.3607109,49.9919867,0
            36.3606293,49.9920413,0
          </coordinates>
        </LineString>
      </Placemark>
      <Placemark>
        <name>Станція метро Академіка Барабашова</name>
        <description>Троллейбус-24.</description>
        <styleUrl>#icon-1499-F57C00</styleUrl>
        <Point>
          <coordinates>
            36.3046915,50.0019107,0
          </coordinates>
        </Point>
      </Placemark>
      <Placemark>
        <name>Остановка пр. Ювілейний</name>
        <description>Автобус-81, 83. Маршрутка 38е, 121е, 259е. Троллейбус – 19, 20, 24, 31, 35, 56.</description>
        <styleUrl>#icon-1532-F57C00</styleUrl>
        <Point>
          <coordinates>
            36.3169618,49.9981041,0
          </coordinates>
        </Point>
      </Placemark>
      <Placemark>
        <name>вул. Гвардійців Широнінців</name>
        <description>Автобус-81, 83. Маршрутка 38е, 121е. Троллейбус – 19, 20, 24.</description>
        <styleUrl>#icon-1532-F57C00</styleUrl>
        <Point>
          <coordinates>
            36.3296969,49.9971955,0
          </coordinates>
        </Point>
      </Placemark>
      <Placemark>
        <name>Остановка 6 поліклініка</name>
        <description>Автобус-81, 83. Маршрутка 38е, 121е. Троллейбус – 19, 20, 24.</description>
        <styleUrl>#icon-1624-F57C00</styleUrl>
        <Point>
          <coordinates>
            36.3359318,49.9967456,0
          </coordinates>
        </Point>
      </Placemark>
      <Placemark>
        <name>Остановка пр. Трактробудівників</name>
        <description>Автобус-81, 83. Маршрутка 38е, 121е. Троллейбус – 19, 20, 24.</description>
        <styleUrl>#icon-1883-F57C00</styleUrl>
        <Point>
          <coordinates>
            36.341421,49.9963852,0
          </coordinates>
        </Point>
      </Placemark>
      <Placemark>
        <name>вул. Познанська</name>
        <description>Автобус-63, 81,. Маршрутка 38е. Троллейбус – 19, 20, 24.</description>
        <styleUrl>#icon-1532-F57C00</styleUrl>
        <Point>
          <coordinates>
            36.3518303,49.9959865,0
          </coordinates>
        </Point>
      </Placemark>
      <Placemark>
        <name>Салтівський РЕМ</name>
        <description>Автобус-63, 81,. Маршрутка 38е. Троллейбус – 19, 20, 24.</description>
        <styleUrl>#icon-1619-F57C00</styleUrl>
        <Point>
          <coordinates>
            36.3569386,49.9944312,0
          </coordinates>
        </Point>
      </Placemark>
      <Placemark>
        <name>Остановка 602 м/р</name>
        <description>Троллейбус – 19, 20, 24.</description>
        <styleUrl>#icon-1546-F57C00</styleUrl>
        <Point>
          <coordinates>
            36.3594706,49.9921034,0
          </coordinates>
        </Point>
      </Placemark>
    <Placemark>
        <name>Лінія маршруту</name>
        <styleUrl>#line-000000-4875-nodesc</styleUrl>
        <LineString>
          <tessellate>1</tessellate>
          <coordinates>
            36.3606293,49.9920413,0
            36.3598139,49.992731,0
            36.3584192,49.993807,0
            36.3573248,49.994476,0
            36.3564665,49.9949381,0
            36.3558764,49.9951864,0
            36.3551469,49.9954071,0
            36.3542671,49.9956761,0
            36.3533659,49.9958899,0
            36.352529,49.9960624,0
            36.351542,49.9962279,0
            36.3504477,49.9963658,0
            36.3498147,49.996421,0
            36.3485701,49.9964969,0
            36.3471432,49.9965589,0
            36.3460059,49.9966279,0
            36.3450403,49.996621,0
            36.3442249,49.9966072,0
            36.3430233,49.9966279,0
            36.3402338,49.9966279,0
            36.3396974,49.9966624,0
            36.3363714,49.9969107,0
            36.3296444,49.9974141,0
            36.3248594,49.9978072,0
            36.3207824,49.9980969,0
            36.3157935,49.9984969,0
            36.3153965,49.998621,0
            36.3115234,50.0003038,0
            36.3077898,50.001883,0
            36.3071461,50.0020899,0
            36.306674,50.0022416,0
            36.3055582,50.0023657,0
            36.3046463,50.0023726,0
            36.3032515,50.0022968,0
            36.3033051,50.0021795,0
            36.3036592,50.0019589,0
            36.3039918,50.0018761,0
            36.3042386,50.0018692,0
            36.3045819,50.0018899,0
            36.3049037,50.0020347,0
          </coordinates>
        </LineString>
      </Placemark>
      <Placemark>
        <name>Остановка 602 мікрорайон</name>
        <description>Троллейбус-19, 20, 24.</description>
        <styleUrl>#icon-1499-000000</styleUrl>
        <Point>
          <coordinates>
            36.3602662,49.9924482,0
          </coordinates>
        </Point>
      </Placemark>
      <Placemark>
        <name>Салтівський РЕМ</name>
        <description>Автобус-63, 81,. Маршрутка 38е. Троллейбус – 19, 20, 24.</description>
        <styleUrl>#icon-1619-000000</styleUrl>
        <Point>
          <coordinates>
            36.3565004,49.9950347,0
          </coordinates>
        </Point>
      </Placemark>
      <Placemark>
        <name>вул. Познанська</name>
        <description>Автобус-63, 81,. Маршрутка 38е. Троллейбус – 19, 20, 24.</description>
        <styleUrl>#icon-1532-000000</styleUrl>
        <Point>
          <coordinates>
            36.3512156,49.9963864,0
          </coordinates>
        </Point>
      </Placemark>
      <Placemark>
        <name>Тракторобудівників</name>
        <description>Автобус-81, 83. Маршрутка 38е, 121е. Троллейбус – 19, 20, 24.</description>
        <styleUrl>#icon-1883-000000</styleUrl>
        <Point>
          <coordinates>
            36.3393275,49.9968177,0
          </coordinates>
        </Point>
      </Placemark>
      <Placemark>
        <name>вул. Гвардійців Широнінців</name>
        <description>Автобус-81, 83. Маршрутка 38е, 121е. Троллейбус – 19, 20, 24.</description>
        <styleUrl>#icon-1532-000000</styleUrl>
        <Point>
          <coordinates>
            36.3296429,49.9975901,0
          </coordinates>
        </Point>
      </Placemark>
      <Placemark>
        <name>Остановка пр. Льва Ландау</name>
        <description>Автобус-81, 83. Маршрутка 38е, 121е, 259е. Троллейбус – 24, 56, 57.</description>
        <styleUrl>#icon-1532-000000</styleUrl>
        <Point>
          <coordinates>
            36.315045,49.9988521,0
          </coordinates>
        </Point>
      </Placemark>
      <Placemark>
        <name>Остановка 603 м/р</name>
        <description>Автобус-63, 81,. Маршрутка 38е. Троллейбус – 19, 20, 24.</description>
        <styleUrl>#icon-1546-000000</styleUrl>
        <Point>
          <coordinates>
            36.3465601,49.9966887,0
          </coordinates>
        </Point>
      </Placemark>
    </Folder><Folder><name>Тролейбус №25</name><Placemark>
        <name>Лінія маршруту</name>
        <styleUrl>#line-F57C00-5069-nodesc</styleUrl>
        <LineString>
          <tessellate>1</tessellate>
          <coordinates>
            36.3200282,49.9644718,0
            36.3182686,49.9605171,0
            36.3165306,49.9566863,0
            36.3162194,49.955927,0
            36.3175069,49.9556716,0
            36.3236116,49.9546155,0
            36.3262187,49.954153,0
            36.332023,49.9530968,0
            36.3325487,49.9530347,0
            36.3327311,49.9530692,0
            36.3330101,49.9531382,0
            36.3340186,49.9531382,0
            36.3364647,49.9532142,0
            36.3434278,49.9534351,0
            36.348878,49.9537043,0
            36.350026,49.9565413,0
            36.35141,49.9596405,0
            36.3509165,49.9597233,0
            36.3504444,49.9585707,0
          </coordinates>
        </LineString>
      </Placemark>
      <Placemark>
        <name>Станція метро Палац спорту</name>
        <description>Троллейбус – 1, 25.</description>
        <styleUrl>#icon-1499-F57C00</styleUrl>
        <Point>
          <coordinates>
            36.3199999,49.9645857,0
          </coordinates>
        </Point>
      </Placemark>
      <Placemark>
        <name>Палац спорту</name>
        <description>Троллейбус – 1, 25.</description>
        <styleUrl>#icon-1520-F57C00</styleUrl>
        <Point>
          <coordinates>
            36.3182694,49.9609101,0
          </coordinates>
        </Point>
      </Placemark>
      <Placemark>
        <name>вул. Олімпійська</name>
        <description>Троллейбус-1, 25.</description>
        <styleUrl>#icon-1532-F57C00</styleUrl>
        <Point>
          <coordinates>
            36.3167134,49.9572886,0
          </coordinates>
        </Point>
      </Placemark>
      <Placemark>
        <name>вул. Каденюка</name>
        <description>Троллейбус-25.</description>
        <styleUrl>#icon-1532-F57C00</styleUrl>
        <Point>
          <coordinates>
            36.3171461,49.9557166,0
          </coordinates>
        </Point>
      </Placemark>
      <Placemark>
        <name>Станція юних туристів</name>
        <description>Троллейбус-25.</description>
        <styleUrl>#icon-1768-F57C00</styleUrl>
        <Point>
          <coordinates>
            36.3243022,49.9544533,0
          </coordinates>
        </Point>
      </Placemark>
      <Placemark>
        <name>вул. Харківських Дивізій</name>
        <description>Троллейбус-25.</description>
        <styleUrl>#icon-1532-F57C00</styleUrl>
        <Point>
          <coordinates>
            36.3306537,49.9533351,0
          </coordinates>
        </Point>
      </Placemark>
      <Placemark>
        <name>вул. Ощепкова</name>
        <description>Троллейбус-25.</description>
        <styleUrl>#icon-1532-F57C00</styleUrl>
        <Point>
          <coordinates>
            36.3399877,49.9533005,0
          </coordinates>
        </Point>
      </Placemark>
      <Placemark>
        <name>вул. Академіка Філіппова</name>
        <description>Троллейбус-7, 25.</description>
        <styleUrl>#icon-1532-F57C00</styleUrl>
        <Point>
          <coordinates>
            36.3471854,49.9535628,0
          </coordinates>
        </Point>
      </Placemark>
      <Placemark>
        <name>Спорткомплекс ХТЗ</name>
        <description>Троллейбус-25.</description>
        <styleUrl>#icon-1680-F57C00</styleUrl>
        <Point>
          <coordinates>
            36.34967,49.9554045,0
          </coordinates>
        </Point>
      </Placemark>
      <Placemark>
        <name>Остановка бул. Богдана Хмельницького</name>
        <description>Троллейбус-7, 25.</description>
        <styleUrl>#icon-1532-F57C00</styleUrl>
        <Point>
          <coordinates>
            36.3513021,49.9592076,0
          </coordinates>
        </Point>
      </Placemark>
    <Placemark>
        <name>Лінія маршруту</name>
        <styleUrl>#line-000000-5263-nodesc</styleUrl>
        <LineString>
          <tessellate>1</tessellate>
          <coordinates>
            36.3504444,49.9585707,0
            36.3501231,49.9577655,0
            36.3484173,49.9537619,0
            36.3454454,49.9536377,0
            36.3394801,49.9534168,0
            36.3374524,49.9533823,0
            36.3331072,49.953258,0
            36.33256,49.9531407,0
            36.3296525,49.9536446,0
            36.3198142,49.955391,0
            36.3164239,49.9560123,0
            36.3185804,49.9608853,0
            36.3204043,49.9648538,0
            36.3192777,49.9650263,0
            36.3191812,49.9648607,0
            36.3192026,49.9647779,0
            36.3193743,49.9647365,0
            36.3194816,49.9647641,0
            36.3197069,49.9649021,0
            36.3201897,49.9648193,0
            36.3200282,49.9644718,0
          </coordinates>
        </LineString>
      </Placemark>
      <Placemark>
        <name>Остановка бул. Богдана Хмельницького</name>
        <description>Троллейбус-7, 25.</description>
        <styleUrl>#icon-1499-000000</styleUrl>
        <Point>
          <coordinates>
            36.3503782,49.9584519,0
          </coordinates>
        </Point>
      </Placemark>
      <Placemark>
        <name>Спорткомплекс ХТЗ</name>
        <description>Троллейбус-7, 25.</description>
        <styleUrl>#icon-1680-000000</styleUrl>
        <Point>
          <coordinates>
            36.3489553,49.9551783,0
          </coordinates>
        </Point>
      </Placemark>
      <Placemark>
        <name>вул. Академіка Філіпова</name>
        <description>Троллейбус-7, 25.</description>
        <styleUrl>#icon-1532-000000</styleUrl>
        <Point>
          <coordinates>
            36.3461101,49.9536343,0
          </coordinates>
        </Point>
      </Placemark>
      <Placemark>
        <name>вул. Ощепкова</name>
        <description>Троллейбус-25.</description>
        <styleUrl>#icon-1532-000000</styleUrl>
        <Point>
          <coordinates>
            36.3388362,49.953441,0
          </coordinates>
        </Point>
      </Placemark>
      <Placemark>
        <name>вул. Харківських Дивізій</name>
        <description>Троллейбус-25.</description>
        <styleUrl>#icon-1532-000000</styleUrl>
        <Point>
          <coordinates>
            36.3291678,49.9537665,0
          </coordinates>
        </Point>
      </Placemark>
      <Placemark>
        <name>Станція юних туристів</name>
        <description>Троллейбус-25.</description>
        <styleUrl>#icon-1768-000000</styleUrl>
        <Point>
          <coordinates>
            36.3238034,49.9546363,0
          </coordinates>
        </Point>
      </Placemark>
      <Placemark>
        <name>вул. Каденюка</name>
        <description>Троллейбус-1, 25.</description>
        <styleUrl>#icon-1532-000000</styleUrl>
        <Point>
          <coordinates>
            36.3167372,49.9564681,0
          </coordinates>
        </Point>
      </Placemark>
      <Placemark>
        <name>Палац Спорту</name>
        <description>Троллейбус-1, 25.</description>
        <styleUrl>#icon-1520-000000</styleUrl>
        <Point>
          <coordinates>
            36.3189925,49.9615206,0
          </coordinates>
        </Point>
      </Placemark>
      <Placemark>
        <name>Станція метро Палац спорту</name>
        <description>Троллейбус-1, 25.</description>
        <styleUrl>#icon-1626-000000</styleUrl>
        <Point>
          <coordinates>
            36.3199316,49.9649687,0
          </coordinates>
        </Point>
      </Placemark>
    </Folder><Folder><name>Тролейбус №3</name><Placemark>
        <name>Лінія маршруту</name>
        <styleUrl>#line-F57C00-5069-nodesc</styleUrl>
        <LineString>
          <tessellate>1</tessellate>
          <coordinates>
            36.2310765,49.9846049,0
            36.230921,49.9845567,0
            36.2309693,49.9844152,0
            36.2310068,49.9843704,0
            36.2311141,49.9843807,0
            36.2318061,49.984598,0
            36.2328683,49.9849154,0
            36.2334476,49.9843669,0
            36.2364356,49.9852948,0
            36.2377123,49.9840358,0
            36.2378196,49.9838047,0
            36.2377713,49.9836426,0
            36.2378196,49.9834563,0
            36.2379108,49.9833666,0
            36.2382327,49.9831769,0
            36.2388442,49.9828906,0
            36.2398098,49.9824594,0
            36.2412099,49.9818109,0
            36.2418912,49.981497,0
            36.2436561,49.9807243,0
            36.2469445,49.9793755,0
            36.248924,49.978451,0
            36.2503616,49.9778025,0
            36.2523786,49.9768883,0
            36.2529526,49.9766226,0
            36.2531833,49.9764674,0
            36.2534462,49.976288,0
            36.2538109,49.9759603,0
            36.2549107,49.9751357,0
            36.2554203,49.9747148,0
            36.2557207,49.9744699,0
            36.2568955,49.973566,0
            36.2578772,49.9727552,0
            36.2586818,49.9720962,0
            36.2588964,49.9717891,0
            36.2590573,49.9714924,0
            36.2592505,49.9710163,0
            36.259347,49.9705022,0
            36.259347,49.9701054,0
            36.2592183,49.9687632,0
            36.2589983,49.9671173,0
            36.2587033,49.9653403,0
            36.2585746,49.9644327,0
            36.2585746,49.964243,0
            36.2585853,49.9639772,0
            36.2587087,49.9629938,0
            36.2588374,49.961679,0
            36.2589071,49.9606161,0
            36.2589393,49.9601985,0
            36.2590734,49.9590666,0
            36.2591485,49.9584419,0
            36.2593148,49.9571166,0
            36.2593738,49.9567197,0
            36.2596045,49.9551045,0
            36.2597923,49.9537964,0
            36.2598674,49.9530923,0
            36.2599317,49.9523261,0
            36.2599478,49.9517669,0
            36.2600015,49.9493748,0
            36.2600176,49.9480839,0
            36.2600069,49.9472796,0
            36.2599532,49.9466374,0
            36.2603555,49.9466444,0
            36.260774,49.9465063,0
            36.2611817,49.9463475,0
            36.2621311,49.945992,0
            36.2630163,49.9456571,0
            36.2635796,49.9455604,0
            36.2646364,49.9454259,0
            36.2677691,49.9450599,0
            36.2698774,49.9448183,0
            36.271417,49.9446215,0
            36.2727474,49.9444661,0
            36.2741529,49.9442866,0
            36.275333,49.9441796,0
            36.2762718,49.9441209,0
            36.2795065,49.9440588,0
            36.2815879,49.9440346,0
            36.2842808,49.9439932,0
            36.2901173,49.9439379,0
            36.2999879,49.9438413,0
            36.3023482,49.9438275,0
            36.3068221,49.9440277,0
            36.3148795,49.9443798,0
            36.3246213,49.9447665,0
            36.3297926,49.9449667,0
            36.3378499,49.9452359,0
            36.3392769,49.94545,0
            36.3399528,49.9457192,0
            36.3425277,49.9469551,0
            36.3457249,49.9485222,0
            36.3462184,49.9487777,0
            36.3473771,49.9490193,0
            36.3482462,49.9492471,0
            36.3493834,49.94904,0
            36.3551341,49.9479976,0
            36.3561748,49.9477007,0
            36.3566468,49.9474521,0
            36.3574515,49.9469758,0
            36.3577948,49.9467549,0
            36.3584278,49.9464925,0
            36.3600157,49.9458987,0
            36.362022,49.9451117,0
            36.3649617,49.9440277,0
            36.3688563,49.9427573,0
            36.3730083,49.9413901,0
            36.3771282,49.9400989,0
            36.3796066,49.9432199,0
            36.3800357,49.9436894,0
            36.3804541,49.944076,0
            36.3813124,49.9452083,0
            36.3828574,49.9471,0
            36.3837479,49.9482806,0
            36.3848422,49.9496061,0
            36.3860331,49.9491781,0
            36.3901208,49.9478457,0
            36.3902496,49.94739,0
            36.3904105,49.9469965,0
            36.3905929,49.9467272,0
            36.3910328,49.9465823,0
            36.3908933,49.9464027,0
          </coordinates>
        </LineString>
      </Placemark>
      <Placemark>
        <name>вул. Університетська</name>
        <description>Троллейбус-3, 6, 49, 59.</description>
        <styleUrl>#icon-1499-F57C00</styleUrl>
        <Point>
          <coordinates>
            36.230974,49.98463,0
          </coordinates>
        </Point>
      </Placemark>
      <Placemark>
        <name>Остановка пров. Соляніковський</name>
        <description>Троллейбус-3, 6, 49, 58, 59.</description>
        <styleUrl>#icon-1532-F57C00</styleUrl>
        <Point>
          <coordinates>
            36.2354049,49.98483,0
          </coordinates>
        </Point>
      </Placemark>
      <Placemark>
        <name>Станція метро Левада</name>
        <description>Троллейбус-3, 6, 49, 58, 59.</description>
        <styleUrl>#icon-1626-F57C00</styleUrl>
        <Point>
          <coordinates>
            36.2420348,49.9812818,0
          </coordinates>
        </Point>
      </Placemark>
      <Placemark>
        <name>Станція Автовокзал</name>
        <description>Троллейбус-3, 6, 49, 58, 59.</description>
        <styleUrl>#icon-1532-F57C00</styleUrl>
        <Point>
          <coordinates>
            36.2475403,49.97891,0
          </coordinates>
        </Point>
      </Placemark>
      <Placemark>
        <name>вул. Молочна</name>
        <description>Троллейбус-3, 6, 49, 58, 59.</description>
        <styleUrl>#icon-1532-F57C00</styleUrl>
        <Point>
          <coordinates>
            36.2513705,49.9771575,0
          </coordinates>
        </Point>
      </Placemark>
      <Placemark>
        <name>вул. Дмитра Коцюбайла</name>
        <description>Троллейбус-3, 6, 49, 58, 59.</description>
        <styleUrl>#icon-1532-F57C00</styleUrl>
        <Point>
          <coordinates>
            36.2577863,49.9726588,0
          </coordinates>
        </Point>
      </Placemark>
      <Placemark>
        <name>вул. Чугуївська</name>
        <description>Троллейбус-3, 6, 49, 58, 59.</description>
        <styleUrl>#icon-1532-F57C00</styleUrl>
        <Point>
          <coordinates>
            36.2589086,49.9673441,0
          </coordinates>
        </Point>
      </Placemark>
      <Placemark>
        <name>вул. Сидоренківська</name>
        <description>Троллейбус-3, 6, 49, 58, 59.</description>
        <styleUrl>#icon-1532-F57C00</styleUrl>
        <Point>
          <coordinates>
            36.2587048,49.9614429,0
          </coordinates>
        </Point>
      </Placemark>
      <Placemark>
        <name>Остановка Школа</name>
        <description>Троллейбус-3, 6, 49, 58, 59.</description>
        <styleUrl>#icon-1682-F57C00</styleUrl>
        <Point>
          <coordinates>
            36.2593163,49.955997,0
          </coordinates>
        </Point>
      </Placemark>
      <Placemark>
        <name>вул. Зернова</name>
        <description>Троллейбус-3, 6, 49, 58, 59.</description>
        <styleUrl>#icon-1532-F57C00</styleUrl>
        <Point>
          <coordinates>
            36.259741,49.95123,0
          </coordinates>
        </Point>
      </Placemark>
      <Placemark>
        <name>вул. Одеська</name>
        <description>Маршрутка-259е. Троллейбус-3, 59.</description>
        <styleUrl>#icon-1532-F57C00</styleUrl>
        <Point>
          <coordinates>
            36.2609473,49.9463156,0
          </coordinates>
        </Point>
      </Placemark>
      <Placemark>
        <name>вул. Манюшка</name>
        <description>Маршрутка-259е. Троллейбус-3, 19, 35, 59.</description>
        <styleUrl>#icon-1532-F57C00</styleUrl>
        <Point>
          <coordinates>
            36.2685433,49.9448381,0
          </coordinates>
        </Point>
      </Placemark>
      <Placemark>
        <name>вул. Морозова</name>
        <description>Троллейбус-3, 19, 35, 59.</description>
        <styleUrl>#icon-1532-F57C00</styleUrl>
        <Point>
          <coordinates>
            36.282119,49.9440008,0
          </coordinates>
        </Point>
      </Placemark>
      <Placemark>
        <name>вул. Павла Чубинського</name>
        <description>Троллейбус-3, 19, 35, 59.</description>
        <styleUrl>#icon-1532-F57C00</styleUrl>
        <Point>
          <coordinates>
            36.2909273,49.9438816,0
          </coordinates>
        </Point>
      </Placemark>
      <Placemark>
        <name>Остановка 28 мікрорайон</name>
        <description>Троллейбус-3, 59.</description>
        <styleUrl>#icon-1546-F57C00</styleUrl>
        <Point>
          <coordinates>
            36.3032995,49.9438607,0
          </coordinates>
        </Point>
      </Placemark>
      <Placemark>
        <name>Остановка 27 мікрорайон</name>
        <description>Троллейбус-1, 3, 59.</description>
        <styleUrl>#icon-1546-F57C00</styleUrl>
        <Point>
          <coordinates>
            36.3100855,49.9441734,0
          </coordinates>
        </Point>
      </Placemark>
      <Placemark>
        <name>Торгівельний комплекс</name>
        <description>Троллейбус-3, 59.</description>
        <styleUrl>#icon-1685-F57C00</styleUrl>
        <Point>
          <coordinates>
            36.3171326,49.9444544,0
          </coordinates>
        </Point>
      </Placemark>
      <Placemark>
        <name>Інфекційна лікарня</name>
        <description>Троллейбус-3, 59.</description>
        <styleUrl>#icon-1624-F57C00</styleUrl>
        <Point>
          <coordinates>
            36.3232477,49.9446957,0
          </coordinates>
        </Point>
      </Placemark>
      <Placemark>
        <name>вул. Високовольтна</name>
        <description>Троллейбус-3, 59.</description>
        <styleUrl>#icon-1619-F57C00</styleUrl>
        <Point>
          <coordinates>
            36.3390405,49.9453032,0
          </coordinates>
        </Point>
      </Placemark>
      <Placemark>
        <name>вул. Осипенко</name>
        <description>Троллейбус-3, 59.</description>
        <styleUrl>#icon-1532-F57C00</styleUrl>
        <Point>
          <coordinates>
            36.3475185,49.9489693,0
          </coordinates>
        </Point>
      </Placemark>
      <Placemark>
        <name>вул. Комунальників</name>
        <description>Троллейбус-3, 7, 59.</description>
        <styleUrl>#icon-1532-F57C00</styleUrl>
        <Point>
          <coordinates>
            36.355444,49.9478828,0
          </coordinates>
        </Point>
      </Placemark>
      <Placemark>
        <name>вул. Северина Потоцького</name>
        <description>Троллейбус-3, 7, 59.</description>
        <styleUrl>#icon-1532-F57C00</styleUrl>
        <Point>
          <coordinates>
            36.3636864,49.9444014,0
          </coordinates>
        </Point>
      </Placemark>
      <Placemark>
        <name>Остановка ринок "ХТЗ"</name>
        <description>Троллейбус-3, 7, 59.</description>
        <styleUrl>#icon-1578-F57C00</styleUrl>
        <Point>
          <coordinates>
            36.3745747,49.9408766,0
          </coordinates>
        </Point>
      </Placemark>
      <Placemark>
        <name>Індустріальний</name>
        <description>Маршрутка – 121е, Троллейбус-3, 7.</description>
        <styleUrl>#icon-1532-F57C00</styleUrl>
        <Point>
          <coordinates>
            36.3857416,49.9491228,0
          </coordinates>
        </Point>
      </Placemark>
      <Placemark>
        <name>вул. Миру</name>
        <description>Троллейбус-3, 7.</description>
        <styleUrl>#icon-1532-F57C00</styleUrl>
        <Point>
          <coordinates>
            36.3831884,49.9473969,0
          </coordinates>
        </Point>
      </Placemark>
      <Placemark>
        <name>вул. Бібліка</name>
        <description>Троллейбус-3, 7.</description>
        <styleUrl>#icon-1532-F57C00</styleUrl>
        <Point>
          <coordinates>
            36.3807935,49.9446069,0
          </coordinates>
        </Point>
      </Placemark>
      <Placemark>
        <name>Олександрівський сквер</name>
        <description>Троллейбус-3, 7.</description>
        <styleUrl>#icon-1720-F57C00</styleUrl>
        <Point>
          <coordinates>
            36.3776746,49.9407788,0
          </coordinates>
        </Point>
      </Placemark>
    <Placemark>
        <name>Лінія маршруту</name>
        <styleUrl>#line-000000-5069-nodesc</styleUrl>
        <LineString>
          <tessellate>1</tessellate>
          <coordinates>
            36.3908933,49.9464027,0
            36.3889576,49.9442091,0
            36.3862969,49.9408258,0
            36.3840545,49.9378705,0
            36.3778533,49.9399282,0
            36.3700427,49.9424554,0
            36.3645924,49.9442643,0
            36.3619639,49.9452447,0
            36.3581766,49.9467567,0
            36.3575972,49.9470329,0
            36.3564385,49.9476957,0
            36.3561274,49.9478406,0
            36.355709,49.9479649,0
            36.3548077,49.9481651,0
            36.3516964,49.9487105,0
            36.3482095,49.949318,0
            36.3468684,49.9494906,0
            36.3462032,49.949035,0
            36.3455488,49.9485863,0
            36.3446797,49.9481099,0
            36.3416005,49.9466256,0
            36.3395943,49.9456728,0
            36.3392509,49.9455416,0
            36.338339,49.9453966,0
            36.3374378,49.9453276,0
            36.334659,49.9452516,0
            36.3300349,49.9450721,0
            36.3268913,49.9449617,0
            36.3219668,49.9447752,0
            36.3175358,49.9445957,0
            36.3106049,49.9443058,0
            36.3020862,49.9439605,0
            36.2985672,49.9439536,0
            36.2924088,49.9440296,0
            36.2897588,49.9440572,0
            36.2858964,49.9440848,0
            36.2815942,49.944147,0
            36.2796844,49.944147,0
            36.2769593,49.9441677,0
            36.2757577,49.9442436,0
            36.2747921,49.9442988,0
            36.2739874,49.9443955,0
            36.2710263,49.9447683,0
            36.2686337,49.9450307,0
            36.2668527,49.9452585,0
            36.2642349,49.9455761,0
            36.2632479,49.9457142,0
            36.2627221,49.9458592,0
            36.2617136,49.9462804,0
            36.2603511,49.9467015,0
            36.2602545,49.9489729,0
            36.2602116,49.9495183,0
            36.2601472,49.9527007,0
            36.2600614,49.953605,0
            36.2597288,49.9569943,0
            36.2595142,49.9592237,0
            36.2593426,49.9601624,0
            36.2588705,49.9634408,0
            36.2587739,49.9641241,0
            36.2587847,49.9648694,0
            36.2589349,49.9656769,0
            36.2594069,49.9686029,0
            36.2595249,49.9696864,0
            36.2595893,49.9709285,0
            36.2595035,49.9715081,0
            36.2590958,49.9720325,0
            36.258216,49.972695,0
            36.2563599,49.9741785,0
            36.2533559,49.976559,0
            36.2528194,49.9768488,0
            36.2498046,49.9782218,0
            36.2465323,49.9796913,0
            36.2450303,49.980264,0
            36.2402345,49.9823751,0
            36.2390651,49.9829201,0
            36.2386574,49.9831202,0
            36.2384964,49.9833133,0
            36.2385072,49.9835479,0
            36.2385072,49.983679,0
            36.2382389,49.9838307,0
            36.2378527,49.9840239,0
            36.2359644,49.9859003,0
            36.2328683,49.9849154,0
            36.2318982,49.9846862,0
            36.2311043,49.9846586,0
            36.2310765,49.9846049,0
          </coordinates>
        </LineString>
      </Placemark>
      <Placemark>
        <name>вул. 12 квітня (коло)</name>
        <description>Троллейбус-3, 7.</description>
        <styleUrl>#icon-1499-000000</styleUrl>
        <Point>
          <coordinates>
            36.3901312,49.9473125,0
          </coordinates>
        </Point>
      </Placemark>
      <Placemark>
        <name>вул. Бібліка</name>
        <description>Троллейбус-3, 7.</description>
        <styleUrl>#icon-1532-000000</styleUrl>
        <Point>
          <coordinates>
            36.3882717,49.9434746,0
          </coordinates>
        </Point>
      </Placemark>
      <Placemark>
        <name>Остановка пр. Олександрівський</name>
        <description>Троллейбус-3, 7, 59.</description>
        <styleUrl>#icon-1532-000000</styleUrl>
        <Point>
          <coordinates>
            36.3832219,49.9383087,0
          </coordinates>
        </Point>
      </Placemark>
      <Placemark>
        <name>вул. Бекетова</name>
        <description>Автобус -102е, 147е, 213е, 304е. Троллейбус-3, 36.</description>
        <styleUrl>#icon-1532-000000</styleUrl>
        <Point>
          <coordinates>
            36.3743776,49.9411424,0
          </coordinates>
        </Point>
      </Placemark>
      <Placemark>
        <name>Архітектора Альошина</name>
        <description>Троллейбус-3, 7, 59.</description>
        <styleUrl>#icon-1532-000000</styleUrl>
        <Point>
          <coordinates>
            36.3690176,49.9429447,0
          </coordinates>
        </Point>
      </Placemark>
      <Placemark>
        <name>вул. Северина Потоцького</name>
        <description>Троллейбус-3, 7, 59.</description>
        <styleUrl>#icon-1532-000000</styleUrl>
        <Point>
          <coordinates>
            36.362239,49.9452285,0
          </coordinates>
        </Point>
      </Placemark>
      <Placemark>
        <name>вул. Комунальників</name>
        <description>Троллейбус-3, 7, 59.</description>
        <styleUrl>#icon-1532-000000</styleUrl>
        <Point>
          <coordinates>
            36.3541153,49.9483524,0
          </coordinates>
        </Point>
      </Placemark>
      <Placemark>
        <name>вул. Осипенко</name>
        <description>Троллейбус-3, 59.</description>
        <styleUrl>#icon-1532-000000</styleUrl>
        <Point>
          <coordinates>
            36.3452211,49.9485043,0
          </coordinates>
        </Point>
      </Placemark>
      <Placemark>
        <name>вул. Високовольтна</name>
        <description>Троллейбус-3, 59.</description>
        <styleUrl>#icon-1619-000000</styleUrl>
        <Point>
          <coordinates>
            36.3375904,49.9454524,0
          </coordinates>
        </Point>
      </Placemark>
      <Placemark>
        <name>Інфекційна лікарня</name>
        <description>Троллейбус-3, 59.</description>
        <styleUrl>#icon-1624-000000</styleUrl>
        <Point>
          <coordinates>
            36.3222738,49.9447991,0
          </coordinates>
        </Point>
      </Placemark>
      <Placemark>
        <name>Торгівельний комплекс</name>
        <description>Троллейбус-3, 59.</description>
        <styleUrl>#icon-1685-000000</styleUrl>
        <Point>
          <coordinates>
            36.3166739,49.944621,0
          </coordinates>
        </Point>
      </Placemark>
      <Placemark>
        <name>Остановка 27 мікрорайон</name>
        <description>Троллейбус-1, 3, 59.</description>
        <styleUrl>#icon-1546-000000</styleUrl>
        <Point>
          <coordinates>
            36.3089903,49.9442938,0
          </coordinates>
        </Point>
      </Placemark>
      <Placemark>
        <name>Остановка 28 мікрорайон</name>
        <description>Троллейбус-3, 19, 35, 59.</description>
        <styleUrl>#icon-1546-000000</styleUrl>
        <Point>
          <coordinates>
            36.3000792,49.9440625,0
          </coordinates>
        </Point>
      </Placemark>
      <Placemark>
        <name>вул. Павла Чубинського</name>
        <description>Троллейбус-3, 19, 35, 59.</description>
        <styleUrl>#icon-1532-000000</styleUrl>
        <Point>
          <coordinates>
            36.2903601,49.9441109,0
          </coordinates>
        </Point>
      </Placemark>
      <Placemark>
        <name>вул. Морозова</name>
        <description>Троллейбус-3, 19, 35, 59.</description>
        <styleUrl>#icon-1532-000000</styleUrl>
        <Point>
          <coordinates>
            36.2803977,49.944185,0
          </coordinates>
        </Point>
      </Placemark>
      <Placemark>
        <name>вул. Миколи Кравченка</name>
        <description>Маршрутка-259е. Троллейбус-3, 19, 35, 59.</description>
        <styleUrl>#icon-1532-000000</styleUrl>
        <Point>
          <coordinates>
            36.2744013,49.9444031,0
          </coordinates>
        </Point>
      </Placemark>
      <Placemark>
        <name>вул. Монюшка</name>
        <description>Маршрутка-259е. Троллейбус-3, 19, 35, 59.</description>
        <styleUrl>#icon-1532-000000</styleUrl>
        <Point>
          <coordinates>
            36.2695155,49.9449745,0
          </coordinates>
        </Point>
      </Placemark>
      <Placemark>
        <name>вул. Одеська</name>
        <description>Троллейбус-3, 6, 49.</description>
        <styleUrl>#icon-1532-000000</styleUrl>
        <Point>
          <coordinates>
            36.2605354,49.9471104,0
          </coordinates>
        </Point>
      </Placemark>
      <Placemark>
        <name>вул. Зернова</name>
        <description>Троллейбус-3, 6, 49, 58, 59.</description>
        <styleUrl>#icon-1532-000000</styleUrl>
        <Point>
          <coordinates>
            36.2602711,49.9532,0
          </coordinates>
        </Point>
      </Placemark>
      <Placemark>
        <name>Остановка Школа</name>
        <description>Троллейбус-3, 6, 49, 58, 59.</description>
        <styleUrl>#icon-1682-000000</styleUrl>
        <Point>
          <coordinates>
            36.2599035,49.9574613,0
          </coordinates>
        </Point>
      </Placemark>
      <Placemark>
        <name>вул. Сидоренківка</name>
        <description>Троллейбус-3, 6, 49, 58, 59.</description>
        <styleUrl>#icon-1532-000000</styleUrl>
        <Point>
          <coordinates>
            36.2591597,49.9620671,0
          </coordinates>
        </Point>
      </Placemark>
      <Placemark>
        <name>Остановка пров. Золотий</name>
        <description>Троллейбус-3, 6, 49, 58, 59.</description>
        <styleUrl>#icon-1532-000000</styleUrl>
        <Point>
          <coordinates>
            36.2595207,49.9683188,0
          </coordinates>
        </Point>
      </Placemark>
      <Placemark>
        <name>вул. Дмитра Коцюбайла</name>
        <description>Троллейбус-3, 6, 49, 58, 59.</description>
        <styleUrl>#icon-1532-000000</styleUrl>
        <Point>
          <coordinates>
            36.2575754,49.9733466,0
          </coordinates>
        </Point>
      </Placemark>
      <Placemark>
        <name>вул. Молочна</name>
        <description>Троллейбус-3, 6, 49, 58, 59.</description>
        <styleUrl>#icon-1532-000000</styleUrl>
        <Point>
          <coordinates>
            36.2497314,49.9783148,0
          </coordinates>
        </Point>
      </Placemark>
      <Placemark>
        <name>вул. Вернадського</name>
        <description>Троллейбус-3, 6, 49, 58, 59.</description>
        <styleUrl>#icon-1532-000000</styleUrl>
        <Point>
          <coordinates>
            36.2459548,49.9799776,0
          </coordinates>
        </Point>
      </Placemark>
      <Placemark>
        <name>Станція метро Левада</name>
        <description>Троллейбус-3, 6, 49, 58, 59.</description>
        <styleUrl>#icon-1626-000000</styleUrl>
        <Point>
          <coordinates>
            36.2410325,49.982054,0
          </coordinates>
        </Point>
      </Placemark>
      <Placemark>
        <name>вул. Ковальська</name>
        <description>Троллейбус-3, 6, 49, 59.</description>
        <styleUrl>#icon-1532-000000</styleUrl>
        <Point>
          <coordinates>
            36.2355365,49.9857786,0
          </coordinates>
        </Point>
      </Placemark>
    </Folder><Folder><name>Тролейбус №31</name><Placemark>
        <name>Лінія маршруту</name>
        <styleUrl>#line-F57C00-4875-nodesc</styleUrl>
        <LineString>
          <tessellate>1</tessellate>
          <coordinates>
            36.3033689,49.9715243,0
            36.3092183,49.9696144,0
            36.3088428,49.9687104,0
            36.308639,49.9686138,0
            36.308242,49.9686897,0
            36.3079523,49.9688622,0
            36.3079309,49.9690209,0
            36.3084888,49.9703528,0
            36.3091754,49.9721814,0
            36.3103234,49.9753417,0
            36.31042,49.9757419,0
            36.3106453,49.9771908,0
            36.3106453,49.9776531,0
            36.3106775,49.9781153,0
            36.3112032,49.9811372,0
            36.3114821,49.983607,0
            36.3120078,49.9873874,0
            36.3122653,49.9882772,0
            36.3125335,49.9890153,0
            36.3136815,49.9922572,0
            36.3150334,49.9961611,0
            36.315838,49.9983611,0
            36.3169216,49.9982853,0
            36.3290667,49.9973404,0
            36.3290023,49.997568,0
            36.3289701,49.9978025,0
            36.329013,49.9980784,0
            36.329056,49.9985335,0
            36.3292062,49.9991197,0
            36.32941,49.9998852,0
            36.3296782,50.0007266,0
            36.3299464,50.0014231,0
            36.3302629,50.0020644,0
            36.3308155,50.0031471,0
            36.3312554,50.0037746,0
            36.3316095,50.0043642,0
            36.3319957,50.0048642,0
            36.3326072,50.0055468,0
            36.3336318,50.0067329,0
            36.3346188,50.0078362,0
            36.3357829,50.0091117,0
            36.3363945,50.009615,0
            36.3368022,50.0098977,0
            36.3378107,50.0106562,0
            36.3410937,50.0131038,0
            36.3414424,50.013514,0
            36.3426118,50.0148549,0
            36.3438671,50.0162682,0
            36.3466512,50.0194739,0
            36.3496392,50.0229688,0
            36.3531261,50.0269976,0
            36.3560068,50.0302542,0
            36.3586139,50.0332384,0
            36.3597833,50.0345271,0
            36.3606524,50.0354919,0
            36.3628625,50.0380829,0
            36.365019,50.0404602,0
            36.3651209,50.0406325,0
            36.3646381,50.0408323,0
            36.3644611,50.0407599,0
            36.3644321,50.0407377,0
          </coordinates>
        </LineString>
      </Placemark>
      <Placemark>
        <name>Станція метро Турбоатом</name>
        <description>Автобус-249. Маршрутка-259е. Троллейбус-13, 20, 31, 57.</description>
        <styleUrl>#icon-1499-F57C00</styleUrl>
        <Point>
          <coordinates>
            36.3033031,49.9714231,0
          </coordinates>
        </Point>
      </Placemark>
      <Placemark>
        <name>Зупинка Видавництво Харків</name>
        <description>Автобус-249. Маршрутка-259е. Троллейбус-20, 31, 57.</description>
        <styleUrl>#icon-1638-F57C00</styleUrl>
        <Point>
          <coordinates>
            36.3090503,49.9689627,0
          </coordinates>
        </Point>
      </Placemark>
      <Placemark>
        <name>вул. Єдності</name>
        <description>Автобус-249. Маршрутка-259е. Троллейбус-19, 20, 31, 35, 57.</description>
        <styleUrl>#icon-1532-F57C00</styleUrl>
        <Point>
          <coordinates>
            36.3115544,49.982705,0
          </coordinates>
        </Point>
      </Placemark>
      <Placemark>
        <name>Остановка ш. Салтівське</name>
        <description>Автобус-249. Маршрутка-259е. Троллейбус-19, 20, 31, 35, 57.</description>
        <styleUrl>#icon-1532-F57C00</styleUrl>
        <Point>
          <coordinates>
            36.3127346,49.9885334,0
          </coordinates>
        </Point>
      </Placemark>
      <Placemark>
        <name>вул. Камишева</name>
        <description>Автобус-249. Маршрутка-259е. Троллейбус-19, 20, 31, 35, 57.</description>
        <styleUrl>#icon-1532-F57C00</styleUrl>
        <Point>
          <coordinates>
            36.3137216,49.9919045,0
          </coordinates>
        </Point>
      </Placemark>
      <Placemark>
        <name>Остановка пр. Ювілейний</name>
        <description>Автобус-81, 83. Маршрутка-38е, 121е, 259е. Троллейбус-19, 20, 24, 31, 35, 56.</description>
        <styleUrl>#icon-1532-F57C00</styleUrl>
        <Point>
          <coordinates>
            36.3170121,49.9981027,0
          </coordinates>
        </Point>
      </Placemark>
      <Placemark>
        <name>вул. Гвардійців Широнінців</name>
        <description>Автобус-107. Маршрутка-259е. Троллейбус-31, 35, 56.</description>
        <styleUrl>#icon-1532-F57C00</styleUrl>
        <Point>
          <coordinates>
            36.3291917,49.9979306,0
          </coordinates>
        </Point>
      </Placemark>
      <Placemark>
        <name>вул. Василя Стуса</name>
        <description>Автобус-107. Маршрутка-259е. Троллейбус-31, 35, 56.</description>
        <styleUrl>#icon-1532-F57C00</styleUrl>
        <Point>
          <coordinates>
            36.330926,50.0030043,0
          </coordinates>
        </Point>
      </Placemark>
      <Placemark>
        <name>вул. Владислава Зубенка</name>
        <description>Автобус-63, 107. Маршрутка-259е. Троллейбус-31, 35, 56.</description>
        <styleUrl>#icon-1532-F57C00</styleUrl>
        <Point>
          <coordinates>
            36.3356335,50.0088711,0
          </coordinates>
        </Point>
      </Placemark>
      <Placemark>
        <name>вул. Валентинівська</name>
        <description>Автобус-63, 107. Маршрутка-259е. Троллейбус-31, 35, 56.</description>
        <styleUrl>#icon-1532-F57C00</styleUrl>
        <Point>
          <coordinates>
            36.342209,50.0142619,0
          </coordinates>
        </Point>
      </Placemark>
      <Placemark>
        <name>Остановка 607 мікрорайон</name>
        <description>Автобус-63, 107. Маршрутка-259е. Троллейбус-31, 35.</description>
        <styleUrl>#icon-1546-F57C00</styleUrl>
        <Point>
          <coordinates>
            36.3457708,50.0183093,0
          </coordinates>
        </Point>
      </Placemark>
      <Placemark>
        <name>вул. Нескорених</name>
        <description>Автобус-63, 107. Маршрутка-259е. Троллейбус-31, 35.</description>
        <styleUrl>#icon-1532-F57C00</styleUrl>
        <Point>
          <coordinates>
            36.3488607,50.0219422,0
          </coordinates>
        </Point>
      </Placemark>
      <Placemark>
        <name>Остановка 524 мікрорайон</name>
        <description>Автобус-107. Маршрутка-259е. Троллейбус-31, 35.</description>
        <styleUrl>#icon-1546-F57C00</styleUrl>
        <Point>
          <coordinates>
            36.3512973,50.0246524,0
          </coordinates>
        </Point>
      </Placemark>
      <Placemark>
        <name>вул. Бучми</name>
        <description>Автобус-107. Маршрутка-259е. Троллейбус-31, 35.</description>
        <styleUrl>#icon-1532-F57C00</styleUrl>
        <Point>
          <coordinates>
            36.3537852,50.0276697,0
          </coordinates>
        </Point>
      </Placemark>
      <Placemark>
        <name>вул. Джерельна</name>
        <description>Автобус-107. Маршрутка-259е. Троллейбус-31, 35.</description>
        <styleUrl>#icon-1892-F57C00</styleUrl>
        <Point>
          <coordinates>
            36.3573221,50.0316608,0
          </coordinates>
        </Point>
      </Placemark>
      <Placemark>
        <name>вул. Соборності України</name>
        <description>Автобус-106, 107. Троллейбус-31, 35.</description>
        <styleUrl>#icon-1532-F57C00</styleUrl>
        <Point>
          <coordinates>
            36.3603486,50.0350337,0
          </coordinates>
        </Point>
      </Placemark>
      <Placemark>
        <name>вул. Метробудівників</name>
        <description>Автобус-106, 107. Троллейбус-31, 35.</description>
        <styleUrl>#icon-1532-F57C00</styleUrl>
        <Point>
          <coordinates>
            36.3633033,50.0385182,0
          </coordinates>
        </Point>
      </Placemark>
      <Placemark>
        <name>Зупинка Північна Салтівка</name>
        <description>Автобус-106, 107. Троллейбус-31, 35.</description>
        <styleUrl>#icon-1532-F57C00</styleUrl>
        <Point>
          <coordinates>
            36.3647486,50.040245,0
          </coordinates>
        </Point>
      </Placemark>
    <Placemark>
        <name>Лінія маршруту</name>
        <styleUrl>#line-000000-5263-nodesc</styleUrl>
        <LineString>
          <tessellate>1</tessellate>
          <coordinates>
            36.3644321,50.0407377,0
            36.3643677,50.0406619,0
            36.364357,50.0405724,0
            36.3644804,50.0402106,0
            36.3644321,50.0400659,0
            36.3641209,50.0397214,0
            36.362973,50.0384431,0
            36.3623775,50.0377092,0
            36.3617016,50.0369443,0
            36.361031,50.0361932,0
            36.3596685,50.0346151,0
            36.3591696,50.0341293,0
            36.3589121,50.0338191,0
            36.3587565,50.0336262,0
            36.3582147,50.0329749,0
            36.3577373,50.0324443,0
            36.3574369,50.0320962,0
            36.3570077,50.0316173,0
            36.3564176,50.0309074,0
            36.3559724,50.0304319,0
            36.3558919,50.0303216,0
            36.3553877,50.0297323,0
            36.354819,50.0290982,0
            36.3543362,50.02854,0
            36.3531561,50.0272132,0
            36.3517023,50.0255452,0
            36.3480974,50.0213818,0
            36.3476897,50.0208786,0
            36.3471855,50.0202651,0
            36.3448895,50.0176386,0
            36.3437201,50.0162874,0
            36.3422395,50.0146397,0
            36.3411237,50.0133504,0
            36.3406087,50.0129092,0
            36.3388921,50.011613,0
            36.3363708,50.0097514,0
            36.3359631,50.0094205,0
            36.3356305,50.009124,0
            36.3348795,50.0083517,0
            36.3338817,50.0072485,0
            36.3329161,50.0061107,0
            36.331693,50.0047454,0
            36.3312424,50.0040558,0
            36.3309635,50.0035869,0
            36.3307382,50.0032697,0
            36.3303519,50.0025594,0
            36.329955,50.0018767,0
            36.3296009,50.0010561,0
            36.329322,50.0002423,0
            36.3291718,49.9997596,0
            36.3290537,49.9992492,0
            36.3288928,49.9985734,0
            36.328807,49.9980423,0
            36.3288284,49.9975044,0
            36.3274551,49.9975734,0
            36.3190223,49.9982216,0
            36.3157178,49.9984975,0
            36.3155461,49.9981458,0
            36.3146556,49.995656,0
            36.3137437,49.9932006,0
            36.3128854,49.990621,0
            36.3120378,49.988186,0
            36.3118447,49.9876135,0
            36.3117374,49.9869168,0
            36.3116408,49.9863994,0
            36.3114906,49.9851646,0
            36.311319,49.9839573,0
            36.3111044,49.9822671,0
            36.3107182,49.9795903,0
            36.310525,49.9787003,0
            36.3103856,49.9777205,0
            36.3103963,49.9772652,0
            36.3102354,49.9763406,0
            36.3101173,49.975347,0
            36.3098062,49.9746156,0
            36.3087011,49.9717244,0
            36.3084007,49.9716416,0
            36.3080252,49.9716485,0
            36.3077463,49.9716899,0
            36.3069738,49.9714415,0
            36.3064159,49.9712828,0
            36.3057078,49.9711793,0
            36.3042165,49.9716761,0
            36.3001503,49.9729527,0
            36.2997962,49.9727802,0
            36.3002254,49.9725594,0
            36.3033689,49.9715243,0
          </coordinates>
        </LineString>
      </Placemark>
      <Placemark>
        <name>Зупинка Північна Салтівка</name>
        <description>Троллейбус-31, 35.</description>
        <styleUrl>#icon-1499-000000</styleUrl>
        <Point>
          <coordinates>
            36.3644882,50.0406963,0
          </coordinates>
        </Point>
      </Placemark>
      <Placemark>
        <name>вул. Метробудівників</name>
        <description>Автобус-106, 107. Троллейбус-31, 35.</description>
        <styleUrl>#icon-1532-000000</styleUrl>
        <Point>
          <coordinates>
            36.3627287,50.0383535,0
          </coordinates>
        </Point>
      </Placemark>
      <Placemark>
        <name>вул. Соборності України</name>
        <description>Автобус-106, 107. Троллейбус-31, 35.</description>
        <styleUrl>#icon-1532-000000</styleUrl>
        <Point>
          <coordinates>
            36.3601795,50.0353793,0
          </coordinates>
        </Point>
      </Placemark>
      <Placemark>
        <name>вул. Гвардійців Широнінців</name>
        <description>Автобус-107. Маршрутка-259е. Троллейбус-31, 35.</description>
        <styleUrl>#icon-1532-000000</styleUrl>
        <Point>
          <coordinates>
            36.3584584,50.0334407,0
          </coordinates>
        </Point>
      </Placemark>
      <Placemark>
        <name>вул. Джерельна</name>
        <description>Автобус-107. Маршрутка-259е. Троллейбус-31, 35.</description>
        <styleUrl>#icon-1892-000000</styleUrl>
        <Point>
          <coordinates>
            36.3565917,50.0312973,0
          </coordinates>
        </Point>
      </Placemark>
      <Placemark>
        <name>вул. Бучми</name>
        <description>Автобус-107. Маршрутка-259е. Троллейбус-31, 35.</description>
        <styleUrl>#icon-1532-000000</styleUrl>
        <Point>
          <coordinates>
            36.3533469,50.0276476,0
          </coordinates>
        </Point>
      </Placemark>
      <Placemark>
        <name>Остановка 524 мікрорайон</name>
        <description>Автобус-107. Маршрутка-259е. Троллейбус-31, 35.</description>
        <styleUrl>#icon-1546-000000</styleUrl>
        <Point>
          <coordinates>
            36.3496776,50.0233673,0
          </coordinates>
        </Point>
      </Placemark>
      <Placemark>
        <name>вул. Нескорених</name>
        <description>Автобус-63, 107. Маршрутка-259е. Троллейбус-31, 35.</description>
        <styleUrl>#icon-1532-000000</styleUrl>
        <Point>
          <coordinates>
            36.3471252,50.0204125,0
          </coordinates>
        </Point>
      </Placemark>
      <Placemark>
        <name>Остановка 607 мікрорайон</name>
        <description>Автобус-63, 107. Маршрутка-259е. Троллейбус-31, 35.</description>
        <styleUrl>#icon-1546-000000</styleUrl>
        <Point>
          <coordinates>
            36.344679,50.0176206,0
          </coordinates>
        </Point>
      </Placemark>
      <Placemark>
        <name>вул. Валентинівська</name>
        <description>Автобус-63, 107. Маршрутка-259е. Троллейбус-31, 35, 56.</description>
        <styleUrl>#icon-1532-000000</styleUrl>
        <Point>
          <coordinates>
            36.3403232,50.0128843,0
          </coordinates>
        </Point>
      </Placemark>
      <Placemark>
        <name>вул. Владислава Зубенка</name>
        <description>Автобус-63, 107. Маршрутка-259е. Троллейбус-31, 35, 56.</description>
        <styleUrl>#icon-1532-000000</styleUrl>
        <Point>
          <coordinates>
            36.3350601,50.0086904,0
          </coordinates>
        </Point>
      </Placemark>
      <Placemark>
        <name>Остановка 605 мікрорайон</name>
        <description>Автобус-107. Маршрутка-259е. Троллейбус-31, 35, 56.</description>
        <styleUrl>#icon-1546-000000</styleUrl>
        <Point>
          <coordinates>
            36.3319701,50.0050185,0
          </coordinates>
        </Point>
      </Placemark>
      <Placemark>
        <name>Остановка Василя Стуса</name>
        <description>Автобус-107. Маршрутка-259е. Троллейбус-31, 35, 56.</description>
        <styleUrl>#icon-1532-000000</styleUrl>
        <Point>
          <coordinates>
            36.3300819,50.0025223,0
          </coordinates>
        </Point>
      </Placemark>
      <Placemark>
        <name>вул. Гвардійців Широнінців</name>
        <description>Автобус-107. Маршрутка-259е. Троллейбус-31, 35, 56.</description>
        <styleUrl>#icon-1532-000000</styleUrl>
        <Point>
          <coordinates>
            36.3286013,49.9981362,0
          </coordinates>
        </Point>
      </Placemark>
      <Placemark>
        <name>Остановка ш. Салтівське</name>
        <description>Автобус-249. Маршрутка-259е. Троллейбус-19, 20, 31, 35, 57.</description>
        <styleUrl>#icon-1532-000000</styleUrl>
        <Point>
          <coordinates>
            36.3117785,49.9878295,0
          </coordinates>
        </Point>
      </Placemark>
      <Placemark>
        <name>Остановка пр. Льва Ландау</name>
        <description>Автобус-107. Маршрутка-259е. Троллейбус-19, 20, 31, 35, 57.</description>
        <styleUrl>#icon-1532-000000</styleUrl>
        <Point>
          <coordinates>
            36.3151259,49.997819,0
          </coordinates>
        </Point>
      </Placemark>
      <Placemark>
        <name>вул. Камишева</name>
        <description>Автобус-249. Маршрутка-259е. Троллейбус-19, 20, 31, 35, 57.</description>
        <styleUrl>#icon-1532-000000</styleUrl>
        <Point>
          <coordinates>
            36.3127655,49.9912785,0
          </coordinates>
        </Point>
      </Placemark>
      <Placemark>
        <name>вул. Єдності</name>
        <description>Автобус-249. Маршрутка-259е. Троллейбус-19, 20, 31, 35, 57.</description>
        <styleUrl>#icon-1532-000000</styleUrl>
        <Point>
          <coordinates>
            36.3108129,49.9821314,0
          </coordinates>
        </Point>
      </Placemark>
      <Placemark>
        <name>Станція метро Турбоатом</name>
        <description>Автобус-249. Маршрутка-259е. Троллейбус-13, 20, 31, 57.</description>
        <styleUrl>#icon-1626-000000</styleUrl>
        <Point>
          <coordinates>
            36.3044155,49.9716953,0
          </coordinates>
        </Point>
      </Placemark>
    </Folder><Folder><name>Тролейбус №34</name><Placemark>
        <name>Лінія маршруту</name>
        <styleUrl>#line-F57C00-5263-nodesc</styleUrl>
        <LineString>
          <tessellate>1</tessellate>
          <coordinates>
            36.3654097,50.0046237,0
            36.3602418,50.0067067,0
            36.3563043,50.0083271,0
            36.3530428,50.0095613,0
            36.3507683,50.010306,0
            36.3445455,50.0122503,0
            36.3372607,50.0145255,0
            36.3342673,50.0154562,0
            36.3247186,50.0184757,0
            36.3235492,50.0189652,0
            36.3221223,50.019627,0
            36.320867,50.0203025,0
            36.3183779,50.0219983,0
            36.3180882,50.0222464,0
            36.3181741,50.0224394,0
            36.3183243,50.0225428,0
            36.3203091,50.0239146,0
            36.3226051,50.0257067,0
            36.3228518,50.0259893,0
            36.3230879,50.0260169,0
            36.3232381,50.0261134,0
            36.3235599,50.0264373,0
            36.3234956,50.0265614,0
            36.3233527,50.0265401,0
          </coordinates>
        </LineString>
      </Placemark>
      <Placemark>
        <name>Зупинка м/н Східна Салтівка</name>
        <description>Троллейбус-34, 56.</description>
        <styleUrl>#icon-1499-F57C00</styleUrl>
        <Point>
          <coordinates>
            36.3656449,50.0045241,0
          </coordinates>
        </Point>
      </Placemark>
      <Placemark>
        <name>вул. Гарібальді</name>
        <description>Троллейбус-34, 56.</description>
        <styleUrl>#icon-1532-F57C00</styleUrl>
        <Point>
          <coordinates>
            36.358262,50.0075379,0
          </coordinates>
        </Point>
      </Placemark>
      <Placemark>
        <name>Тракторобудівників</name>
        <description>Троллейбус-34, 56.</description>
        <styleUrl>#icon-1883-F57C00</styleUrl>
        <Point>
          <coordinates>
            36.3490172,50.0110052,0
          </coordinates>
        </Point>
      </Placemark>
      <Placemark>
        <name>вул. Гвардійців Широнінців</name>
        <description>Троллейбус-34, 56.</description>
        <styleUrl>#icon-1532-F57C00</styleUrl>
        <Point>
          <coordinates>
            36.3402195,50.0137355,0
          </coordinates>
        </Point>
      </Placemark>
      <Placemark>
        <name>Остановка 521 м/р</name>
        <description>Троллейбус-34, 56.</description>
        <styleUrl>#icon-1546-F57C00</styleUrl>
        <Point>
          <coordinates>
            36.3346849,50.0154412,0
          </coordinates>
        </Point>
      </Placemark>
      <Placemark>
        <name>Станція метро Студентська</name>
        <description>Троллейбус-34.</description>
        <styleUrl>#icon-1626-F57C00</styleUrl>
        <Point>
          <coordinates>
            36.3284272,50.0173647,0
          </coordinates>
        </Point>
      </Placemark>
      <Placemark>
        <name>Фармацевтичний інститут</name>
        <description>Троллейбус-34.</description>
        <styleUrl>#icon-1726-F57C00</styleUrl>
        <Point>
          <coordinates>
            36.3212013,50.0201704,0
          </coordinates>
        </Point>
      </Placemark>
      <Placemark>
        <name>Педагогічний університет</name>
        <description>Троллейбус-34.</description>
        <styleUrl>#icon-1726-F57C00</styleUrl>
        <Point>
          <coordinates>
            36.318554,50.0226913,0
          </coordinates>
        </Point>
      </Placemark>
      <Placemark>
        <name>вул. Нескорених</name>
        <description>Троллейбус-34.</description>
        <styleUrl>#icon-1532-F57C00</styleUrl>
        <Point>
          <coordinates>
            36.3222401,50.0256785,0
          </coordinates>
        </Point>
      </Placemark>
    <Placemark>
        <name>Лінія маршруту</name>
        <styleUrl>#line-000000-5069-nodesc</styleUrl>
        <LineString>
          <tessellate>1</tessellate>
          <coordinates>
            36.3233527,50.0265401,0
            36.3218936,50.0252512,0
            36.318396,50.0227353,0
            36.3181063,50.0225423,0
            36.3179453,50.0223699,0
            36.3179024,50.0222045,0
            36.3180848,50.0220322,0
            36.3205954,50.0203157,0
            36.3217863,50.0196471,0
            36.3229128,50.01913,0
            36.3242324,50.0185303,0
            36.3255199,50.0181029,0
            36.3269468,50.0176686,0
            36.3298544,50.0167172,0
            36.3333412,50.0156348,0
            36.3407978,50.0132977,0
            36.3428899,50.0126772,0
            36.3460334,50.011705,0
            36.3489517,50.0107742,0
            36.3516017,50.0099124,0
            36.354241,50.0090229,0
            36.3555714,50.0085127,0
            36.3576957,50.0076232,0
            36.3646587,50.004865,0
            36.3661393,50.0042099,0
            36.3661822,50.004272,0
            36.3654097,50.0046237,0
          </coordinates>
        </LineString>
      </Placemark>
      <Placemark>
        <name>вул. Нескорених</name>
        <description>Троллейбус-34.</description>
        <styleUrl>#icon-1499-000000</styleUrl>
        <Point>
          <coordinates>
            36.3234849,50.0263609,0
          </coordinates>
        </Point>
      </Placemark>
      <Placemark>
        <name>Педагогічний університет</name>
        <description>Троллейбус-34.</description>
        <styleUrl>#icon-1726-000000</styleUrl>
        <Point>
          <coordinates>
            36.3184638,50.0216737,0
          </coordinates>
        </Point>
      </Placemark>
      <Placemark>
        <name>Фармацевтичний університет</name>
        <description>Троллейбус-34.</description>
        <styleUrl>#icon-1726-000000</styleUrl>
        <Point>
          <coordinates>
            36.3218848,50.0195239,0
          </coordinates>
        </Point>
      </Placemark>
      <Placemark>
        <name>Станція метро Студентська</name>
        <description>Троллейбус-34.</description>
        <styleUrl>#icon-1626-000000</styleUrl>
        <Point>
          <coordinates>
            36.3307066,50.0164073,0
          </coordinates>
        </Point>
      </Placemark>
      <Placemark>
        <name>Остановка 520-й мікрорайон</name>
        <description>Троллейбус-34, 56.</description>
        <styleUrl>#icon-1546-000000</styleUrl>
        <Point>
          <coordinates>
            36.3359961,50.0147528,0
          </coordinates>
        </Point>
      </Placemark>
      <Placemark>
        <name>вул. Гвардійців-Широнінців</name>
        <description>Троллейбус-34, 56.</description>
        <styleUrl>#icon-1532-000000</styleUrl>
        <Point>
          <coordinates>
            36.3418325,50.0128223,0
          </coordinates>
        </Point>
      </Placemark>
      <Placemark>
        <name>Тракторобудівників</name>
        <description>Троллейбус-34, 56.</description>
        <styleUrl>#icon-1883-000000</styleUrl>
        <Point>
          <coordinates>
            36.3512485,50.0100294,0
          </coordinates>
        </Point>
      </Placemark>
      <Placemark>
        <name>вул. Гарібальді</name>
        <description>Троллейбус-34, 56.</description>
        <styleUrl>#icon-1532-000000</styleUrl>
        <Point>
          <coordinates>
            36.3571922,50.0077678,0
          </coordinates>
        </Point>
      </Placemark>
    </Folder><Folder><name>Тролейбус №35</name><Placemark>
        <name>Лінія маршруту</name>
        <styleUrl>#line-F57C00-5263-nodesc</styleUrl>
        <LineString>
          <tessellate>1</tessellate>
          <coordinates>
            36.2618237,49.9461202,0
            36.2616198,49.9461961,0
            36.2613301,49.946203,0
            36.2611531,49.946165,0
            36.261019,49.9460304,0
            36.2609868,49.945844,0
            36.2610244,49.9456852,0
            36.2610861,49.94563,0
            36.2611692,49.9456024,0
            36.2612738,49.9455437,0
            36.2613999,49.9455264,0
            36.2617378,49.9455057,0
            36.262918,49.9455057,0
            36.2659865,49.9451813,0
            36.2707394,49.9446634,0
            36.2757711,49.9441042,0
            36.2791185,49.943973,0
            36.2830453,49.9439799,0
            36.2941818,49.9438763,0
            36.3013916,49.9438349,0
            36.3015311,49.9441594,0
            36.301692,49.9447808,0
            36.3018208,49.9456369,0
            36.3018208,49.9463342,0
            36.3018529,49.9505593,0
            36.3019817,49.9530928,0
            36.3021533,49.9535622,0
            36.3023035,49.9540592,0
            36.3028078,49.9554329,0
            36.303473,49.9571862,0
            36.3042026,49.9592983,0
            36.3052432,49.9619004,0
            36.3061981,49.9644747,0
            36.3075499,49.9680633,0
            36.3086979,49.9709685,0
            36.3096313,49.9734043,0
            36.3102965,49.9751638,0
            36.3104253,49.9758538,0
            36.3106184,49.9771027,0
            36.3106935,49.9780134,0
            36.3108759,49.9792622,0
            36.311348,49.9823047,0
            36.3118629,49.9863059,0
            36.3121848,49.9882995,0
            36.3124638,49.9889203,0
            36.3134508,49.9917346,0
            36.3144593,49.9947005,0
            36.3158004,49.9983696,0
            36.3164334,49.9983144,0
            36.3228815,49.9978248,0
            36.3289969,49.9973834,0
            36.3289754,49.9976317,0
            36.3290505,49.9986248,0
            36.3296084,50.0006109,0
            36.3300161,50.0016247,0
            36.3305955,50.0027487,0
            36.3312499,50.0038176,0
            36.3322048,50.0051347,0
            36.3332884,50.0064035,0
            36.3340716,50.0072378,0
            36.335284,50.0085686,0
            36.3358097,50.0091202,0
            36.3364105,50.0096166,0
            36.3373547,50.0103061,0
            36.3388996,50.0114644,0
            36.3412063,50.0131881,0
            36.3413136,50.0133053,0
            36.341732,50.0138155,0
            36.3433199,50.0156149,0
            36.3453262,50.0179244,0
            36.3468175,50.0196409,0
            36.3485663,50.0217434,0
            36.3496714,50.0229979,0
            36.3517098,50.0254104,0
            36.3521497,50.0258585,0
            36.3541346,50.0281192,0
            36.354553,50.0285603,0
            36.356806,50.0311517,0
            36.3589733,50.0336603,0
            36.3590698,50.0339084,0
            36.3610654,50.0360723,0
            36.3636403,50.0390216,0
            36.3651638,50.0406754,0
            36.3646274,50.0408201,0
            36.3644557,50.0407718,0
            36.3643806,50.0405996,0
            36.3644128,50.0404756,0
          </coordinates>
        </LineString>
      </Placemark>
      <Placemark>
        <name>вул. Одеська</name>
        <description>Троллейбус-19, 35.</description>
        <styleUrl>#icon-1499-F57C00</styleUrl>
        <Point>
          <coordinates>
            36.2618165,49.9463314,0
          </coordinates>
        </Point>
      </Placemark>
      <Placemark>
        <name>вул. Монюшка</name>
        <description>Маршрутка-259е. Троллейбус-3, 19, 35, 59.</description>
        <styleUrl>#icon-1532-F57C00</styleUrl>
        <Point>
          <coordinates>
            36.2681143,49.9448677,0
          </coordinates>
        </Point>
      </Placemark>
      <Placemark>
        <name>вул. Миколи Кравченка</name>
        <description>Маршрутка-259е. Троллейбус-3, 19, 35, 59.</description>
        <styleUrl>#icon-1532-F57C00</styleUrl>
        <Point>
          <coordinates>
            36.2754532,49.9440993,0
          </coordinates>
        </Point>
      </Placemark>
      <Placemark>
        <name>вул. Морозова</name>
        <description>Троллейбус-3, 19, 35, 59.</description>
        <styleUrl>#icon-1532-F57C00</styleUrl>
        <Point>
          <coordinates>
            36.2820948,49.9439668,0
          </coordinates>
        </Point>
      </Placemark>
      <Placemark>
        <name>вул. Павла Чубинського</name>
        <description>Троллейбус-3, 19, 35, 59.</description>
        <styleUrl>#icon-1532-F57C00</styleUrl>
        <Point>
          <coordinates>
            36.2908638,49.9439204,0
          </coordinates>
        </Point>
      </Placemark>
      <Placemark>
        <name>Остановка 28 м/р</name>
        <description>Автобус-102, 107. Троллейбус-19, 35.</description>
        <styleUrl>#icon-1546-F57C00</styleUrl>
        <Point>
          <coordinates>
            36.3016542,49.9446271,0
          </coordinates>
        </Point>
      </Placemark>
      <Placemark>
        <name>Зупинка проїзд Садовий</name>
        <description>Автобус-102, 107. Троллейбус-19, 35.</description>
        <styleUrl>#icon-1582-F57C00</styleUrl>
        <Point>
          <coordinates>
            36.3019897,49.9484095,0
          </coordinates>
        </Point>
      </Placemark>
      <Placemark>
        <name>вул. Киргизька</name>
        <description>Автобус-102, 107. Троллейбус-19, 35.</description>
        <styleUrl>#icon-1532-F57C00</styleUrl>
        <Point>
          <coordinates>
            36.3021215,49.9519449,0
          </coordinates>
        </Point>
      </Placemark>
      <Placemark>
        <name>вул. Ковтуна</name>
        <description>Автобус-102, 107. Троллейбус-19, 35.</description>
        <styleUrl>#icon-1532-F57C00</styleUrl>
        <Point>
          <coordinates>
            36.3043971,49.9591133,0
          </coordinates>
        </Point>
      </Placemark>
      <Placemark>
        <name>вул. Олімпійська</name>
        <description>Автобус-102, 107. Троллейбус-19, 35.</description>
        <styleUrl>#icon-1532-F57C00</styleUrl>
        <Point>
          <coordinates>
            36.3054283,49.9620467,0
          </coordinates>
        </Point>
      </Placemark>
      <Placemark>
        <name>Героїв Харкова</name>
        <description>Автобус-102, 107. Троллейбус-19, 35.</description>
        <styleUrl>#icon-1532-F57C00</styleUrl>
        <Point>
          <coordinates>
            36.3075526,49.9675264,0
          </coordinates>
        </Point>
      </Placemark>
      <Placemark>
        <name>вул. Єдності</name>
        <description>Автобус-249. Маршрутка-259е. Троллейбус-19, 20, 31, 35, 57.</description>
        <styleUrl>#icon-1532-F57C00</styleUrl>
        <Point>
          <coordinates>
            36.3115544,49.982705,0
          </coordinates>
        </Point>
      </Placemark>
      <Placemark>
        <name>Остановка ш. Салтівське</name>
        <description>Автобус-249. Маршрутка-259е. Троллейбус-19, 20, 31, 35, 57.</description>
        <styleUrl>#icon-1532-F57C00</styleUrl>
        <Point>
          <coordinates>
            36.3127346,49.9885334,0
          </coordinates>
        </Point>
      </Placemark>
      <Placemark>
        <name>вул. Камишева</name>
        <description>Автобус-249. Маршрутка-259е. Троллейбус-19, 20, 31, 35, 57.</description>
        <styleUrl>#icon-1532-F57C00</styleUrl>
        <Point>
          <coordinates>
            36.3137216,49.9919045,0
          </coordinates>
        </Point>
      </Placemark>
      <Placemark>
        <name>Остановка пр. Ювілейний</name>
        <description>Автобус-81, 83. Маршрутка-38е, 121е, 259е. Троллейбус-19, 20, 24, 31, 35, 56.</description>
        <styleUrl>#icon-1532-F57C00</styleUrl>
        <Point>
          <coordinates>
            36.3170121,49.9981027,0
          </coordinates>
        </Point>
      </Placemark>
      <Placemark>
        <name>вул. Гвардійців Широнінців</name>
        <description>Автобус-107. Маршрутка-259е. Троллейбус-31, 35, 56.</description>
        <styleUrl>#icon-1532-F57C00</styleUrl>
        <Point>
          <coordinates>
            36.3291917,49.9979306,0
          </coordinates>
        </Point>
      </Placemark>
      <Placemark>
        <name>вул. Василя Стуса</name>
        <description>Автобус-107. Маршрутка-259е. Троллейбус-31, 35, 56.</description>
        <styleUrl>#icon-1532-F57C00</styleUrl>
        <Point>
          <coordinates>
            36.330926,50.0030043,0
          </coordinates>
        </Point>
      </Placemark>
      <Placemark>
        <name>вул. Владислава Зубенка</name>
        <description>Автобус-63, 107. Маршрутка-259е. Троллейбус-31, 35, 56.</description>
        <styleUrl>#icon-1532-F57C00</styleUrl>
        <Point>
          <coordinates>
            36.3356335,50.0088711,0
          </coordinates>
        </Point>
      </Placemark>
      <Placemark>
        <name>вул. Валентинівська</name>
        <description>Автобус-63, 107. Маршрутка-259е. Троллейбус-31, 35, 56.</description>
        <styleUrl>#icon-1532-F57C00</styleUrl>
        <Point>
          <coordinates>
            36.342209,50.0142619,0
          </coordinates>
        </Point>
      </Placemark>
      <Placemark>
        <name>Остановка 607 мікрорайон</name>
        <description>Автобус-63, 107. Маршрутка-259е. Троллейбус-31, 35.</description>
        <styleUrl>#icon-1546-F57C00</styleUrl>
        <Point>
          <coordinates>
            36.3457708,50.0183093,0
          </coordinates>
        </Point>
      </Placemark>
      <Placemark>
        <name>вул. Нескорених</name>
        <description>Автобус-63, 107. Маршрутка-259е. Троллейбус-31, 35.</description>
        <styleUrl>#icon-1532-F57C00</styleUrl>
        <Point>
          <coordinates>
            36.3488607,50.0219422,0
          </coordinates>
        </Point>
      </Placemark>
      <Placemark>
        <name>Остановка 524 мікрорайон</name>
        <description>Автобус-107. Маршрутка-259е. Троллейбус-31, 35.</description>
        <styleUrl>#icon-1546-F57C00</styleUrl>
        <Point>
          <coordinates>
            36.3512973,50.0246524,0
          </coordinates>
        </Point>
      </Placemark>
      <Placemark>
        <name>вул. Бучми</name>
        <description>Автобус-107. Маршрутка-259е. Троллейбус-31, 35.</description>
        <styleUrl>#icon-1532-F57C00</styleUrl>
        <Point>
          <coordinates>
            36.3537852,50.0276697,0
          </coordinates>
        </Point>
      </Placemark>
      <Placemark>
        <name>вул. Джерельна</name>
        <description>Автобус-107. Маршрутка-259е. Троллейбус-31, 35.</description>
        <styleUrl>#icon-1892-F57C00</styleUrl>
        <Point>
          <coordinates>
            36.3573221,50.0316608,0
          </coordinates>
        </Point>
      </Placemark>
      <Placemark>
        <name>вул. Соборності України</name>
        <description>Автобус-106, 107. Троллейбус-31, 35.</description>
        <styleUrl>#icon-1532-F57C00</styleUrl>
        <Point>
          <coordinates>
            36.3603486,50.0350337,0
          </coordinates>
        </Point>
      </Placemark>
      <Placemark>
        <name>вул. Метробудівників</name>
        <description>Автобус-106, 107. Троллейбус-31, 35.</description>
        <styleUrl>#icon-1532-F57C00</styleUrl>
        <Point>
          <coordinates>
            36.3633033,50.0385182,0
          </coordinates>
        </Point>
      </Placemark>
      <Placemark>
        <name>Зупинка Північна Салтівка</name>
        <description>Автобус-106, 107. Троллейбус-31, 35.</description>
        <styleUrl>#icon-1532-F57C00</styleUrl>
        <Point>
          <coordinates>
            36.3647486,50.040245,0
          </coordinates>
        </Point>
      </Placemark>
    <Placemark>
        <name>Лінія маршруту</name>
        <styleUrl>#line-000000-5069-nodesc</styleUrl>
        <LineString>
          <tessellate>1</tessellate>
          <coordinates>
            36.3644128,50.0404756,0
            36.3645056,50.0401738,0
            36.3637439,50.0393332,0
            36.3620058,50.0373486,0
            36.3594738,50.0345163,0
            36.3588086,50.0337583,0
            36.3581756,50.0329864,0
            36.3571671,50.0318424,0
            36.3561586,50.0306708,0
            36.354045,50.0282241,0
            36.3531116,50.0271971,0
            36.3516203,50.0254671,0
            36.3509766,50.0247433,0
            36.3487772,50.0221929,0
            36.3468138,50.0198699,0
            36.3444856,50.0171882,0
            36.342297,50.0147132,0
            36.3409666,50.0132378,0
            36.3407413,50.0130655,0
            36.3391749,50.0118382,0
            36.336836,50.0101076,0
            36.3357738,50.0092734,0
            36.33557,50.0091079,0
            36.3353232,50.0088321,0
            36.3345829,50.0080322,0
            36.3340357,50.0073979,0
            36.3323084,50.0054809,0
            36.3316003,50.0046259,0
            36.3312999,50.0041983,0
            36.3305703,50.0030054,0
            36.3302485,50.0025089,0
            36.3300232,50.002033,0
            36.3297979,50.0015572,0
            36.3292185,49.999909,0
            36.3289825,49.999109,0
            36.3288859,49.9987849,0
            36.3287893,49.9974952,0
            36.32718,49.9975918,0
            36.3239614,49.9978607,0
            36.3156465,49.9984883,0
            36.3155178,49.9980469,0
            36.3146917,49.9957572,0
            36.3137475,49.9934191,0
            36.312857,49.9906256,0
            36.3120202,49.9883562,0
            36.3119129,49.9880802,0
            36.3117841,49.9875077,0
            36.3115159,49.985383,0
            36.311355,49.9842586,0
            36.3109795,49.9815128,0
            36.3108293,49.9801744,0
            36.3105289,49.978284,0
            36.3103679,49.9777596,0
            36.3104216,49.9774491,0
            36.3103572,49.9771042,0
            36.3101534,49.9758208,0
            36.3100139,49.9751998,0
            36.3097349,49.9743442,0
            36.3093594,49.9732816,0
            36.3091878,49.9728262,0
            36.308426,49.9709493,0
            36.307793,49.9693345,0
            36.3065914,49.9662567,0
            36.3057867,49.9640759,0
            36.3043705,49.9603903,0
            36.3037804,49.9588856,0
            36.3031045,49.9569047,0
            36.3018385,49.9534257,0
            36.301742,49.952832,0
            36.3016776,49.9520864,0
            36.3016239,49.9491387,0
            36.3016025,49.9461976,0
            36.3016239,49.9456729,0
            36.3011197,49.9439676,0
            36.2997357,49.9439468,0
            36.2879983,49.9440642,0
            36.2823549,49.9441333,0
            36.2788144,49.9441609,0
            36.2758104,49.9442092,0
            36.2739328,49.9444232,0
            36.2699095,49.9449134,0
            36.2631289,49.9455832,0
            36.2618237,49.9461202,0
          </coordinates>
        </LineString>
      </Placemark>
      <Placemark>
        <name>Зупинка Північна Салтівка</name>
        <description>Троллейбус-31, 35.</description>
        <styleUrl>#icon-1499-000000</styleUrl>
        <Point>
          <coordinates>
            36.3644882,50.0406963,0
          </coordinates>
        </Point>
      </Placemark>
      <Placemark>
        <name>вул. Метробудівників</name>
        <description>Автобус-106, 107. Троллейбус-31, 35.</description>
        <styleUrl>#icon-1532-000000</styleUrl>
        <Point>
          <coordinates>
            36.3627287,50.0383535,0
          </coordinates>
        </Point>
      </Placemark>
      <Placemark>
        <name>вул. Соборності України</name>
        <description>Автобус-106, 107. Троллейбус-31, 35.</description>
        <styleUrl>#icon-1532-000000</styleUrl>
        <Point>
          <coordinates>
            36.3601795,50.0353793,0
          </coordinates>
        </Point>
      </Placemark>
      <Placemark>
        <name>вул. Гвардійців Широнінців</name>
        <description>Автобус-107. Маршрутка-259е. Троллейбус-31, 35.</description>
        <styleUrl>#icon-1532-000000</styleUrl>
        <Point>
          <coordinates>
            36.3584584,50.0334407,0
          </coordinates>
        </Point>
      </Placemark>
      <Placemark>
        <name>вул. Джерельна</name>
        <description>Автобус-107. Маршрутка-259е. Троллейбус-31, 35.</description>
        <styleUrl>#icon-1892-000000</styleUrl>
        <Point>
          <coordinates>
            36.3565917,50.0312973,0
          </coordinates>
        </Point>
      </Placemark>
      <Placemark>
        <name>вул. Бучми</name>
        <description>Автобус-107. Маршрутка-259е. Троллейбус-31, 35.</description>
        <styleUrl>#icon-1532-000000</styleUrl>
        <Point>
          <coordinates>
            36.3533469,50.0276476,0
          </coordinates>
        </Point>
      </Placemark>
      <Placemark>
        <name>Остановка 524 мікрорайон</name>
        <description>Автобус-107. Маршрутка-259е. Троллейбус-31, 35.</description>
        <styleUrl>#icon-1546-000000</styleUrl>
        <Point>
          <coordinates>
            36.3496776,50.0233673,0
          </coordinates>
        </Point>
      </Placemark>
      <Placemark>
        <name>вул. Нескорених</name>
        <description>Автобус-63, 107. Маршрутка-259е. Троллейбус-31, 35.</description>
        <styleUrl>#icon-1532-000000</styleUrl>
        <Point>
          <coordinates>
            36.3471252,50.0204125,0
          </coordinates>
        </Point>
      </Placemark>
      <Placemark>
        <name>Остановка 607 мікрорайон</name>
        <description>Автобус-63, 107. Маршрутка-259е. Троллейбус-31, 35.</description>
        <styleUrl>#icon-1546-000000</styleUrl>
        <Point>
          <coordinates>
            36.344679,50.0176206,0
          </coordinates>
        </Point>
      </Placemark>
      <Placemark>
        <name>вул. Валентинівська</name>
        <description>Автобус-63, 107. Маршрутка-259е. Троллейбус-31, 35, 56.</description>
        <styleUrl>#icon-1532-000000</styleUrl>
        <Point>
          <coordinates>
            36.3403232,50.0128843,0
          </coordinates>
        </Point>
      </Placemark>
      <Placemark>
        <name>вул. Владислава Зубенка</name>
        <description>Автобус-63, 107. Маршрутка-259е. Троллейбус-31, 35, 56.</description>
        <styleUrl>#icon-1532-000000</styleUrl>
        <Point>
          <coordinates>
            36.3350601,50.0086904,0
          </coordinates>
        </Point>
      </Placemark>
      <Placemark>
        <name>Остановка 605 мікрорайон</name>
        <description>Автобус-107. Маршрутка-259е. Троллейбус-31, 35, 56.</description>
        <styleUrl>#icon-1546-000000</styleUrl>
        <Point>
          <coordinates>
            36.3319701,50.0050185,0
          </coordinates>
        </Point>
      </Placemark>
      <Placemark>
        <name>Остановка Василя Стуса</name>
        <description>Автобус-107. Маршрутка-259е. Троллейбус-31, 35, 56.</description>
        <styleUrl>#icon-1532-000000</styleUrl>
        <Point>
          <coordinates>
            36.3300819,50.0025223,0
          </coordinates>
        </Point>
      </Placemark>
      <Placemark>
        <name>вул. Гвардійців Широнінців</name>
        <description>Автобус-107. Маршрутка-259е. Троллейбус-31, 35, 56.</description>
        <styleUrl>#icon-1532-000000</styleUrl>
        <Point>
          <coordinates>
            36.3286013,49.9981362,0
          </coordinates>
        </Point>
      </Placemark>
      <Placemark>
        <name>Остановка ш. Салтівське</name>
        <description>Автобус-249. Маршрутка-259е. Троллейбус-19, 20, 31, 35, 57.</description>
        <styleUrl>#icon-1532-000000</styleUrl>
        <Point>
          <coordinates>
            36.3117785,49.9878295,0
          </coordinates>
        </Point>
      </Placemark>
      <Placemark>
        <name>Остановка пр. Льва Ландау</name>
        <description>Автобус-107. Маршрутка-259е. Троллейбус-19, 20, 31, 35, 57.</description>
        <styleUrl>#icon-1532-000000</styleUrl>
        <Point>
          <coordinates>
            36.3151259,49.997819,0
          </coordinates>
        </Point>
      </Placemark>
      <Placemark>
        <name>вул. Камишева</name>
        <description>Автобус-249. Маршрутка-259е. Троллейбус-19, 20, 31, 35, 57.</description>
        <styleUrl>#icon-1532-000000</styleUrl>
        <Point>
          <coordinates>
            36.3127655,49.9912785,0
          </coordinates>
        </Point>
      </Placemark>
      <Placemark>
        <name>вул. Єдності</name>
        <description>Автобус-249. Маршрутка-259е. Троллейбус-19, 20, 31, 35, 57.</description>
        <styleUrl>#icon-1532-000000</styleUrl>
        <Point>
          <coordinates>
            36.3108129,49.9821314,0
          </coordinates>
        </Point>
      </Placemark>
      <Placemark>
        <name>Героїв Харкова</name>
        <description>Автобус-107. Троллейбус-19, 35.</description>
        <styleUrl>#icon-1532-000000</styleUrl>
        <Point>
          <coordinates>
            36.3069304,49.967485,0
          </coordinates>
        </Point>
      </Placemark>
      <Placemark>
        <name>вул. Олімпійська</name>
        <description>Автобус-102, 107. Троллейбус-19, 35.</description>
        <styleUrl>#icon-1532-000000</styleUrl>
        <Point>
          <coordinates>
            36.3045057,49.9611494,0
          </coordinates>
        </Point>
      </Placemark>
      <Placemark>
        <name>вул. Ковтуна</name>
        <description>Автобус-102, 107. Троллейбус-19, 35.</description>
        <styleUrl>#icon-1532-000000</styleUrl>
        <Point>
          <coordinates>
            36.3034971,49.9585266,0
          </coordinates>
        </Point>
      </Placemark>
      <Placemark>
        <name>вул. Киргизька</name>
        <description>Автобус-102, 107. Троллейбус-19, 35.</description>
        <styleUrl>#icon-1532-000000</styleUrl>
        <Point>
          <coordinates>
            36.3017061,49.9535693,0
          </coordinates>
        </Point>
      </Placemark>
      <Placemark>
        <name>Зупинка проїзд Садовий</name>
        <description>Автобус-102, 107. Троллейбус-19, 35.</description>
        <styleUrl>#icon-1582-000000</styleUrl>
        <Point>
          <coordinates>
            36.3014644,49.9493998,0
          </coordinates>
        </Point>
      </Placemark>
      <Placemark>
        <name>Остановка 28 м/р</name>
        <description>Троллейбус-3, 19, 35, 59.</description>
        <styleUrl>#icon-1546-000000</styleUrl>
        <Point>
          <coordinates>
            36.3000611,49.9440619,0
          </coordinates>
        </Point>
      </Placemark>
      <Placemark>
        <name>вул. Павла Чубинського</name>
        <description>Троллейбус-3, 19, 35, 59.</description>
        <styleUrl>#icon-1532-000000</styleUrl>
        <Point>
          <coordinates>
            36.2903539,49.9441279,0
          </coordinates>
        </Point>
      </Placemark>
      <Placemark>
        <name>вул. Морозова</name>
        <description>Маршрутка-259е. Троллейбус-3, 19, 35, 59.</description>
        <styleUrl>#icon-1532-000000</styleUrl>
        <Point>
          <coordinates>
            36.280395,49.9442198,0
          </coordinates>
        </Point>
      </Placemark>
      <Placemark>
        <name>вул. Миколи Кравченка</name>
        <description>Маршрутка-259е. Троллейбус-3, 19, 35, 59.</description>
        <styleUrl>#icon-1532-000000</styleUrl>
        <Point>
          <coordinates>
            36.2743857,49.9443922,0
          </coordinates>
        </Point>
      </Placemark>
      <Placemark>
        <name>вул. Монюшка</name>
        <description>Маршрутка-259е. Троллейбус-3, 19, 35, 59.</description>
        <styleUrl>#icon-1532-000000</styleUrl>
        <Point>
          <coordinates>
            36.2683074,49.9449367,0
          </coordinates>
        </Point>
      </Placemark>
    </Folder><Folder><name>Тролейбус №40</name><Placemark>
        <name>Лінія маршруту</name>
        <styleUrl>#line-F57C00-5069-nodesc</styleUrl>
        <LineString>
          <tessellate>1</tessellate>
          <coordinates>
            36.2304631,49.991587,0
            36.2300965,49.9915636,0
            36.2300697,49.9919188,0
            36.2300751,49.9932879,0
            36.2304237,49.9932741,0
            36.2310192,49.9932121,0
            36.2318346,49.9931569,0
            36.2321296,49.9931741,0
            36.2321511,49.9933224,0
            36.2321672,49.9934673,0
            36.2324783,49.9947157,0
            36.2326285,49.9951157,0
            36.2329933,49.9960813,0
            36.2337175,49.9980193,0
            36.2344792,50.0001675,0
            36.2351873,50.0022502,0
            36.2360135,50.0047465,0
            36.2364104,50.0057119,0
            36.2367752,50.0062118,0
            36.2370381,50.0066117,0
            36.2377515,50.007546,0
            36.2380627,50.0078288,0
            36.2384704,50.0081459,0
            36.2396666,50.0092009,0
            36.2412545,50.0106592,0
            36.2426492,50.0118933,0
            36.2441191,50.0132136,0
            36.246458,50.0152888,0
            36.2481907,50.0167986,0
            36.2496444,50.0180568,0
            36.2508622,50.0191115,0
            36.2534103,50.0214139,0
            36.255379,50.023406,0
            36.2572029,50.0253016,0
            36.2584153,50.0265767,0
            36.2580988,50.0266904,0
            36.2575248,50.0269179,0
            36.2546548,50.0283791,0
            36.2526968,50.0293474,0
            36.2500146,50.0306983,0
            36.2477562,50.0318492,0
            36.2448594,50.0332792,0
            36.2421021,50.0346472,0
            36.2415174,50.0349229,0
            36.2387654,50.0361426,0
            36.2384704,50.0362287,0
            36.2376389,50.036432,0
            36.2361208,50.0367973,0
            36.2353644,50.0370385,0
            36.2340394,50.0375312,0
            36.2320331,50.038396,0
            36.2308314,50.0390403,0
            36.2304345,50.039309,0
            36.2280151,50.0408663,0
            36.2271729,50.0414278,0
            36.2266901,50.041638,0
            36.2262073,50.0417999,0
            36.2234822,50.0423236,0
            36.2228063,50.0424648,0
            36.2224147,50.0425716,0
            36.2206498,50.0433847,0
            36.2198397,50.0437568,0
            36.217002,50.0451037,0
            36.2136009,50.0466057,0
            36.2129518,50.046902,0
            36.2122813,50.0473154,0
            36.2116429,50.0478011,0
            36.2101248,50.0489137,0
            36.2097654,50.0491548,0
            36.209465,50.0493133,0
            36.2080166,50.0500918,0
            36.2072655,50.0505155,0
            36.2066862,50.0509081,0
            36.206316,50.0512629,0
            36.2059083,50.0517796,0
            36.2057099,50.052155,0
            36.2049588,50.0540115,0
            36.2040201,50.0564225,0
            36.2036553,50.0575659,0
            36.2034729,50.0578277,0
            36.20262,50.0586301,0
            36.2017348,50.0593706,0
            36.2021103,50.0596702,0
            36.2033817,50.0609066,0
            36.2047067,50.0621601,0
            36.2060693,50.0634308,0
            36.2078342,50.0651044,0
            36.2098887,50.0670465,0
            36.2113479,50.0684272,0
            36.2122384,50.0692536,0
            36.211659,50.0695015,0
            36.2111869,50.0696152,0
            36.2107685,50.0695566,0
            36.2105164,50.0694292,0
            36.2103555,50.0692915,0
            36.2102803,50.069171,0
            36.2102428,50.0690126,0
            36.2104252,50.0688577,0
            36.210688,50.0684686,0
            36.2107417,50.0683102,0
            36.2105647,50.0681415,0
            36.2104788,50.0680106,0
            36.2103895,50.0679273,0
          </coordinates>
        </LineString>
      </Placemark>
      <Placemark>
        <name>Станція метро Площа Конституції.</name>
        <description>Троллейбус – 40, 55.</description>
        <styleUrl>#icon-1499-F57C00</styleUrl>
        <Point>
          <coordinates>
            36.230514,49.991647,0
          </coordinates>
        </Point>
      </Placemark>
      <Placemark>
        <name>Оперний театр</name>
        <description>Троллейбус – 40, 55, 58.</description>
        <styleUrl>#icon-1709-F57C00</styleUrl>
        <Point>
          <coordinates>
            36.2341458,49.9988995,0
          </coordinates>
        </Point>
      </Placemark>
      <Placemark>
        <name>Станція метро Університет</name>
        <description>Троллейбус – 2, 40, 55.</description>
        <styleUrl>#icon-1626-F57C00</styleUrl>
        <Point>
          <coordinates>
            36.2369615,50.0063689,0
          </coordinates>
        </Point>
      </Placemark>
      <Placemark>
        <name>вул. Миколи Хвильового</name>
        <description>Троллейбус – 2, 40, 55.</description>
        <styleUrl>#icon-1532-F57C00</styleUrl>
        <Point>
          <coordinates>
            36.2414827,50.0107861,0
          </coordinates>
        </Point>
      </Placemark>
      <Placemark>
        <name>вул. Олеся Гончара</name>
        <description>Троллейбус – 2, 40, 55.</description>
        <styleUrl>#icon-1532-F57C00</styleUrl>
        <Point>
          <coordinates>
            36.2438177,50.012875,0
          </coordinates>
        </Point>
      </Placemark>
      <Placemark>
        <name>Центральний парк</name>
        <description>Троллейбус – 2, 40, 55.</description>
        <styleUrl>#icon-1720-F57C00</styleUrl>
        <Point>
          <coordinates>
            36.2475812,50.0161523,0
          </coordinates>
        </Point>
      </Placemark>
      <Placemark>
        <name>Остановка пл. 1 травня</name>
        <description>Троллейбус – 40.</description>
        <styleUrl>#icon-1532-F57C00</styleUrl>
        <Point>
          <coordinates>
            36.249277,50.0175774,0
          </coordinates>
        </Point>
      </Placemark>
      <Placemark>
        <name>Дитяча залізниця</name>
        <description>Троллейбус – 2, 40, 55.</description>
        <styleUrl>#icon-1662-F57C00</styleUrl>
        <Point>
          <coordinates>
            36.2528009,50.0206398,0
          </coordinates>
        </Point>
      </Placemark>
      <Placemark>
        <name>Зупинка Сокільники</name>
        <description>Троллейбус – 12, 40.</description>
        <styleUrl>#icon-1532-F57C00</styleUrl>
        <Point>
          <coordinates>
            36.2570817,50.0272571,0
          </coordinates>
        </Point>
      </Placemark>
      <Placemark>
        <name>вул. Станіслава Партали</name>
        <description>Автобус - 33, 63. Троллейбус-12, 40.</description>
        <styleUrl>#icon-1532-F57C00</styleUrl>
        <Point>
          <coordinates>
            36.2415142,50.0350449,0
          </coordinates>
        </Point>
      </Placemark>
      <Placemark>
        <name>вул. Новопрудна</name>
        <description>Автобус-33, 63. Троллейбус-12, 18, 40.</description>
        <styleUrl>#icon-1532-F57C00</styleUrl>
        <Point>
          <coordinates>
            36.2354678,50.0370565,0
          </coordinates>
        </Point>
      </Placemark>
      <Placemark>
        <name>Остановка Діброва</name>
        <description>Троллейбус-18, 40.</description>
        <styleUrl>#icon-1886-F57C00</styleUrl>
        <Point>
          <coordinates>
            36.2265566,50.0417487,0
          </coordinates>
        </Point>
      </Placemark>
      <Placemark>
        <name>Зупинка Різдвяна церква</name>
        <description>Троллейбус-18, 40.</description>
        <styleUrl>#icon-1670-F57C00</styleUrl>
        <Point>
          <coordinates>
            36.2223241,50.0427134,0
          </coordinates>
        </Point>
      </Placemark>
      <Placemark>
        <name>вул. Білогірська</name>
        <description>Автобус – 63. Троллейбус-2, 40, 58.</description>
        <styleUrl>#icon-1532-F57C00</styleUrl>
        <Point>
          <coordinates>
            36.2122927,50.0474368,0
          </coordinates>
        </Point>
      </Placemark>
      <Placemark>
        <name>Станція метро Олексіївська</name>
        <description>Автобус-119е, 263е, 271е, 282е. Троллейбус-2, 40.</description>
        <styleUrl>#icon-1626-F57C00</styleUrl>
        <Point>
          <coordinates>
            36.2076419,50.0503573,0
          </coordinates>
        </Point>
      </Placemark>
      <Placemark>
        <name>Остановка АТС 336</name>
        <description>Автобус – 63. Троллейбус-2, 40, 58.</description>
        <styleUrl>#icon-1648-F57C00</styleUrl>
        <Point>
          <coordinates>
            36.2055337,50.0529292,0
          </coordinates>
        </Point>
      </Placemark>
      <Placemark>
        <name>Остановка пр. Людвіга Свободи</name>
        <description>Автобус – 63. Троллейбус-2, 40, 58.</description>
        <styleUrl>#icon-1532-F57C00</styleUrl>
        <Point>
          <coordinates>
            36.2049005,50.0547133,0
          </coordinates>
        </Point>
      </Placemark>
      <Placemark>
        <name>Станція метро Перемога</name>
        <description>Автобус – 63. Троллейбус-2, 40.</description>
        <styleUrl>#icon-1626-F57C00</styleUrl>
        <Point>
          <coordinates>
            36.2029416,50.0584581,0
          </coordinates>
        </Point>
      </Placemark>
      <Placemark>
        <name>Станція метро Перемога</name>
        <description>Автобус-263е, 271е, 282е. Троллейбус-2, 40.</description>
        <styleUrl>#icon-1626-F57C00</styleUrl>
        <Point>
          <coordinates>
            36.2022101,50.0593465,0
          </coordinates>
        </Point>
      </Placemark>
      <Placemark>
        <name>Остановка Шкільна</name>
        <description>Троллейбус-2, 40, 58.</description>
        <styleUrl>#icon-1682-F57C00</styleUrl>
        <Point>
          <coordinates>
            36.2057469,50.0629648,0
          </coordinates>
        </Point>
      </Placemark>
      <Placemark>
        <name>Зупинка Сонячна</name>
        <description>Троллейбус-2, 40, 58.</description>
        <styleUrl>#icon-1700-F57C00</styleUrl>
        <Point>
          <coordinates>
            36.2091801,50.0662285,0
          </coordinates>
        </Point>
      </Placemark>
      <Placemark>
        <name>Остановка пр. Перемоги</name>
        <description>Троллейбус-2, 40, 58.</description>
        <styleUrl>#icon-1532-F57C00</styleUrl>
        <Point>
          <coordinates>
            36.2108401,50.0677482,0
          </coordinates>
        </Point>
      </Placemark>
    <Placemark>
        <name>Лінія маршруту</name>
        <styleUrl>#line-000000-4875-nodesc</styleUrl>
        <LineString>
          <tessellate>1</tessellate>
          <coordinates>
            36.2103895,50.0679273,0
            36.2080184,50.0656546,0
            36.2060229,50.0637951,0
            36.2021068,50.0601379,0
            36.2013344,50.0594766,0
            36.2023643,50.0585881,0
            36.2032441,50.0578098,0
            36.2034157,50.0575273,0
            36.2039522,50.0561979,0
            36.2050573,50.0533461,0
            36.2057117,50.0517823,0
            36.2058726,50.051555,0
            36.2064413,50.0509212,0
            36.2068382,50.0506112,0
            36.2074927,50.0502323,0
            36.2098638,50.0489509,0
            36.2105075,50.0484962,0
            36.2109688,50.0481379,0
            36.2122348,50.047201,0
            36.2129537,50.0467531,0
            36.2134365,50.0465258,0
            36.2143162,50.0461675,0
            36.2160758,50.045389,0
            36.2174383,50.0447482,0
            36.2194875,50.0438112,0
            36.2222341,50.0425572,0
            36.2225667,50.0423987,0
            36.2231032,50.0423022,0
            36.2244979,50.0420473,0
            36.2255708,50.0418406,0
            36.2266115,50.0415305,0
            36.227384,50.0411584,0
            36.2279633,50.0407243,0
            36.2286285,50.0403178,0
            36.2292937,50.0398906,0
            36.2303129,50.0392222,0
            36.2310532,50.0387329,0
            36.2316433,50.0384435,0
            36.2322549,50.0381954,0
            36.2350873,50.0370033,0
            36.2358061,50.0367552,0
            36.2365571,50.0365623,0
            36.238263,50.0361764,0
            36.2396148,50.0356182,0
            36.2418142,50.0346672,0
            36.2428549,50.0341021,0
            36.2485841,50.0312972,0
            36.2549571,50.0280992,0
            36.2575642,50.026769,0
            36.2582079,50.0265277,0
            36.2571672,50.0254938,0
            36.2566415,50.0249011,0
            36.2550751,50.0232675,0
            36.2542812,50.0224472,0
            36.2521247,50.0203723,0
            36.2507406,50.0191521,0
            36.2476185,50.0164222,0
            36.2456874,50.0147607,0
            36.2445501,50.0137335,0
            36.2416962,50.01121,0
            36.2403122,50.0099552,0
            36.2382094,50.0080797,0
            36.2376622,50.0076384,0
            36.2372867,50.0071626,0
            36.2366644,50.0063145,0
            36.2362245,50.0056457,0
            36.2359241,50.0049078,0
            36.2356774,50.0042182,0
            36.2353018,50.0029563,0
            36.2345937,50.000922,0
            36.2340037,49.999191,0
            36.2327806,49.9958461,0
            36.2324587,49.9950736,0
            36.2319866,49.99317,0
            36.2318337,49.992632,0
            36.2317707,49.9925423,0
            36.231699,49.9924708,0
            36.2316595,49.9923406,0
            36.2316313,49.992194,0
            36.2316353,49.9920267,0
            36.2316822,49.9919155,0
            36.231756,49.9918319,0
            36.2317345,49.9917578,0
            36.2316219,49.991694,0
            36.2314609,49.9916388,0
            36.2304631,49.991587,0
          </coordinates>
        </LineString>
      </Placemark>
      <Placemark>
        <name>Остановка пр. Перемоги</name>
        <description>Троллейбус-2, 40, 58.</description>
        <styleUrl>#icon-1499-000000</styleUrl>
        <Point>
          <coordinates>
            36.210253,50.0680122,0
          </coordinates>
        </Point>
      </Placemark>
      <Placemark>
        <name>вул. Сонячна</name>
        <description>Троллейбус-2, 40, 58.</description>
        <styleUrl>#icon-1700-000000</styleUrl>
        <Point>
          <coordinates>
            36.2086505,50.0662213,0
          </coordinates>
        </Point>
      </Placemark>
      <Placemark>
        <name>вул. Шкільна</name>
        <description>Троллейбус-2, 40, 58.</description>
        <styleUrl>#icon-1682-000000</styleUrl>
        <Point>
          <coordinates>
            36.2054168,50.0629891,0
          </coordinates>
        </Point>
      </Placemark>
      <Placemark>
        <name>Остановка 339 мікрорайон</name>
        <description>Троллейбус-2, 40, 58.</description>
        <styleUrl>#icon-1532-000000</styleUrl>
        <Point>
          <coordinates>
            36.2031179,50.0612364,0
          </coordinates>
        </Point>
      </Placemark>
      <Placemark>
        <name>Станція метро Перемога</name>
        <description>Автобус – 63. Троллейбус-2, 40, 58.</description>
        <styleUrl>#icon-1626-000000</styleUrl>
        <Point>
          <coordinates>
            36.2023377,50.0583992,0
          </coordinates>
        </Point>
      </Placemark>
      <Placemark>
        <name>Остановка 337 мікрорайон</name>
        <description>Автобус – 63. Троллейбус-2, 40, 58.</description>
        <styleUrl>#icon-1546-000000</styleUrl>
        <Point>
          <coordinates>
            36.2035649,50.0565722,0
          </coordinates>
        </Point>
      </Placemark>
      <Placemark>
        <name>вул. Людвіга Свободи</name>
        <description>Автобус – 63. Троллейбус-2, 40, 58.</description>
        <styleUrl>#icon-1532-000000</styleUrl>
        <Point>
          <coordinates>
            36.2045114,50.0542156,0
          </coordinates>
        </Point>
      </Placemark>
      <Placemark>
        <name>Остановка АТС 336</name>
        <description>Автобус – 63. Троллейбус-2, 40, 58.</description>
        <styleUrl>#icon-1648-000000</styleUrl>
        <Point>
          <coordinates>
            36.2052946,50.05235,0
          </coordinates>
        </Point>
      </Placemark>
      <Placemark>
        <name>Станція метро Олексіївська</name>
        <description>Автобус – 63. Троллейбус-2, 40, 58.</description>
        <styleUrl>#icon-1626-000000</styleUrl>
        <Point>
          <coordinates>
            36.2090175,50.0493636,0
          </coordinates>
        </Point>
      </Placemark>
      <Placemark>
        <name>вул. Білогірська</name>
        <description>Автобус – 63. Троллейбус-2, 40, 58.</description>
        <styleUrl>#icon-1532-000000</styleUrl>
        <Point>
          <coordinates>
            36.2127528,50.0467977,0
          </coordinates>
        </Point>
      </Placemark>
      <Placemark>
        <name>Зупинка Різдвяна церква</name>
        <description>Троллейбус-18, 40.</description>
        <styleUrl>#icon-1670-000000</styleUrl>
        <Point>
          <coordinates>
            36.2237299,50.042162,0
          </coordinates>
        </Point>
      </Placemark>
      <Placemark>
        <name>Остановка Діброва</name>
        <description>Троллейбус-18, 40.</description>
        <styleUrl>#icon-1886-000000</styleUrl>
        <Point>
          <coordinates>
            36.2281395,50.0406564,0
          </coordinates>
        </Point>
      </Placemark>
      <Placemark>
        <name>вул. Новопрудна</name>
        <description>Автобус-33, 63. Троллейбус-12, 18, 40.</description>
        <styleUrl>#icon-1532-000000</styleUrl>
        <Point>
          <coordinates>
            36.2359963,50.0366338,0
          </coordinates>
        </Point>
      </Placemark>
      <Placemark>
        <name>вул. Станіслава Партали</name>
        <description>Автобус - 33, 63. Троллейбус-12, 40.</description>
        <styleUrl>#icon-1532-000000</styleUrl>
        <Point>
          <coordinates>
            36.2420725,50.0344691,0
          </coordinates>
        </Point>
      </Placemark>
      <Placemark>
        <name>Зупинка Сокільники</name>
        <description>Троллейбус – 2, 40, 55.</description>
        <styleUrl>#icon-1532-000000</styleUrl>
        <Point>
          <coordinates>
            36.2574129,50.0259655,0
          </coordinates>
        </Point>
      </Placemark>
      <Placemark>
        <name>Дитяча залізниця</name>
        <description>Троллейбус – 2, 40, 55.</description>
        <styleUrl>#icon-1662-000000</styleUrl>
        <Point>
          <coordinates>
            36.2519551,50.0202732,0
          </coordinates>
        </Point>
      </Placemark>
      <Placemark>
        <name>Центральний парк</name>
        <description>Троллейбус – 2, 40, 55.</description>
        <styleUrl>#icon-1720-000000</styleUrl>
        <Point>
          <coordinates>
            36.2469291,50.0158624,0
          </coordinates>
        </Point>
      </Placemark>
      <Placemark>
        <name>вул. Олеся Гончара</name>
        <description>Троллейбус – 2, 40, 55.</description>
        <styleUrl>#icon-1532-000000</styleUrl>
        <Point>
          <coordinates>
            36.2437748,50.0131116,0
          </coordinates>
        </Point>
      </Placemark>
      <Placemark>
        <name>вул. Миколи Хвильового</name>
        <description>Троллейбус – 2, 40, 55.</description>
        <styleUrl>#icon-1532-000000</styleUrl>
        <Point>
          <coordinates>
            36.2407634,50.0103675,0
          </coordinates>
        </Point>
      </Placemark>
      <Placemark>
        <name>Станція метро Університет</name>
        <description>Троллейбус – 2, 40, 55.</description>
        <styleUrl>#icon-1626-000000</styleUrl>
        <Point>
          <coordinates>
            36.2367443,50.0065327,0
          </coordinates>
        </Point>
      </Placemark>
      <Placemark>
        <name>Сад Шевченко</name>
        <description>Троллейбус – 40, 55, 58.</description>
        <styleUrl>#icon-1720-000000</styleUrl>
        <Point>
          <coordinates>
            36.2349221,50.0020066,0
          </coordinates>
        </Point>
      </Placemark>
      <Placemark>
        <name>Будинок Саламандра</name>
        <description>Троллейбус – 40, 55, 58.</description>
        <styleUrl>#icon-1532-000000</styleUrl>
        <Point>
          <coordinates>
            36.2329977,49.9966511,0
          </coordinates>
        </Point>
      </Placemark>
      <Placemark>
        <name>Станція метро Площа Конституції.</name>
        <description>Троллейбус – 40, 55.</description>
        <styleUrl>#icon-1626-000000</styleUrl>
        <Point>
          <coordinates>
            36.2315279,49.991716,0
          </coordinates>
        </Point>
      </Placemark>
    </Folder><Folder><name>Тролейбус №45</name><Placemark>
        <name>Лінія маршруту</name>
        <styleUrl>#line-F57C00-5069-nodesc</styleUrl>
        <LineString>
          <tessellate>1</tessellate>
          <coordinates>
            36.3927667,49.9470347,0
            36.3941722,49.9466136,0
            36.3959639,49.9460129,0
            36.3991289,49.9449497,0
            36.400352,49.9445837,0
            36.4000516,49.9441971,0
            36.399601,49.9436793,0
            36.3991826,49.9431683,0
            36.39885,49.942761,0
            36.3986676,49.9425331,0
            36.3985496,49.9422915,0
            36.3985174,49.9420222,0
            36.3986461,49.9417529,0
            36.4013069,49.938549,0
            36.4025836,49.9369746,0
            36.4051585,49.9338394,0
            36.4062529,49.9325204,0
            36.4064567,49.9323063,0
            36.4070253,49.93174,0
            36.4107053,49.9271817,0
            36.413409,49.9238595,0
            36.4161663,49.9205646,0
            36.4164882,49.9201294,0
            36.4167457,49.9196044,0
            36.4187412,49.9171037,0
            36.420608,49.9148377,0
            36.4202754,49.914817,0
            36.4198677,49.9147548,0
            36.4198463,49.9146097,0
            36.4200072,49.9145268,0
            36.4203291,49.9146097,0
            36.4204793,49.9147272,0
            36.4208012,49.9148239,0
            36.4198785,49.9159154,0
          </coordinates>
        </LineString>
      </Placemark>
      <Placemark>
        <name>вул. 12 Квітня</name>
        <description>Маршрутка -121е. Троллейбус-45, 46, 51, 52, 53.</description>
        <styleUrl>#icon-1499-F57C00</styleUrl>
        <Point>
          <coordinates>
            36.3925758,49.9470207,0
          </coordinates>
        </Point>
      </Placemark>
      <Placemark>
        <name>Станція метро Індустріальна</name>
        <description>Автобус – 45. Маршрутка – 121е. Троллейбус-45, 51, 52, 53.</description>
        <styleUrl>#icon-1626-F57C00</styleUrl>
        <Point>
          <coordinates>
            36.3976819,49.9452348,0
          </coordinates>
        </Point>
      </Placemark>
      <Placemark>
        <name>Остановка 18 поліклініка</name>
        <description>Автобус - 45. Маршрутка -121е, 252е. Троллейбус-45, 51, 52.</description>
        <styleUrl>#icon-1624-F57C00</styleUrl>
        <Point>
          <coordinates>
            36.3993722,49.9434609,0
          </coordinates>
        </Point>
      </Placemark>
      <Placemark>
        <name>Остановка бул. Івана Каркача</name>
        <description>Автобус – 45. Маршрутка -121е. Троллейбус-45, 51, 52.</description>
        <styleUrl>#icon-1532-F57C00</styleUrl>
        <Point>
          <coordinates>
            36.4029069,49.9364932,0
          </coordinates>
        </Point>
      </Placemark>
      <Placemark>
        <name>вул. Мохначанська</name>
        <description>Автобус – 45. Маршрутка -121е. Троллейбус-45, 51, 52.</description>
        <styleUrl>#icon-1532-F57C00</styleUrl>
        <Point>
          <coordinates>
            36.4065118,49.9320873,0
          </coordinates>
        </Point>
      </Placemark>
      <Placemark>
        <name>вул. Гур'євська</name>
        <description>Автобус – 45. Маршрутка -121е. Троллейбус-45, 51, 52.</description>
        <styleUrl>#icon-1532-F57C00</styleUrl>
        <Point>
          <coordinates>
            36.4091618,49.9288966,0
          </coordinates>
        </Point>
      </Placemark>
      <Placemark>
        <name>вул. 92 Бригади</name>
        <description>Автобус – 45. Троллейбус-45, 51, 59.</description>
        <styleUrl>#icon-1532-F57C00</styleUrl>
        <Point>
          <coordinates>
            36.4141721,49.9230326,0
          </coordinates>
        </Point>
      </Placemark>
      <Placemark>
        <name>вул. Граківська</name>
        <description>Автобус – 45. Троллейбус-45, 51, 59.</description>
        <styleUrl>#icon-1624-F57C00</styleUrl>
        <Point>
          <coordinates>
            36.4154837,49.9212255,0
          </coordinates>
        </Point>
      </Placemark>
      <Placemark>
        <name>вул. Луї Пастера</name>
        <description>Автобус – 45. Троллейбус-45, 51, 59.</description>
        <styleUrl>#icon-1532-F57C00</styleUrl>
        <Point>
          <coordinates>
            36.4171226,49.9188949,0
          </coordinates>
        </Point>
      </Placemark>
      <Placemark>
        <name>вул. Роганська</name>
        <description>Троллейбус-45.</description>
        <styleUrl>#icon-1532-F57C00</styleUrl>
        <Point>
          <coordinates>
            36.4200316,49.9147095,0
          </coordinates>
        </Point>
      </Placemark>
    <Placemark>
        <name>Лінія маршруту</name>
        <styleUrl>#line-000000-5069-nodesc</styleUrl>
        <LineString>
          <tessellate>1</tessellate>
          <coordinates>
            36.4198785,49.9159154,0
            36.4198525,49.9159441,0
            36.4192839,49.9166522,0
            36.4175994,49.9186901,0
            36.4169289,49.919564,0
            36.4167197,49.9199232,0
            36.4164675,49.920386,0
            36.416312,49.9205621,0
            36.4155234,49.9215016,0
            36.4144291,49.9228416,0
            36.4140321,49.9233113,0
            36.4130826,49.9244614,0
            36.4117844,49.9260604,0
            36.4105881,49.9275177,0
            36.4091076,49.9293307,0
            36.4076914,49.9311057,0
            36.4069672,49.9320035,0
            36.4066399,49.9323695,0
            36.4064361,49.9325042,0
            36.4062752,49.9326457,0
            36.4052559,49.9339199,0
            36.4040543,49.9353943,0
            36.402402,49.9373899,0
            36.4006693,49.9395064,0
            36.3988991,49.9416365,0
            36.398647,49.9420784,0
            36.3987113,49.9422752,0
            36.3988615,49.9425652,0
            36.3991029,49.9428276,0
            36.4004065,49.9444674,0
            36.400546,49.9446227,0
            36.3984324,49.945289,0
            36.3949294,49.9464351,0
            36.3926603,49.9471566,0
            36.3904072,49.9477986,0
            36.3902034,49.9475742,0
            36.3903965,49.9470185,0
            36.3905091,49.9467527,0
            36.390831,49.9466284,0
            36.391008,49.9465939,0
            36.3915927,49.9473913,0
            36.3927667,49.9470347,0
          </coordinates>
        </LineString>
      </Placemark>
      <Placemark>
        <name>вул. Роганська</name>
        <description>Троллейбус-45, 59.</description>
        <styleUrl>#icon-1499-000000</styleUrl>
        <Point>
          <coordinates>
            36.4202233,49.9159519,0
          </coordinates>
        </Point>
      </Placemark>
      <Placemark>
        <name>вул. Луї Пастера</name>
        <description>Автобус – 45. Троллейбус-45, 51, 59.</description>
        <styleUrl>#icon-1532-000000</styleUrl>
        <Point>
          <coordinates>
            36.4169846,49.9198924,0
          </coordinates>
        </Point>
      </Placemark>
      <Placemark>
        <name>вул. Граківська</name>
        <description>Автобус – 45. Троллейбус-45, 51, 59.</description>
        <styleUrl>#icon-1624-000000</styleUrl>
        <Point>
          <coordinates>
            36.415945,49.9211357,0
          </coordinates>
        </Point>
      </Placemark>
      <Placemark>
        <name>вул. 92 Бригади</name>
        <description>Автобус – 45. Троллейбус-45, 51, 59.</description>
        <styleUrl>#icon-1532-000000</styleUrl>
        <Point>
          <coordinates>
            36.413965,49.9235141,0
          </coordinates>
        </Point>
      </Placemark>
      <Placemark>
        <name>вул. Гур'євська</name>
        <description>Автобус – 45. Маршрутка -121е. Троллейбус-45, 51, 52.</description>
        <styleUrl>#icon-1532-000000</styleUrl>
        <Point>
          <coordinates>
            36.4093148,49.9291797,0
          </coordinates>
        </Point>
      </Placemark>
      <Placemark>
        <name>вул. Мохначанська</name>
        <description>Автобус – 45. Троллейбус-45, 51, 59.</description>
        <styleUrl>#icon-1532-000000</styleUrl>
        <Point>
          <coordinates>
            36.4061919,49.9328826,0
          </coordinates>
        </Point>
      </Placemark>
      <Placemark>
        <name>Остановка бул. Івана Каркача</name>
        <description>Автобус – 45. Маршрутка -121е. Троллейбус-45, 51, 52.</description>
        <styleUrl>#icon-1532-000000</styleUrl>
        <Point>
          <coordinates>
            36.4029557,49.9371636,0
          </coordinates>
        </Point>
      </Placemark>
      <Placemark>
        <name>Остановка 18 поліклініка</name>
        <description>Автобус - 45. Маршрутка -121е, 252е. Троллейбус-45, 51, 52.</description>
        <styleUrl>#icon-1624-000000</styleUrl>
        <Point>
          <coordinates>
            36.3995224,49.94298,0
          </coordinates>
        </Point>
      </Placemark>
      <Placemark>
        <name>Станція метро Індустріальна</name>
        <description>Автобус – 45. Маршрутка -121е. Троллейбус-45, 51, 52, 53.</description>
        <styleUrl>#icon-1626-000000</styleUrl>
        <Point>
          <coordinates>
            36.3981419,49.945433,0
          </coordinates>
        </Point>
      </Placemark>
      <Placemark>
        <name>вул. 12 квітня</name>
        <description>Троллейбус-45, 46, 53.</description>
        <styleUrl>#icon-1532-000000</styleUrl>
        <Point>
          <coordinates>
            36.3910716,49.9469242,0
          </coordinates>
        </Point>
      </Placemark>
    </Folder><Folder><name>Тролейбус №46</name><Placemark>
        <name>Лінія маршруту</name>
        <styleUrl>#line-F57C00-5456-nodesc</styleUrl>
        <LineString>
          <tessellate>1</tessellate>
          <coordinates>
            36.4379888,49.9277701,0
            36.4373129,49.9287612,0
            36.4354461,49.9315583,0
            36.4355748,49.9317102,0
            36.4355641,49.9318483,0
            36.4354461,49.9319588,0
            36.4354032,49.9320486,0
            36.436401,49.9331743,0
            36.4344805,49.933782,0
            36.4302319,49.9351425,0
            36.4251035,49.936786,0
            36.4248031,49.9369379,0
            36.4237517,49.9372555,0
            36.4176148,49.9391752,0
            36.4130443,49.9406321,0
            36.412658,49.9407357,0
            36.4092892,49.9418336,0
            36.4002448,49.9447404,0
            36.3925307,49.9471844,0
            36.392166,49.9472811,0
            36.3917797,49.947433,0
            36.390385,49.9478196,0
            36.3902348,49.9476056,0
            36.3902777,49.9474123,0
            36.3905137,49.9467633,0
            36.391018,49.9465976,0
            36.3915973,49.9473639,0
            36.3926702,49.9470429,0
          </coordinates>
        </LineString>
      </Placemark>
      <Placemark>
        <name>Остановка м/р Горизонт</name>
        <description>Автобус-70. Троллейбус-46, 53.</description>
        <styleUrl>#icon-1499-F57C00</styleUrl>
        <Point>
          <coordinates>
            36.4381664,49.927625,0
          </coordinates>
        </Point>
      </Placemark>
      <Placemark>
        <name>Остановка бул. Дмитра Антоновича</name>
        <description>Автобус-70. Троллейбус-46, 53.</description>
        <styleUrl>#icon-1532-F57C00</styleUrl>
        <Point>
          <coordinates>
            36.4365716,49.9300476,0
          </coordinates>
        </Point>
      </Placemark>
      <Placemark>
        <name>Остановка м/р Сонячний</name>
        <description>Автобус-70. Троллейбус-46, 53.</description>
        <styleUrl>#icon-1546-F57C00</styleUrl>
        <Point>
          <coordinates>
            36.4284177,49.9357862,0
          </coordinates>
        </Point>
      </Placemark>
      <Placemark>
        <name>вул. П'ятихатська</name>
        <description>Автобус-70. Троллейбус-46, 53.</description>
        <styleUrl>#icon-1532-F57C00</styleUrl>
        <Point>
          <coordinates>
            36.4237399,49.9373538,0
          </coordinates>
        </Point>
      </Placemark>
      <Placemark>
        <name>вул. Плиткова</name>
        <description>Автобус-70. Троллейбус-46, 53.</description>
        <styleUrl>#icon-1532-F57C00</styleUrl>
        <Point>
          <coordinates>
            36.4120992,49.9410272,0
          </coordinates>
        </Point>
      </Placemark>
      <Placemark>
        <name>Станція метро Індустріальна</name>
        <description>Автобус-7, 45. Маршрутка – 121е. Троллейбус-45, 46, 53.</description>
        <styleUrl>#icon-1626-F57C00</styleUrl>
        <Point>
          <coordinates>
            36.3981634,49.9454549,0
          </coordinates>
        </Point>
      </Placemark>
      <Placemark>
        <name>вул. 12 Квітня</name>
        <description>Автобус-7. Троллейбус-45, 46, 53.</description>
        <styleUrl>#icon-1532-F57C00</styleUrl>
        <Point>
          <coordinates>
            36.3911038,49.9469186,0
          </coordinates>
        </Point>
      </Placemark>
    <Placemark>
        <name>Лінія маршруту</name>
        <styleUrl>#line-000000-5263-nodesc</styleUrl>
        <LineString>
          <tessellate>1</tessellate>
          <coordinates>
            36.3926702,49.9470429,0
            36.3947409,49.9464077,0
            36.3995045,49.9448474,0
            36.4054912,49.9429625,0
            36.4126581,49.9406701,0
            36.4129263,49.9405044,0
            36.4134198,49.9403456,0
            36.414718,49.9399658,0
            36.4199,49.9383155,0
            36.424331,49.9368999,0
            36.4251571,49.9366789,0
            36.4262729,49.936306,0
            36.4348078,49.9335817,0
            36.4351752,49.9332934,0
            36.4356915,49.9330353,0
            36.4357992,49.9329052,0
            36.435896,49.932706,0
            36.4352959,49.9320452,0
            36.4350169,49.932059,0
            36.4348131,49.931983,0
            36.4347058,49.9318587,0
            36.4347058,49.9317275,0
            36.4348131,49.9315686,0
            36.4351242,49.9314927,0
            36.4352744,49.9313338,0
            36.4381498,49.9270034,0
            36.4378923,49.9268377,0
            36.4378172,49.9266788,0
            36.4379245,49.9265614,0
            36.4381069,49.9265614,0
            36.4384394,49.9266374,0
            36.4386111,49.9267617,0
            36.4384931,49.9269551,0
            36.4379888,49.9277701,0
          </coordinates>
        </LineString>
      </Placemark>
      <Placemark>
        <name>вул. 12-го Квітня</name>
        <description>Автобус-7, 45. Маршрутка – 121е. Троллейбус-45, 46, 53.</description>
        <styleUrl>#icon-1499-000000</styleUrl>
        <Point>
          <coordinates>
            36.3925382,49.9470267,0
          </coordinates>
        </Point>
      </Placemark>
      <Placemark>
        <name>Станція метро Індустріальна</name>
        <description>Автобус-7, 45. Маршрутка – 121е. Троллейбус-45, 46, 53.</description>
        <styleUrl>#icon-1626-000000</styleUrl>
        <Point>
          <coordinates>
            36.3979027,49.9451695,0
          </coordinates>
        </Point>
      </Placemark>
      <Placemark>
        <name>вул. Плиткова</name>
        <description>Автобус-70. Троллейбус-46, 53.</description>
        <styleUrl>#icon-1532-000000</styleUrl>
        <Point>
          <coordinates>
            36.4134681,49.9402553,0
          </coordinates>
        </Point>
      </Placemark>
      <Placemark>
        <name>вул. П'ятихатська</name>
        <description>Автобус-70. Троллейбус-46, 53.</description>
        <styleUrl>#icon-1532-000000</styleUrl>
        <Point>
          <coordinates>
            36.4246233,49.9367751,0
          </coordinates>
        </Point>
      </Placemark>
      <Placemark>
        <name>Остановка мікрорайон Сонячний</name>
        <description>Автобус-70. Троллейбус-46, 53.</description>
        <styleUrl>#icon-1546-000000</styleUrl>
        <Point>
          <coordinates>
            36.4289776,49.9353684,0
          </coordinates>
        </Point>
      </Placemark>
      <Placemark>
        <name>Остановка бул. Дмитра Антоновича</name>
        <description>Автобус-70. Троллейбус-46, 53.</description>
        <styleUrl>#icon-1532-000000</styleUrl>
        <Point>
          <coordinates>
            36.43596,49.9301637,0
          </coordinates>
        </Point>
      </Placemark>
      <Placemark>
        <name>Зупинка Мала кільцева</name>
        <description>Автобус-70. Троллейбус-46, 53.</description>
        <styleUrl>#icon-1532-000000</styleUrl>
        <Point>
          <coordinates>
            36.4378913,49.9272736,0
          </coordinates>
        </Point>
      </Placemark>
    </Folder><Folder><name>Тролейбус №49</name><Placemark>
        <name>Лінія маршруту</name>
        <styleUrl>#line-F57C00-4875-nodesc</styleUrl>
        <LineString>
          <tessellate>1</tessellate>
          <coordinates>
            36.2313262,49.984648,0
            36.2309561,49.9845893,0
            36.2309186,49.98451,0
            36.2309776,49.9843858,0
            36.2310366,49.9843341,0
            36.232898,49.9849274,0
            36.2334345,49.9843789,0
            36.2364385,49.9853033,0
            36.2368248,49.9849136,0
            36.2378011,49.9839374,0
            36.2377796,49.9836201,0
            36.2378494,49.9833993,0
            36.2379835,49.9832924,0
            36.2383805,49.9830854,0
            36.2394265,49.9826163,0
            36.2405477,49.9821023,0
            36.242554,49.9811779,0
            36.2460033,49.9797635,0
            36.2492112,49.9783285,0
            36.251931,49.9770728,0
            36.2527571,49.9767071,0
            36.2531165,49.9764966,0
            36.2533794,49.9763,0
            36.2539212,49.9758791,0
            36.2554232,49.9746889,0
            36.2560026,49.9742438,0
            36.2577299,49.9728534,0
            36.2584434,49.9722635,0
            36.2587062,49.9720254,0
            36.2589315,49.9716942,0
            36.2591354,49.9712871,0
            36.259248,49.9709972,0
            36.2593178,49.9707454,0
            36.2593553,49.9703693,0
            36.2593339,49.9699587,0
            36.2591354,49.9680368,0
            36.2589369,49.9666635,0
            36.2586633,49.9650486,0
            36.2585614,49.9645759,0
            36.2585721,49.9643412,0
            36.2585721,49.9640272,0
            36.2586258,49.9637132,0
            36.2587223,49.9629057,0
            36.2587652,49.9624191,0
            36.2589047,49.9606522,0
            36.2592695,49.9573737,0
            36.2596611,49.9545953,0
            36.2598918,49.9527557,0
            36.2599132,49.9522863,0
            36.2599883,49.9501704,0
            36.2600312,49.9486413,0
            36.2599937,49.9468497,0
            36.259983,49.9449096,0
            36.2600098,49.9436254,0
            36.260101,49.9428867,0
            36.2602995,49.9416127,0
            36.2604872,49.9403043,0
            36.260734,49.9387921,0
            36.2610076,49.9369035,0
            36.2612973,49.9350528,0
            36.2617264,49.9325011,0
            36.261764,49.9322628,0
            36.2618927,49.9318968,0
            36.2621019,49.931517,0
            36.2624882,49.9309714,0
            36.2631158,49.9301737,0
            36.264473,49.9286025,0
            36.2662057,49.9265581,0
            36.2680832,49.9243789,0
            36.2679277,49.9242062,0
            36.2677077,49.9238988,0
            36.267579,49.9237365,0
            36.2663613,49.9221271,0
            36.2646286,49.9198648,0
            36.263443,49.9182795,0
            36.2624399,49.9170014,0
            36.2618605,49.9163831,0
            36.2617103,49.9162484,0
            36.2614528,49.916055,0
            36.261131,49.9158339,0
            36.2605891,49.915523,0
            36.2599293,49.9152225,0
            36.2596289,49.9150809,0
            36.2587062,49.9147527,0
            36.2575743,49.914428,0
            36.2568931,49.9142726,0
            36.256083,49.9141448,0
            36.2556646,49.9140826,0
            36.2551389,49.9140204,0
            36.2541787,49.9139513,0
            36.2521348,49.9138719,0
            36.2491093,49.913789,0
            36.2469689,49.9137199,0
            36.2458745,49.9136646,0
            36.2444262,49.9135748,0
            36.2431548,49.9134712,0
            36.2385897,49.9131223,0
            36.2335793,49.9127561,0
            36.2292878,49.9124314,0
            36.2272493,49.9122552,0
            36.2237034,49.9120065,0
            36.2223999,49.9119547,0
            36.2223838,49.9125661,0
            36.2220673,49.9134297,0
            36.221858,49.914017,0
            36.2217508,49.9143313,0
            36.2218795,49.9143607,0
            36.2220217,49.914352,0
            36.2220431,49.9143054,0
            36.2220753,49.9142484,0
            36.2220512,49.9141983,0
            36.2219492,49.914169,0
          </coordinates>
        </LineString>
      </Placemark>
      <Placemark>
        <name>вул. Університетська</name>
        <description>Троллейбус-3, 6, 49, 59.</description>
        <styleUrl>#icon-1499-F57C00</styleUrl>
        <Point>
          <coordinates>
            36.2310318,49.9846562,0
          </coordinates>
        </Point>
      </Placemark>
      <Placemark>
        <name>вул. Ковальська</name>
        <description>Троллейбус-3, 6, 49, 59.</description>
        <styleUrl>#icon-1532-F57C00</styleUrl>
        <Point>
          <coordinates>
            36.2354735,49.9857048,0
          </coordinates>
        </Point>
      </Placemark>
      <Placemark>
        <name>Остановка пров. Соляніковський</name>
        <description>Троллейбус-3, 6, 49, 58, 59.</description>
        <styleUrl>#icon-1532-F57C00</styleUrl>
        <Point>
          <coordinates>
            36.2366269,49.9850495,0
          </coordinates>
        </Point>
      </Placemark>
      <Placemark>
        <name>Станція метро Левада</name>
        <description>Троллейбус-3, 6, 49, 58, 59.</description>
        <styleUrl>#icon-1626-F57C00</styleUrl>
        <Point>
          <coordinates>
            36.2445045,49.9802262,0
          </coordinates>
        </Point>
      </Placemark>
      <Placemark>
        <name>Станція Автовокзал</name>
        <description>Троллейбус-3, 6, 49, 58, 59.</description>
        <styleUrl>#icon-1532-F57C00</styleUrl>
        <Point>
          <coordinates>
            36.2475286,49.9789681,0
          </coordinates>
        </Point>
      </Placemark>
      <Placemark>
        <name>вул. Молочна</name>
        <description>Троллейбус-3, 6, 49, 58, 59.</description>
        <styleUrl>#icon-1532-F57C00</styleUrl>
        <Point>
          <coordinates>
            36.2513588,49.977188,0
          </coordinates>
        </Point>
      </Placemark>
      <Placemark>
        <name>вул. Дмитра Коцюбайла</name>
        <description>Троллейбус-3, 6, 49, 58, 59.</description>
        <styleUrl>#icon-1532-F57C00</styleUrl>
        <Point>
          <coordinates>
            36.2577341,49.9726918,0
          </coordinates>
        </Point>
      </Placemark>
      <Placemark>
        <name>вул. Чугуївська</name>
        <description>Троллейбус-3, 6, 49, 58.</description>
        <styleUrl>#icon-1532-F57C00</styleUrl>
        <Point>
          <coordinates>
            36.2589018,49.9673785,0
          </coordinates>
        </Point>
      </Placemark>
      <Placemark>
        <name>вул. Сидоренківська</name>
        <description>Троллейбус-3, 6, 49, 58.</description>
        <styleUrl>#icon-1532-F57C00</styleUrl>
        <Point>
          <coordinates>
            36.258655,49.9614864,0
          </coordinates>
        </Point>
      </Placemark>
      <Placemark>
        <name>Остановка Школа</name>
        <description>Троллейбус-3, 6, 49, 58.</description>
        <styleUrl>#icon-1682-F57C00</styleUrl>
        <Point>
          <coordinates>
            36.2592951,49.9558767,0
          </coordinates>
        </Point>
      </Placemark>
      <Placemark>
        <name>вул. Зернова</name>
        <description>Автобус-68е, 79е, 115е, 119е, 128е, 147е, 232е, 304е. Троллейбус-3, 5, 6, 49</description>
        <styleUrl>#icon-1532-F57C00</styleUrl>
        <Point>
          <coordinates>
            36.2597994,49.9512103,0
          </coordinates>
        </Point>
      </Placemark>
      <Placemark>
        <name>вул. Одеська</name>
        <description>Автобус-ЕП1, 68е, 79е, 115е, 119е, 128е, 152е, 225е. Троллейбус-5, 6, 49</description>
        <styleUrl>#icon-1532-F57C00</styleUrl>
        <Point>
          <coordinates>
            36.2595526,49.9460118,0
          </coordinates>
        </Point>
      </Placemark>
      <Placemark>
        <name>вул. Пільчикова</name>
        <description>Троллейбус-6, 49, 58.</description>
        <styleUrl>#icon-1532-F57C00</styleUrl>
        <Point>
          <coordinates>
            36.2603788,49.940136,0
          </coordinates>
        </Point>
      </Placemark>
      <Placemark>
        <name>вул. Льговська</name>
        <description>Троллейбус-6, 49, 58.</description>
        <styleUrl>#icon-1532-F57C00</styleUrl>
        <Point>
          <coordinates>
            36.2611177,49.9353716,0
          </coordinates>
        </Point>
      </Placemark>
      <Placemark>
        <name>вул. Південнопроектна</name>
        <description>Троллейбус-49, 58.</description>
        <styleUrl>#icon-1532-F57C00</styleUrl>
        <Point>
          <coordinates>
            36.2628578,49.9302865,0
          </coordinates>
        </Point>
      </Placemark>
      <Placemark>
        <name>вул. Сохора</name>
        <description>Автобус-ЕП1, 68е, 115е, 119е, 152е. Троллейбус-5, 49.</description>
        <styleUrl>#icon-1532-F57C00</styleUrl>
        <Point>
          <coordinates>
            36.2649335,49.9278478,0
          </coordinates>
        </Point>
      </Placemark>
      <Placemark>
        <name>вул. Планерна</name>
        <description>Троллейбус-49</description>
        <styleUrl>#icon-1532-F57C00</styleUrl>
        <Point>
          <coordinates>
            36.2671383,49.9232726,0
          </coordinates>
        </Point>
      </Placemark>
      <Placemark>
        <name>вул. Резервна</name>
        <description>Троллейбус-49</description>
        <styleUrl>#icon-1532-F57C00</styleUrl>
        <Point>
          <coordinates>
            36.2643318,49.9196262,0
          </coordinates>
        </Point>
      </Placemark>
      <Placemark>
        <name>Остановка ш. Мерефянське</name>
        <description>Троллейбус-49</description>
        <styleUrl>#icon-1532-F57C00</styleUrl>
        <Point>
          <coordinates>
            36.2609144,49.9157819,0
          </coordinates>
        </Point>
      </Placemark>
      <Placemark>
        <name>вул. Камишева</name>
        <description>Троллейбус-49</description>
        <styleUrl>#icon-1532-F57C00</styleUrl>
        <Point>
          <coordinates>
            36.2429723,49.913518,0
          </coordinates>
        </Point>
      </Placemark>
      <Placemark>
        <name>Зупинка Жіхар</name>
        <description>Троллейбус-49</description>
        <styleUrl>#icon-1532-F57C00</styleUrl>
        <Point>
          <coordinates>
            36.2228114,49.9120553,0
          </coordinates>
        </Point>
      </Placemark>
    <Placemark>
        <name>Лінія маршруту</name>
        <styleUrl>#line-000000-4875-nodesc</styleUrl>
        <LineString>
          <tessellate>1</tessellate>
          <coordinates>
            36.2219492,49.914169,0
            36.2217628,49.9141348,0
            36.2219828,49.9134958,0
            36.2221759,49.9129361,0
            36.2223046,49.9125907,0
            36.2223368,49.912304,0
            36.2223261,49.9118756,0
            36.2231576,49.9119067,0
            36.2246972,49.9119758,0
            36.2257915,49.9120587,0
            36.2287151,49.9122936,0
            36.2295627,49.9123662,0
            36.2311881,49.9124802,0
            36.2355548,49.9128222,0
            36.2395566,49.9131296,0
            36.2434512,49.9134301,0
            36.2446689,49.9135199,0
            36.2458008,49.9135821,0
            36.2467932,49.9136339,0
            36.2483918,49.9136927,0
            36.2503713,49.9137445,0
            36.2533754,49.9138516,0
            36.2540137,49.9138688,0
            36.2546789,49.9139206,0
            36.2552958,49.9139586,0
            36.2559395,49.9140346,0
            36.2569481,49.9142039,0
            36.2577474,49.9143904,0
            36.258611,49.9146288,0
            36.2593299,49.9148775,0
            36.2600648,49.9151677,0
            36.2608158,49.9155303,0
            36.2612718,49.9158171,0
            36.2617707,49.9161625,0
            36.2620174,49.9163801,0
            36.2624949,49.9169086,0
            36.2628275,49.9173196,0
            36.2639969,49.9188463,0
            36.2654507,49.920784,0
            36.2672907,49.9231878,0
            36.2677734,49.9238302,0
            36.2683689,49.9244104,0
            36.2681329,49.9247212,0
            36.2664806,49.9266655,0
            36.2650054,49.9283853,0
            36.2629669,49.9308129,0
            36.2625485,49.9313551,0
            36.2623339,49.9316969,0
            36.2621945,49.9319214,0
            36.2620764,49.9322563,0
            36.2618297,49.9335546,0
            36.2615078,49.9356851,0
            36.2612396,49.9373562,0
            36.2609767,49.9390272,0
            36.2607514,49.9404807,0
            36.2604296,49.9423416,0
            36.2602901,49.9432012,0
            36.2602686,49.943505,0
            36.260274,49.9438399,0
            36.2602579,49.9446373,0
            36.260333,49.9458007,0
            36.2603437,49.9475612,0
            36.2603115,49.9486209,0
            36.2602418,49.9491594,0
            36.260215,49.9494425,0
            36.2601882,49.9506506,0
            36.2601506,49.952297,0
            36.260097,49.9531012,0
            36.2599682,49.9545474,0
            36.2597376,49.9566597,0
            36.2595981,49.9581955,0
            36.2595069,49.9591376,0
            36.2593835,49.959852,0
            36.2592065,49.9609011,0
            36.2591314,49.9614498,0
            36.2588953,49.9632132,0
            36.2587398,49.9643899,0
            36.258788,49.9646487,0
            36.2592601,49.9674782,0
            36.259523,49.9696037,0
            36.2595981,49.970625,0
            36.2595981,49.9709562,0
            36.259582,49.9712081,0
            36.2594801,49.9715048,0
            36.2593245,49.9717877,0
            36.2589973,49.9721189,0
            36.2585627,49.9724536,0
            36.2578225,49.973016,0
            36.2570071,49.9736853,0
            36.2551349,49.9751654,0
            36.2536811,49.9763107,0
            36.2531983,49.9766557,0
            36.2528175,49.9768524,0
            36.2519109,49.977256,0
            36.2499207,49.9781598,0
            36.2473887,49.979312,0
            36.2463855,49.9797363,0
            36.2443417,49.980547,0
            36.2427592,49.9812197,0
            36.2404203,49.9823063,0
            36.2387144,49.9830789,0
            36.2386125,49.9832066,0
            36.2385803,49.983348,0
            36.2385696,49.9835032,0
            36.2385588,49.9836377,0
            36.2384301,49.9837722,0
            36.2378561,49.9839827,0
            36.237545,49.9843034,0
            36.2359839,49.9859039,0
            36.232835,49.9849657,0
            36.2319016,49.9846794,0
            36.2315851,49.9846725,0
            36.2313262,49.984648,0
          </coordinates>
        </LineString>
      </Placemark>
      <Placemark>
        <name>Зупинка Жихар коло</name>
        <description>Троллейбус-49.</description>
        <styleUrl>#icon-1499-000000</styleUrl>
        <Point>
          <coordinates>
            36.2220175,49.9141108,0
          </coordinates>
        </Point>
      </Placemark>
      <Placemark>
        <name>Зупинка Жіхар</name>
        <description>Троллейбус-49</description>
        <styleUrl>#icon-1532-000000</styleUrl>
        <Point>
          <coordinates>
            36.2233477,49.9117835,0
          </coordinates>
        </Point>
      </Placemark>
      <Placemark>
        <name>вул. Ленкоранська</name>
        <description>Троллейбус-49</description>
        <styleUrl>#icon-1532-000000</styleUrl>
        <Point>
          <coordinates>
            36.2457387,49.9134632,0
          </coordinates>
        </Point>
      </Placemark>
      <Placemark>
        <name>Остановка ш. Мерефянське</name>
        <description>Троллейбус-49</description>
        <styleUrl>#icon-1532-000000</styleUrl>
        <Point>
          <coordinates>
            36.2616818,49.9159526,0
          </coordinates>
        </Point>
      </Placemark>
      <Placemark>
        <name>вул. Резервна</name>
        <description>Троллейбус-49</description>
        <styleUrl>#icon-1532-000000</styleUrl>
        <Point>
          <coordinates>
            36.2643694,49.9191538,0
          </coordinates>
        </Point>
      </Placemark>
      <Placemark>
        <name>Остановка ш. Мерефянське</name>
        <description>Троллейбус-49, 58.</description>
        <styleUrl>#icon-1532-000000</styleUrl>
        <Point>
          <coordinates>
            36.267315,49.925895,0
          </coordinates>
        </Point>
      </Placemark>
      <Placemark>
        <name>вул. Південнопроектна</name>
        <description>Троллейбус-49, 58.</description>
        <styleUrl>#icon-1532-000000</styleUrl>
        <Point>
          <coordinates>
            36.2625582,49.9315242,0
          </coordinates>
        </Point>
      </Placemark>
      <Placemark>
        <name>вул. Сохора</name>
        <description>Троллейбус-49, 58.</description>
        <styleUrl>#icon-1532-000000</styleUrl>
        <Point>
          <coordinates>
            36.2650835,49.9284391,0
          </coordinates>
        </Point>
      </Placemark>
      <Placemark>
        <name>вул. Льговська</name>
        <description>Троллейбус-6, 49, 58.</description>
        <styleUrl>#icon-1532-000000</styleUrl>
        <Point>
          <coordinates>
            36.2615094,49.936525,0
          </coordinates>
        </Point>
      </Placemark>
      <Placemark>
        <name>вул. Пільчикова</name>
        <description>Маршрутка-259е. Троллейбус-6, 49, 58.</description>
        <styleUrl>#icon-1532-000000</styleUrl>
        <Point>
          <coordinates>
            36.2608887,49.9405309,0
          </coordinates>
        </Point>
      </Placemark>
      <Placemark>
        <name>вул. Одеська</name>
        <description>Троллейбус-3, 6, 49, 58.</description>
        <styleUrl>#icon-1532-000000</styleUrl>
        <Point>
          <coordinates>
            36.2605883,49.9471224,0
          </coordinates>
        </Point>
      </Placemark>
      <Placemark>
        <name>вул. Зернова</name>
        <description>Троллейбус-3, 6, 49, 58.</description>
        <styleUrl>#icon-1532-000000</styleUrl>
        <Point>
          <coordinates>
            36.2602335,49.9531881,0
          </coordinates>
        </Point>
      </Placemark>
      <Placemark>
        <name>Остановка Школа</name>
        <description>Троллейбус-3, 6, 49, 58.</description>
        <styleUrl>#icon-1682-000000</styleUrl>
        <Point>
          <coordinates>
            36.2598491,49.9574428,0
          </coordinates>
        </Point>
      </Placemark>
      <Placemark>
        <name>вул. Сидоренківська</name>
        <description>Троллейбус-3, 6, 49, 58.</description>
        <styleUrl>#icon-1532-000000</styleUrl>
        <Point>
          <coordinates>
            36.2591371,49.9621483,0
          </coordinates>
        </Point>
      </Placemark>
      <Placemark>
        <name>Остановка пров. Золотий</name>
        <description>Троллейбус-3, 6, 49, 58.</description>
        <styleUrl>#icon-1532-000000</styleUrl>
        <Point>
          <coordinates>
            36.2595393,49.9683157,0
          </coordinates>
        </Point>
      </Placemark>
      <Placemark>
        <name>вул. Дмитра Коцюбайла</name>
        <description>Троллейбус-3, 6, 49, 58, 59.</description>
        <styleUrl>#icon-1532-000000</styleUrl>
        <Point>
          <coordinates>
            36.257533,49.9733781,0
          </coordinates>
        </Point>
      </Placemark>
      <Placemark>
        <name>вул. Молочна</name>
        <description>Троллейбус-3, 6, 49, 58, 59.</description>
        <styleUrl>#icon-1532-000000</styleUrl>
        <Point>
          <coordinates>
            36.2497121,49.978308,0
          </coordinates>
        </Point>
      </Placemark>
      <Placemark>
        <name>вул. Вернадського</name>
        <description>Троллейбус-3, 6, 49, 58, 59.</description>
        <styleUrl>#icon-1532-000000</styleUrl>
        <Point>
          <coordinates>
            36.2459355,49.9799846,0
          </coordinates>
        </Point>
      </Placemark>
      <Placemark>
        <name>Станція метро Левада</name>
        <description>Троллейбус-3, 6, 49, 58, 59.</description>
        <styleUrl>#icon-1626-000000</styleUrl>
        <Point>
          <coordinates>
            36.242792,49.9812471,0
          </coordinates>
        </Point>
      </Placemark>
    </Folder><Folder><name>Тролейбус №51</name><Placemark>
        <name>Лінія маршруту</name>
        <styleUrl>#line-F57C00-5069-nodesc</styleUrl>
        <LineString>
          <tessellate>1</tessellate>
          <coordinates>
            36.3926724,49.947073,0
            36.3931069,49.9469659,0
            36.393933,49.946676,0
            36.3952795,49.9462272,0
            36.3988629,49.9450708,0
            36.3994638,49.9448809,0
            36.4003704,49.9445909,0
            36.4002255,49.9444563,0
            36.3988093,49.9426542,0
            36.3986591,49.9424678,0
            36.3985196,49.9420535,0
            36.3986054,49.9417704,0
            36.3988844,49.9414804,0
            36.4034549,49.9359287,0
            36.406298,49.932386,0
            36.4065019,49.93231,0
            36.4066628,49.9321581,0
            36.4090875,49.9291608,0
            36.4100638,49.9279314,0
            36.4137224,49.9235524,0
            36.4154497,49.9214179,0
            36.4157394,49.921038,0
            36.4161364,49.9206305,0
            36.4168016,49.9195183,0
            36.416587,49.9195045,0
            36.4105466,49.9215285,0
            36.4098385,49.9205199,0
            36.4082507,49.9177015,0
            36.407564,49.9163544,0
            36.4073924,49.9162231,0
            36.4072851,49.9160988,0
            36.4068345,49.9152145,0
            36.4060513,49.9135357,0
            36.4050642,49.911083,0
            36.4050749,49.910855,0
            36.4093987,49.9118983,0
            36.4094738,49.9118568,0
            36.4096883,49.9118016,0
            36.4101389,49.9117739,0
            36.4103535,49.9119259,0
            36.4103857,49.9121332,0
            36.4101068,49.9121677,0
            36.4093557,49.9119743,0
          </coordinates>
        </LineString>
      </Placemark>
      <Placemark>
        <name>вул. 12 квітня</name>
        <description>Маршрутка – 121е, 252е. Троллейбус-45, 46, 51, 52, 53.</description>
        <styleUrl>#icon-1499-F57C00</styleUrl>
        <Point>
          <coordinates>
            36.3925758,49.9470137,0
          </coordinates>
        </Point>
      </Placemark>
      <Placemark>
        <name>Станція метро Індустріальна</name>
        <description>Троллейбус-51, 52.</description>
        <styleUrl>#icon-1626-F57C00</styleUrl>
        <Point>
          <coordinates>
            36.3966091,49.945649,0
          </coordinates>
        </Point>
      </Placemark>
      <Placemark>
        <name>Остановка 18 поліклініка</name>
        <description>Маршрутка – 121е, 252е. Троллейбус-45, 51, 52.</description>
        <styleUrl>#icon-1624-F57C00</styleUrl>
        <Point>
          <coordinates>
            36.3993801,49.9434296,0
          </coordinates>
        </Point>
      </Placemark>
      <Placemark>
        <name>Остановка бул. Івана Каркача</name>
        <description>Маршрутка – 121е. Троллейбус-45, 51, 59.</description>
        <styleUrl>#icon-1532-F57C00</styleUrl>
        <Point>
          <coordinates>
            36.4030786,49.936362,0
          </coordinates>
        </Point>
      </Placemark>
      <Placemark>
        <name>вул. Мохначанська</name>
        <description>Маршрутка – 121е. Троллейбус-45, 51, 59.</description>
        <styleUrl>#icon-1532-F57C00</styleUrl>
        <Point>
          <coordinates>
            36.4065118,49.9320873,0
          </coordinates>
        </Point>
      </Placemark>
      <Placemark>
        <name>вул. Гур'євська</name>
        <description>Маршрутка – 121е. Троллейбус-45, 51, 59.</description>
        <styleUrl>#icon-1532-F57C00</styleUrl>
        <Point>
          <coordinates>
            36.4092369,49.9287999,0
          </coordinates>
        </Point>
      </Placemark>
      <Placemark>
        <name>вул. 92 Бригади</name>
        <description>Троллейбус-45, 51, 59.</description>
        <styleUrl>#icon-1532-F57C00</styleUrl>
        <Point>
          <coordinates>
            36.4140327,49.9229601,0
          </coordinates>
        </Point>
      </Placemark>
      <Placemark>
        <name>вул. Граківська</name>
        <description>Троллейбус-45, 51, 59.</description>
        <styleUrl>#icon-1624-F57C00</styleUrl>
        <Point>
          <coordinates>
            36.4155268,49.9212299,0
          </coordinates>
        </Point>
      </Placemark>
      <Placemark>
        <name>Остановка 9 поліклініка</name>
        <description>Троллейбус-51.</description>
        <styleUrl>#icon-1624-F57C00</styleUrl>
        <Point>
          <coordinates>
            36.4150008,49.9200813,0
          </coordinates>
        </Point>
      </Placemark>
      <Placemark>
        <name>вул. Луї Пастера</name>
        <description>Маршрутка-121е. Троллейбус-51.</description>
        <styleUrl>#icon-1532-F57C00</styleUrl>
        <Point>
          <coordinates>
            36.409473,49.9200485,0
          </coordinates>
        </Point>
      </Placemark>
      <Placemark>
        <name>Остановка пров. Дар'яльський</name>
        <description>Автобус - 70. Маршрутка-121е. Троллейбус-51.</description>
        <styleUrl>#icon-1532-F57C00</styleUrl>
        <Point>
          <coordinates>
            36.4068873,49.9155098,0
          </coordinates>
        </Point>
      </Placemark>
      <Placemark>
        <name>вул. Зубарєва</name>
        <description>Маршрутка-121е. Троллейбус-51.</description>
        <styleUrl>#icon-1532-F57C00</styleUrl>
        <Point>
          <coordinates>
            36.4104827,49.9119482,0
          </coordinates>
        </Point>
      </Placemark>
    <Placemark>
        <name>Лінія маршруту</name>
        <styleUrl>#line-000000-5263-nodesc</styleUrl>
        <LineString>
          <tessellate>1</tessellate>
          <coordinates>
            36.4093557,49.9119743,0
            36.406977,49.911394,0
            36.405357,49.9114631,0
            36.405829,49.9126307,0
            36.4067839,49.9147724,0
            36.4073418,49.9159331,0
            36.4075135,49.9161749,0
            36.407728,49.916313,0
            36.4087366,49.9182335,0
            36.4102922,49.920969,0
            36.4106356,49.9213904,0
            36.4120303,49.9209552,0
            36.4159249,49.9196151,0
            36.4166759,49.9193941,0
            36.416987,49.9194769,0
            36.416633,49.9201608,0
            36.4163969,49.9204717,0
            36.4149271,49.9223022,0
            36.4132963,49.9243053,0
            36.4095734,49.9287948,0
            36.4066552,49.9323999,0
            36.4063547,49.9325587,0
            36.4037691,49.935763,0
            36.4000033,49.940355,0
            36.3987587,49.9418948,0
            36.3986836,49.942171,0
            36.3989626,49.9425853,0
            36.4005826,49.9446497,0
            36.3968705,49.9458165,0
            36.3931368,49.9470523,0
            36.3925038,49.947218,0
            36.3918815,49.9474113,0
            36.3903259,49.9477634,0
            36.3902508,49.9476046,0
            36.39024,49.9473216,0
            36.3906155,49.9466864,0
            36.3910554,49.9465967,0
            36.3915704,49.9473699,0
            36.3926724,49.947073,0
          </coordinates>
        </LineString>
      </Placemark>
      <Placemark>
        <name>вул. Зубарєва</name>
        <description>Маршрутка-121е. Троллейбус-51.</description>
        <styleUrl>#icon-1499-000000</styleUrl>
        <Point>
          <coordinates>
            36.409548,49.912021,0
          </coordinates>
        </Point>
      </Placemark>
      <Placemark>
        <name>Остановка пров. Дар'яльський</name>
        <description>Маршрутка-121е. Троллейбус-51.</description>
        <styleUrl>#icon-1532-000000</styleUrl>
        <Point>
          <coordinates>
            36.4074117,49.915653,0
          </coordinates>
        </Point>
      </Placemark>
      <Placemark>
        <name>вул. Луї Пастера</name>
        <description>Маршрутка-121е. Троллейбус-51.</description>
        <styleUrl>#icon-1532-000000</styleUrl>
        <Point>
          <coordinates>
            36.409867,49.9202193,0
          </coordinates>
        </Point>
      </Placemark>
      <Placemark>
        <name>Остановка 9 поліклініка</name>
        <description>Троллейбус-51.</description>
        <styleUrl>#icon-1624-000000</styleUrl>
        <Point>
          <coordinates>
            36.4153233,49.9198551,0
          </coordinates>
        </Point>
      </Placemark>
      <Placemark>
        <name>вул. Луї Пастера</name>
        <description>Троллейбус-45, 51, 59.</description>
        <styleUrl>#icon-1532-000000</styleUrl>
        <Point>
          <coordinates>
            36.4167496,49.9199856,0
          </coordinates>
        </Point>
      </Placemark>
      <Placemark>
        <name>Зупинка Граківська</name>
        <description>Троллейбус-45, 51, 59.</description>
        <styleUrl>#icon-1624-000000</styleUrl>
        <Point>
          <coordinates>
            36.4159452,49.9211177,0
          </coordinates>
        </Point>
      </Placemark>
      <Placemark>
        <name>вул. 92 Бригади</name>
        <description>Троллейбус-45, 51, 59.</description>
        <styleUrl>#icon-1532-000000</styleUrl>
        <Point>
          <coordinates>
            36.4139241,49.9235473,0
          </coordinates>
        </Point>
      </Placemark>
      <Placemark>
        <name>вул. Гур'євська</name>
        <description>Маршрутка – 121е. Троллейбус-45, 51, 59.</description>
        <styleUrl>#icon-1532-000000</styleUrl>
        <Point>
          <coordinates>
            36.4093159,49.9291318,0
          </coordinates>
        </Point>
      </Placemark>
      <Placemark>
        <name>вул. Мохначанська</name>
        <description>Маршрутка – 121е. Троллейбус-45, 51, 59.</description>
        <styleUrl>#icon-1532-000000</styleUrl>
        <Point>
          <coordinates>
            36.4061831,49.9328888,0
          </coordinates>
        </Point>
      </Placemark>
      <Placemark>
        <name>Остановка бул. Івана Каркача</name>
        <description>Маршрутка – 121е. Троллейбус-45, 51, 59.</description>
        <styleUrl>#icon-1532-000000</styleUrl>
        <Point>
          <coordinates>
            36.4028635,49.9370806,0
          </coordinates>
        </Point>
      </Placemark>
      <Placemark>
        <name>Остановка 18 поліклініка</name>
        <description>Маршрутка – 121е, 252е. Троллейбус-45, 51, 52.</description>
        <styleUrl>#icon-1624-000000</styleUrl>
        <Point>
          <coordinates>
            36.3994589,49.9429914,0
          </coordinates>
        </Point>
      </Placemark>
      <Placemark>
        <name>Станція метро Індустріальна</name>
        <description>Маршрутка – 121е. Троллейбус-45, 51, 52, 53.</description>
        <styleUrl>#icon-1626-000000</styleUrl>
        <Point>
          <coordinates>
            36.3981599,49.9454601,0
          </coordinates>
        </Point>
      </Placemark>
      <Placemark>
        <name>вул. 12 Квітня</name>
        <description>Маршрутка – 121е, 252е. Троллейбус-45, 51, 52.</description>
        <styleUrl>#icon-1532-000000</styleUrl>
        <Point>
          <coordinates>
            36.3911543,49.9469038,0
          </coordinates>
        </Point>
      </Placemark>
    </Folder><Folder><name>Тролейбус №52</name><Placemark>
        <name>Лінія маршруту</name>
        <styleUrl>#line-F57C00-4875-nodesc</styleUrl>
        <LineString>
          <tessellate>1</tessellate>
          <coordinates>
            36.3927025,49.9470316,0
            36.393078,49.9469487,0
            36.3951486,49.9462514,0
            36.4003199,49.9445806,0
            36.3999337,49.9441594,0
            36.3995582,49.9436623,0
            36.3991612,49.9431376,0
            36.3988286,49.9426957,0
            36.3985926,49.9424057,0
            36.3984746,49.9421019,0
            36.3986677,49.9417083,0
            36.4019507,49.9377794,0
            36.4033777,49.935984,0
            36.4069718,49.9317161,0
            36.4112526,49.9265017,0
            36.4123362,49.9251341,0
            36.4118547,49.9247456,0
            36.4113814,49.9241464,0
            36.410169,49.9226544,0
            36.4092892,49.9213903,0
            36.4081091,49.9195114,0
            36.4078194,49.9190693,0
            36.4067894,49.9169347,0
            36.4064461,49.9162231,0
            36.4063174,49.9161264,0
            36.4061564,49.916009,0
            36.4058775,49.9154494,0
            36.404708,49.9129416,0
            36.4042145,49.9117049,0
            36.4039677,49.9116081,0
            36.4037746,49.911615,0
            36.4019185,49.9130659,0
            36.4015108,49.9129692,0
            36.4020956,49.9128932,0
          </coordinates>
        </LineString>
      </Placemark>
      <Placemark>
        <name>вул. 12 квітня</name>
        <description>Маршрутка – 121е. Троллейбус-45, 46, 51, 52, 53.</description>
        <styleUrl>#icon-1499-F57C00</styleUrl>
        <Point>
          <coordinates>
            36.3925544,49.9470413,0
          </coordinates>
        </Point>
      </Placemark>
      <Placemark>
        <name>Станція метро Індустріальна</name>
        <description>Троллейбус-45, 51, 52.</description>
        <styleUrl>#icon-1626-F57C00</styleUrl>
        <Point>
          <coordinates>
            36.3978858,49.9452348,0
          </coordinates>
        </Point>
      </Placemark>
      <Placemark>
        <name>Остановка 18 поліклініка</name>
        <description>Маршрутка – 121е, 252е. Троллейбус-45, 51, 52.</description>
        <styleUrl>#icon-1624-F57C00</styleUrl>
        <Point>
          <coordinates>
            36.3993638,49.9434269,0
          </coordinates>
        </Point>
      </Placemark>
      <Placemark>
        <name>Остановка бул. Івана Каркача</name>
        <description>Маршрутка – 121е. Троллейбус-45, 51, 52.</description>
        <styleUrl>#icon-1532-F57C00</styleUrl>
        <Point>
          <coordinates>
            36.4030356,49.936286,0
          </coordinates>
        </Point>
      </Placemark>
      <Placemark>
        <name>вул. Мохначанська</name>
        <description>Маршрутка – 121е. Троллейбус-45, 51, 52.</description>
        <styleUrl>#icon-1532-F57C00</styleUrl>
        <Point>
          <coordinates>
            36.4065118,49.9320873,0
          </coordinates>
        </Point>
      </Placemark>
      <Placemark>
        <name>вул. Гур'євська</name>
        <description>Маршрутка – 121е. Троллейбус-45, 51, 52.</description>
        <styleUrl>#icon-1532-F57C00</styleUrl>
        <Point>
          <coordinates>
            36.4091081,49.9288137,0
          </coordinates>
        </Point>
      </Placemark>
      <Placemark>
        <name>вул. 92 Бригади</name>
        <description>Троллейбус-52, 59.</description>
        <styleUrl>#icon-1532-F57C00</styleUrl>
        <Point>
          <coordinates>
            36.4118547,49.9247456,0
          </coordinates>
        </Point>
      </Placemark>
      <Placemark>
        <name>вул. 92 Бригади</name>
        <description>Троллейбус-52.</description>
        <styleUrl>#icon-1532-F57C00</styleUrl>
        <Point>
          <coordinates>
            36.4083357,49.9199242,0
          </coordinates>
        </Point>
      </Placemark>
      <Placemark>
        <name>Остановка пров. Дар'яльський</name>
        <description>Троллейбус-52.</description>
        <styleUrl>#icon-1532-F57C00</styleUrl>
        <Point>
          <coordinates>
            36.4059324,49.9158897,0
          </coordinates>
        </Point>
      </Placemark>
    <Placemark>
        <name>Лінія маршруту</name>
        <styleUrl>#line-000000-5069-nodesc</styleUrl>
        <LineString>
          <tessellate>1</tessellate>
          <coordinates>
            36.4020899,49.9128675,0
            36.40246,49.9125877,0
            36.4041015,49.9113234,0
            36.4042303,49.911389,0
            36.4043322,49.9116343,0
            36.4045951,49.9123425,0
            36.4055499,49.9144635,0
            36.4059093,49.9152338,0
            36.4063439,49.9160455,0
            36.4064887,49.9161284,0
            36.4066014,49.9162597,0
            36.4071914,49.9174237,0
            36.4077601,49.9185843,0
            36.4081088,49.9192647,0
            36.4083931,49.9196688,0
            36.4091763,49.9209329,0
            36.4099488,49.9221107,0
            36.4108285,49.923285,0
            36.4117029,49.9243349,0
            36.4122447,49.92496,0
            36.4125237,49.925143,0
            36.4110324,49.9269664,0
            36.4091173,49.929332,0
            36.4073041,49.931542,0
            36.4061239,49.9328611,0
            36.4040586,49.9353955,0
            36.4029428,49.9367628,0
            36.4014247,49.9386031,0
            36.4001855,49.9400876,0
            36.398882,49.9416827,0
            36.3987103,49.9418933,0
            36.3986459,49.9420831,0
            36.3987103,49.9423904,0
            36.3989946,49.942708,0
            36.4005235,49.944624,0
            36.3999495,49.9448069,0
            36.3976803,49.9455388,0
            36.3941184,49.946709,0
            36.3925251,49.9471889,0
            36.3921442,49.9472924,0
            36.3917473,49.9474547,0
            36.3904062,49.9477964,0
            36.3902184,49.9475755,0
            36.3904115,49.9471026,0
            36.3905671,49.9467539,0
            36.3909641,49.9465951,0
            36.3911143,49.9466745,0
            36.3916346,49.9473787,0
            36.3920691,49.9472096,0
            36.3924768,49.9470922,0
            36.3927025,49.9470316,0
          </coordinates>
        </LineString>
      </Placemark>
      <Placemark>
        <name>Остановка 759 мікрорайон</name>
        <description>Троллейбус-52.</description>
        <styleUrl>#icon-1499-000000</styleUrl>
        <Point>
          <coordinates>
            36.4016403,49.9130069,0
          </coordinates>
        </Point>
      </Placemark>
      <Placemark>
        <name>вул. 92 Бригади</name>
        <description>Троллейбус-52.</description>
        <styleUrl>#icon-1532-000000</styleUrl>
        <Point>
          <coordinates>
            36.4046664,49.9121867,0
          </coordinates>
        </Point>
      </Placemark>
      <Placemark>
        <name>Остановка пров. Дар'яльський</name>
        <description>Троллейбус-52.</description>
        <styleUrl>#icon-1532-000000</styleUrl>
        <Point>
          <coordinates>
            36.4066598,49.9160517,0
          </coordinates>
        </Point>
      </Placemark>
      <Placemark>
        <name>вул. 92 Бригади</name>
        <description>Троллейбус-52.</description>
        <styleUrl>#icon-1532-000000</styleUrl>
        <Point>
          <coordinates>
            36.4088914,49.9203762,0
          </coordinates>
        </Point>
      </Placemark>
      <Placemark>
        <name>вул. Гур'євська</name>
        <description>Маршрутка – 121е. Троллейбус-45, 51, 52.</description>
        <styleUrl>#icon-1532-000000</styleUrl>
        <Point>
          <coordinates>
            36.4093763,49.9291558,0
          </coordinates>
        </Point>
      </Placemark>
      <Placemark>
        <name>вул. Мохначанська</name>
        <description>Маршрутка – 121е. Троллейбус-45, 51, 52.</description>
        <styleUrl>#icon-1532-000000</styleUrl>
        <Point>
          <coordinates>
            36.4063078,49.9328851,0
          </coordinates>
        </Point>
      </Placemark>
      <Placemark>
        <name>Остановка бул. Івана Каркача</name>
        <description>Маршрутка – 121е. Троллейбус-45, 51, 52.</description>
        <styleUrl>#icon-1532-000000</styleUrl>
        <Point>
          <coordinates>
            36.4029196,49.9370557,0
          </coordinates>
        </Point>
      </Placemark>
      <Placemark>
        <name>Остановка 18 поліклініка</name>
        <description>Маршрутка – 121е. Троллейбус-45, 51, 52.</description>
        <styleUrl>#icon-1624-000000</styleUrl>
        <Point>
          <coordinates>
            36.3994926,49.9429436,0
          </coordinates>
        </Point>
      </Placemark>
      <Placemark>
        <name>Станція метро Індустріальна</name>
        <description>Маршрутка – 121е. Троллейбус-45, 46, 51, 52, 53.</description>
        <styleUrl>#icon-1626-000000</styleUrl>
        <Point>
          <coordinates>
            36.3995677,49.9450337,0
          </coordinates>
        </Point>
      </Placemark>
      <Placemark>
        <name>вул. 12 Квітня</name>
        <description>Маршрутка – 121е. Троллейбус-45, 46, 51, 52, 53.</description>
        <styleUrl>#icon-1532-000000</styleUrl>
        <Point>
          <coordinates>
            36.3911468,49.9469211,0
          </coordinates>
        </Point>
      </Placemark>
    </Folder><Folder><name>Тролейбус №53</name><Placemark>
        <name>Лінія маршруту</name>
        <styleUrl>#line-F57C00-5263-nodesc</styleUrl>
        <LineString>
          <tessellate>1</tessellate>
          <coordinates>
            36.3927075,49.9470552,0
            36.3972887,49.9456122,0
            36.3973852,49.9454258,0
            36.3976213,49.9452947,0
            36.3981899,49.9451497,0
            36.3984796,49.9451082,0
            36.3987585,49.9451013,0
            36.3990804,49.9450047,0
            36.4032325,49.9436721,0
            36.4103242,49.9414074,0
            36.4128026,49.9406134,0
            36.4131245,49.94042,0
            36.4138647,49.9402129,0
            36.4166972,49.939336,0
            36.4229628,49.9373196,0
            36.4249476,49.9367465,0
            36.4265999,49.9362286,0
            36.4346787,49.9336458,0
            36.4349791,49.9334456,0
            36.4355799,49.9331003,0
            36.4358374,49.9328586,0
            36.4357945,49.9326238,0
            36.4353439,49.9320575,0
            36.4350649,49.9320851,0
            36.4349469,49.9320575,0
            36.4348182,49.9319815,0
            36.4347001,49.9318779,0
            36.4347109,49.9316984,0
            36.4348933,49.9315188,0
            36.4351615,49.9314843,0
            36.4356014,49.9308351,0
            36.4363953,49.9310492,0
            36.4371892,49.9312287,0
            36.437833,49.9312149,0
            36.4388093,49.9310699,0
            36.4420065,49.9301306,0
            36.4447101,49.9292949,0
            36.4455148,49.9290601,0
            36.4466306,49.9285629,0
            36.4470705,49.9281968,0
            36.4474996,49.9277617,0
            36.4478001,49.9268983,0
            36.4410087,49.9261731,0
            36.440719,49.9262353,0
            36.4405581,49.9264356,0
            36.440365,49.9266911,0
            36.4400646,49.9268707,0
            36.4396354,49.9270088,0
            36.4390775,49.9271055,0
            36.4385303,49.9271194,0
            36.4383587,49.9271055,0
            36.4380154,49.9276443,0
          </coordinates>
        </LineString>
      </Placemark>
      <Placemark>
        <name>вул. 12-го Квітня</name>
        <description>Автобус – 7, 45. Маршрутка – 121е. Троллейбус-45, 46, 51, 52, 53.</description>
        <styleUrl>#icon-1499-F57C00</styleUrl>
        <Point>
          <coordinates>
            36.3925168,49.9470129,0
          </coordinates>
        </Point>
      </Placemark>
      <Placemark>
        <name>Станція метро Індустріальна</name>
        <description>Автобус – 7, 45. Маршрутка – 121е. Троллейбус-45, 46, 53.</description>
        <styleUrl>#icon-1626-F57C00</styleUrl>
        <Point>
          <coordinates>
            36.3978812,49.9452109,0
          </coordinates>
        </Point>
      </Placemark>
      <Placemark>
        <name>вул. Плиткова</name>
        <description>Автобус – 21, 70. Троллейбус-46, 53.</description>
        <styleUrl>#icon-1532-F57C00</styleUrl>
        <Point>
          <coordinates>
            36.4134681,49.9402484,0
          </coordinates>
        </Point>
      </Placemark>
      <Placemark>
        <name>вул. П'ятихатська</name>
        <description>Автобус – 21, 70. Троллейбус-46, 53.</description>
        <styleUrl>#icon-1532-F57C00</styleUrl>
        <Point>
          <coordinates>
            36.4247198,49.9366922,0
          </coordinates>
        </Point>
      </Placemark>
      <Placemark>
        <name>Остановка мікрорайон Сонячний</name>
        <description>Автобус – 21, 70. Троллейбус-46, 53.</description>
        <styleUrl>#icon-1546-F57C00</styleUrl>
        <Point>
          <coordinates>
            36.4291385,49.9353201,0
          </coordinates>
        </Point>
      </Placemark>
      <Placemark>
        <name>Остановка бул. Дмитра Антоновича</name>
        <description>Троллейбус-53.</description>
        <styleUrl>#icon-1532-F57C00</styleUrl>
        <Point>
          <coordinates>
            36.4363907,49.9309549,0
          </coordinates>
        </Point>
      </Placemark>
      <Placemark>
        <name>вул. Велика Кільцева, 16</name>
        <description>Троллейбус-53.</description>
        <styleUrl>#icon-1532-F57C00</styleUrl>
        <Point>
          <coordinates>
            36.442592,49.9299604,0
          </coordinates>
        </Point>
      </Placemark>
      <Placemark>
        <name>вул. Ростовська</name>
        <description>Троллейбус-53.</description>
        <styleUrl>#icon-1532-F57C00</styleUrl>
        <Point>
          <coordinates>
            36.4452003,49.9266752,0
          </coordinates>
        </Point>
      </Placemark>
      <Placemark>
        <name>вул. Велика Кільцева 16</name>
        <description>Троллейбус-53.</description>
        <styleUrl>#icon-1532-F57C00</styleUrl>
        <Point>
          <coordinates>
            36.444574,49.9292114,0
          </coordinates>
        </Point>
      </Placemark>
      <Placemark>
        <name>Остановка на вимогу</name>
        <description>Троллейбус-53.</description>
        <styleUrl>#icon-1769-F57C00</styleUrl>
        <Point>
          <coordinates>
            36.4427542,49.9264127,0
          </coordinates>
        </Point>
      </Placemark>
    <Placemark>
        <name>Лінія маршруту</name>
        <styleUrl>#line-000000-5844-nodesc</styleUrl>
        <LineString>
          <tessellate>1</tessellate>
          <coordinates>
            36.4380154,49.9276443,0
            36.4354213,49.9315873,0
            36.4355715,49.9318083,0
            36.4354535,49.9319119,0
            36.435432,49.9320569,0
            36.4363547,49.9331826,0
            36.4299925,49.9352336,0
            36.4270743,49.9361659,0
            36.42495,49.9368771,0
            36.4230939,49.9374365,0
            36.417429,49.9392387,0
            36.4130195,49.9406404,0
            36.4128371,49.9406888,0
            36.4064642,49.9427878,0
            36.3985677,49.9452527,0
            36.3942762,49.9466542,0
            36.3916262,49.9474412,0
            36.3903495,49.9477795,0
            36.3902422,49.9475931,0
            36.3903709,49.9471858,0
            36.3904997,49.9468337,0
            36.3907786,49.9466404,0
            36.3910468,49.9466128,0
            36.3915618,49.9473446,0
            36.3927075,49.9470552,0
          </coordinates>
        </LineString>
      </Placemark>
      <Placemark>
        <name>Остановка м/н Горизонт</name>
        <description>Троллейбус-46, 53.</description>
        <styleUrl>#icon-1499-000000</styleUrl>
        <Point>
          <coordinates>
            36.43822,49.9276458,0
          </coordinates>
        </Point>
      </Placemark>
      <Placemark>
        <name>Остановка бул. Дмитра Антоновича</name>
        <description>Автобус – 70. Троллейбус-46, 53.</description>
        <styleUrl>#icon-1532-000000</styleUrl>
        <Point>
          <coordinates>
            36.4364052,49.9301223,0
          </coordinates>
        </Point>
      </Placemark>
      <Placemark>
        <name>Остановка м/н Сонячний</name>
        <description>Автобус – 21, 70. Троллейбус-46, 53.</description>
        <styleUrl>#icon-1546-000000</styleUrl>
        <Point>
          <coordinates>
            36.4284137,49.9357595,0
          </coordinates>
        </Point>
      </Placemark>
      <Placemark>
        <name>вул. П'ятихатська</name>
        <description>Автобус – 21, 70. Троллейбус-46, 53.</description>
        <styleUrl>#icon-1532-000000</styleUrl>
        <Point>
          <coordinates>
            36.4237664,49.9372693,0
          </coordinates>
        </Point>
      </Placemark>
      <Placemark>
        <name>вул. Плиткова</name>
        <description>Автобус – 21, 70. Троллейбус-46, 53.</description>
        <styleUrl>#icon-1532-000000</styleUrl>
        <Point>
          <coordinates>
            36.4121149,49.9410119,0
          </coordinates>
        </Point>
      </Placemark>
      <Placemark>
        <name>Станція метро Індустріальна</name>
        <description>Автобус – 7, 45. Маршрутка – 121е. Троллейбус-45, 46, 53.</description>
        <styleUrl>#icon-1626-000000</styleUrl>
        <Point>
          <coordinates>
            36.398164,49.9454784,0
          </coordinates>
        </Point>
      </Placemark>
      <Placemark>
        <name>вул. 12 Квітня</name>
        <description>Автобус – 7. Троллейбус-45, 46, 51.</description>
        <styleUrl>#icon-1532-000000</styleUrl>
        <Point>
          <coordinates>
            36.3911259,49.9469076,0
          </coordinates>
        </Point>
      </Placemark>
    </Folder><Folder><name>Тролейбус №55</name><Placemark>
        <name>Лінія маршруту</name>
        <styleUrl>#line-F57C00-5263-nodesc</styleUrl>
        <LineString>
          <tessellate>1</tessellate>
          <coordinates>
            36.2302876,49.9915501,0
            36.2301803,49.991557,0
            36.229955,49.9916191,0
            36.2300409,49.9933158,0
            36.2312854,49.9931848,0
            36.2318004,49.9931848,0
            36.2321437,49.9932469,0
            36.2324549,49.9945366,0
            36.2327875,49.9954953,0
            36.2334848,49.9973299,0
            36.2341393,49.9991092,0
            36.2351049,50.0019643,0
            36.2361778,50.005164,0
            36.2364889,50.0057363,0
            36.2367786,50.0061707,0
            36.2373794,50.0070671,0
            36.2377871,50.0075498,0
            36.238066,50.0078325,0
            36.2385918,50.00826,0
            36.2400294,50.0095218,0
            36.2416173,50.0109422,0
            36.2422825,50.0115351,0
            36.2441815,50.0132036,0
            36.2456835,50.0145963,0
            36.2490416,50.0175193,0
            36.249975,50.0183328,0
            36.2531722,50.0211867,0
            36.2540198,50.0219863,0
            36.2553395,50.0233581,0
            36.2568522,50.0248814,0
            36.2582255,50.0263633,0
            36.2592662,50.0274661,0
            36.2602425,50.0284173,0
            36.2613798,50.0295752,0
            36.262914,50.031119,0
            36.2638474,50.03207,0
            36.2647808,50.0330625,0
            36.2664009,50.0347233,0
            36.2674523,50.0357708,0
            36.2681926,50.0365357,0
            36.2688578,50.0362738,0
            36.2709392,50.0354331,0
            36.2727631,50.0347026,0
            36.2734283,50.0345097,0
            36.2739969,50.0344476,0
            36.2747265,50.0344614,0
            36.2792648,50.0345028,0
            36.2795008,50.0347164,0
            36.280681,50.03595,0
            36.2836099,50.0389338,0
            36.2852944,50.0406357,0
            36.2818826,50.0420276,0
            36.2768937,50.0440464,0
            36.2766898,50.0441911,0
            36.2778164,50.0444185,0
            36.2813676,50.0451144,0
            36.285981,50.0460032,0
            36.2872256,50.0462374,0
            36.2879122,50.0463752,0
            36.288277,50.0464717,0
            36.2888671,50.0464648,0
            36.2927831,50.046451,0
            36.2945646,50.0464443,0
            36.2947577,50.0463823,0
            36.2950367,50.0462376,0
            36.2952512,50.04621,0
            36.2954765,50.0463203,0
            36.2954122,50.0464718,0
            36.295262,50.0465407,0
            36.2952834,50.0470988,0
            36.295144,50.0487178,0
            36.2951976,50.0489314,0
            36.2952405,50.0492001,0
            36.2950474,50.051067,0
            36.2946236,50.054756,0
            36.2945753,50.0553036,0
            36.2945109,50.0552933,0
            36.2945485,50.0547629,0
          </coordinates>
        </LineString>
      </Placemark>
      <Placemark>
        <name>Станція метро Майдан Конституції</name>
        <description>Троллейбус-55.</description>
        <styleUrl>#icon-1499-F57C00</styleUrl>
        <Point>
          <coordinates>
            36.2304423,49.9916618,0
          </coordinates>
        </Point>
      </Placemark>
      <Placemark>
        <name>Оперний театр Лисенка</name>
        <description>Троллейбус-40, 55, 58.</description>
        <styleUrl>#icon-1709-F57C00</styleUrl>
        <Point>
          <coordinates>
            36.2341263,49.9989209,0
          </coordinates>
        </Point>
      </Placemark>
      <Placemark>
        <name>Станція метро Університет</name>
        <description>Автобус-31, 62, 96. Тролейбус-2, 40, 55.</description>
        <styleUrl>#icon-1626-F57C00</styleUrl>
        <Point>
          <coordinates>
            36.2369848,50.0064429,0
          </coordinates>
        </Point>
      </Placemark>
      <Placemark>
        <name>вул. Миколи Хвильового</name>
        <description>Автобус-31, 62, 96. Тролейбус-2, 40, 55.</description>
        <styleUrl>#icon-1532-F57C00</styleUrl>
        <Point>
          <coordinates>
            36.2414695,50.0107696,0
          </coordinates>
        </Point>
      </Placemark>
      <Placemark>
        <name>Остановка Олеся Гончара</name>
        <description>Автобус-31, 62, 96. Тролейбус-2, 40, 55.</description>
        <styleUrl>#icon-1532-F57C00</styleUrl>
        <Point>
          <coordinates>
            36.2438622,50.0129029,0
          </coordinates>
        </Point>
      </Placemark>
      <Placemark>
        <name>Центральний парк</name>
        <description>Автобус-31, 62, 96. Тролейбус-2, 40, 55.</description>
        <styleUrl>#icon-1720-F57C00</styleUrl>
        <Point>
          <coordinates>
            36.2475904,50.0161328,0
          </coordinates>
        </Point>
      </Placemark>
      <Placemark>
        <name>Дитяча залізниця.</name>
        <description>Автобус-31, 62, 96. Тролейбус-2, 40, 55.</description>
        <styleUrl>#icon-1662-F57C00</styleUrl>
        <Point>
          <coordinates>
            36.2527842,50.0206916,0
          </coordinates>
        </Point>
      </Placemark>
      <Placemark>
        <name>Зупинка Сокільники</name>
        <description>Автобус-31, 33, 62, 63, 96. Тролейбус-2, 12, 55.</description>
        <styleUrl>#icon-1532-F57C00</styleUrl>
        <Point>
          <coordinates>
            36.2589351,50.0269668,0
          </coordinates>
        </Point>
      </Placemark>
      <Placemark>
        <name>Велоцентр</name>
        <description>Автобус-31, 33, 62, 63, 96. Тролейбус-2, 12, 55.</description>
        <styleUrl>#icon-1522-F57C00</styleUrl>
        <Point>
          <coordinates>
            36.2637412,50.0318249,0
          </coordinates>
        </Point>
      </Placemark>
      <Placemark>
        <name>Зупинка Помірки</name>
        <description>Автобус-69е. Троллейбус-55.</description>
        <styleUrl>#icon-1532-F57C00</styleUrl>
        <Point>
          <coordinates>
            36.2737474,50.0344366,0
          </coordinates>
        </Point>
      </Placemark>
      <Placemark>
        <name>вул. Рудика</name>
        <description>Троллейбус-55.</description>
        <styleUrl>#icon-1532-F57C00</styleUrl>
        <Point>
          <coordinates>
            36.2796268,50.0348293,0
          </coordinates>
        </Point>
      </Placemark>
      <Placemark>
        <name>вул. Старошишківська</name>
        <description>Троллейбус-12, 55.</description>
        <styleUrl>#icon-1532-F57C00</styleUrl>
        <Point>
          <coordinates>
            36.2832104,50.0384816,0
          </coordinates>
        </Point>
      </Placemark>
      <Placemark>
        <name>Остановка ХАІ</name>
        <description>Автобус-31, 63. Троллейбус-12, 55.</description>
        <styleUrl>#icon-1726-F57C00</styleUrl>
        <Point>
          <coordinates>
            36.2836838,50.0413486,0
          </coordinates>
        </Point>
      </Placemark>
      <Placemark>
        <name>вул. Академіка Проскури</name>
        <description>Автобус-31, 63. Троллейбус-12, 55.</description>
        <styleUrl>#icon-1532-F57C00</styleUrl>
        <Point>
          <coordinates>
            36.2784149,50.0434946,0
          </coordinates>
        </Point>
      </Placemark>
      <Placemark>
        <name>вул. Вадима Манько</name>
        <description>Автобус-62. Троллейбус-2, 55.</description>
        <styleUrl>#icon-1532-F57C00</styleUrl>
        <Point>
          <coordinates>
            36.2772776,50.0443214,0
          </coordinates>
        </Point>
      </Placemark>
      <Placemark>
        <name>вул. Литвинівка</name>
        <description>Автобус-33е, 69е. Троллейбус-55.</description>
        <styleUrl>#icon-1532-F57C00</styleUrl>
        <Point>
          <coordinates>
            36.2815477,50.0451182,0
          </coordinates>
        </Point>
      </Placemark>
      <Placemark>
        <name>вул. Поздовжня</name>
        <description>Автобус-62. Троллейбус-2, 55.</description>
        <styleUrl>#icon-1532-F57C00</styleUrl>
        <Point>
          <coordinates>
            36.2875129,50.0462266,0
          </coordinates>
        </Point>
      </Placemark>
      <Placemark>
        <name>Остановка пр. Жуковського</name>
        <description>Автобус-62. Троллейбус-2, 55.</description>
        <styleUrl>#icon-1532-F57C00</styleUrl>
        <Point>
          <coordinates>
            36.2934497,50.0463874,0
          </coordinates>
        </Point>
      </Placemark>
      <Placemark>
        <name>вул. Фестивальна</name>
        <description>Автобус-62. Троллейбус-55.</description>
        <styleUrl>#icon-1532-F57C00</styleUrl>
        <Point>
          <coordinates>
            36.2952232,50.0497702,0
          </coordinates>
        </Point>
      </Placemark>
      <Placemark>
        <name>Остановка пров. Фізкультурний</name>
        <description>Автобус-62. Троллейбус-55.</description>
        <styleUrl>#icon-1532-F57C00</styleUrl>
        <Point>
          <coordinates>
            36.2948884,50.0530932,0
          </coordinates>
        </Point>
      </Placemark>
      <Placemark>
        <name>Остановка селище Жуковського</name>
        <description>Автобус-62. Троллейбус-55.</description>
        <styleUrl>#icon-1532-F57C00</styleUrl>
        <Point>
          <coordinates>
            36.2946502,50.0549358,0
          </coordinates>
        </Point>
      </Placemark>
    <Placemark>
        <name>Лінія маршруту</name>
        <styleUrl>#line-000000-4875-nodesc</styleUrl>
        <LineString>
          <tessellate>1</tessellate>
          <coordinates>
            36.2945485,50.0547629,0
            36.2946638,50.053742,0
            36.294932,50.0513653,0
            36.2951466,50.0491952,0
            36.2951197,50.0490023,0
            36.2950607,50.0487784,0
            36.2950446,50.0486613,0
            36.2952217,50.0467495,0
            36.2952002,50.0465531,0
            36.2950661,50.0465152,0
            36.2946745,50.0464808,0
            36.2941756,50.0464911,0
            36.2883874,50.0465014,0
            36.2881406,50.0465049,0
            36.2879261,50.0464429,0
            36.2874003,50.0463395,0
            36.2852707,50.045933,0
            36.2807914,50.0450718,0
            36.2764677,50.0441968,0
            36.276532,50.0441141,0
            36.2767359,50.0440142,0
            36.2768968,50.0439384,0
            36.2785222,50.0433114,0
            36.2798955,50.0427464,0
            36.2826958,50.041613,0
            36.2851473,50.0406001,0
            36.2848844,50.0403589,0
            36.2838384,50.0393012,0
            36.28239,50.0378438,0
            36.281065,50.0364656,0
            36.2799009,50.0353113,0
            36.2792196,50.0345774,0
            36.2748262,50.0345153,0
            36.2741341,50.034505,0
            36.2737586,50.0345257,0
            36.2734207,50.034567,0
            36.272954,50.0347083,0
            36.2726589,50.0348151,0
            36.2681045,50.0366172,0
            36.2663557,50.0347944,0
            36.2650683,50.0334954,0
            36.2637379,50.032124,0
            36.2627455,50.0311143,0
            36.2610932,50.0294327,0
            36.2598648,50.0282058,0
            36.259044,50.0273684,0
            36.2577619,50.0260588,0
            36.2561848,50.0243632,0
            36.2542,50.0223711,0
            36.2536474,50.0218162,0
            36.2526872,50.0208753,0
            36.2522688,50.0205237,0
            36.2517484,50.0200481,0
            36.2508579,50.0192657,0
            36.2502571,50.0187314,0
            36.2489375,50.0175664,0
            36.2482025,50.0169252,0
            36.2470814,50.0159497,0
            36.2461426,50.015119,0
            36.2448551,50.0139918,0
            36.2437394,50.0129921,0
            36.2429561,50.0123061,0
            36.2420227,50.0114787,0
            36.2406065,50.0101894,0
            36.239716,50.0093792,0
            36.2385949,50.0083967,0
            36.2376937,50.007621,0
            36.2374254,50.0073314,0
            36.237125,50.0069452,0
            36.2368836,50.0066177,0
            36.2363311,50.0057764,0
            36.236197,50.0055006,0
            36.2359502,50.0049111,0
            36.2357839,50.0044077,0
            36.2352958,50.0029216,0
            36.2348773,50.0017045,0
            36.2343731,50.0002321,0
            36.233504,49.997708,0
            36.2325116,49.995132,0
            36.2321361,49.9937595,0
            36.2319591,49.9931905,0
            36.2318894,49.9929215,0
            36.2318464,49.99258,0
            36.2317231,49.9925007,0
            36.2316319,49.9923248,0
            36.2316372,49.9921489,0
            36.2316372,49.9920075,0
            36.2317177,49.9918765,0
            36.2318089,49.9918179,0
            36.2316533,49.9916799,0
            36.2314709,49.9916109,0
            36.231133,49.9915937,0
            36.2302876,49.9915501,0
          </coordinates>
        </LineString>
      </Placemark>
      <Placemark>
        <name>Остановка селище Жуковського</name>
        <description>Автобус-62. Троллейбус-55.</description>
        <styleUrl>#icon-1499-000000</styleUrl>
        <Point>
          <coordinates>
            36.2943894,50.0550181,0
          </coordinates>
        </Point>
      </Placemark>
      <Placemark>
        <name>Остановка пров. Фізкультурний</name>
        <description>Автобус-62. Троллейбус-55.</description>
        <styleUrl>#icon-1532-000000</styleUrl>
        <Point>
          <coordinates>
            36.294717,50.0524734,0
          </coordinates>
        </Point>
      </Placemark>
      <Placemark>
        <name>вул. Фестивальна</name>
        <description>Автобус-62. Троллейбус-55.</description>
        <styleUrl>#icon-1532-000000</styleUrl>
        <Point>
          <coordinates>
            36.2951042,50.0495008,0
          </coordinates>
        </Point>
      </Placemark>
      <Placemark>
        <name>Остановка пр. Жуковського</name>
        <description>Автобус-62. Троллейбус-2, 55.</description>
        <styleUrl>#icon-1532-000000</styleUrl>
        <Point>
          <coordinates>
            36.2934443,50.0465211,0
          </coordinates>
        </Point>
      </Placemark>
      <Placemark>
        <name>вул. Поздовжня</name>
        <description>Автобус-62. Троллейбус-2, 55.</description>
        <styleUrl>#icon-1532-000000</styleUrl>
        <Point>
          <coordinates>
            36.2887865,50.0466177,0
          </coordinates>
        </Point>
      </Placemark>
      <Placemark>
        <name>Зупинка Литвинівка</name>
        <description>Автобус-62. Троллейбус-2, 55.</description>
        <styleUrl>#icon-1532-000000</styleUrl>
        <Point>
          <coordinates>
            36.2826676,50.0455047,0
          </coordinates>
        </Point>
      </Placemark>
      <Placemark>
        <name>вул. Вадима Манько</name>
        <styleUrl>#icon-1532-000000-nodesc</styleUrl>
        <Point>
          <coordinates>
            36.2782047,50.0445757,0
          </coordinates>
        </Point>
      </Placemark>
      <Placemark>
        <name>Остановка ХАІ</name>
        <description>Автобус-31, 63. Троллейбус-12, 55.</description>
        <styleUrl>#icon-1726-000000</styleUrl>
        <Point>
          <coordinates>
            36.2825571,50.0415475,0
          </coordinates>
        </Point>
      </Placemark>
      <Placemark>
        <name>вул. Старошишківська</name>
        <description>Троллейбус-12, 55.</description>
        <styleUrl>#icon-1532-000000</styleUrl>
        <Point>
          <coordinates>
            36.2830138,50.0384639,0
          </coordinates>
        </Point>
      </Placemark>
      <Placemark>
        <name>вул. Рудика</name>
        <description>Троллейбус-12, 55.</description>
        <styleUrl>#icon-1532-000000</styleUrl>
        <Point>
          <coordinates>
            36.2796265,50.0351321,0
          </coordinates>
        </Point>
      </Placemark>
      <Placemark>
        <name>Зупинка Помірки</name>
        <description>Троллейбус-12, 55.</description>
        <styleUrl>#icon-1532-000000</styleUrl>
        <Point>
          <coordinates>
            36.2739188,50.0345373,0
          </coordinates>
        </Point>
      </Placemark>
      <Placemark>
        <name>Меморіал слави</name>
        <description>Автобус-31, 33, 62, 63, 96. Тролейбус-2, 12, 55.</description>
        <styleUrl>#icon-1532-000000</styleUrl>
        <Point>
          <coordinates>
            36.267632,50.0362111,0
          </coordinates>
        </Point>
      </Placemark>
      <Placemark>
        <name>Зупинка Вєєлоцентр</name>
        <description>Автобус-31, 33, 62, 63, 96. Тролейбус-2, 12, 55.</description>
        <styleUrl>#icon-1522-000000</styleUrl>
        <Point>
          <coordinates>
            36.2638938,50.0324597,0
          </coordinates>
        </Point>
      </Placemark>
      <Placemark>
        <name>Зупинка Сокільники</name>
        <description>Автобус-31, 62, 96. Тролейбус-2, 40, 55.</description>
        <styleUrl>#icon-1532-000000</styleUrl>
        <Point>
          <coordinates>
            36.2574746,50.025965,0
          </coordinates>
        </Point>
      </Placemark>
      <Placemark>
        <name>Дитяча залізниця</name>
        <description>Автобус-31, 62, 96. Тролейбус-2, 40, 55.</description>
        <styleUrl>#icon-1662-000000</styleUrl>
        <Point>
          <coordinates>
            36.2519907,50.0202753,0
          </coordinates>
        </Point>
      </Placemark>
      <Placemark>
        <name>Центральний парк</name>
        <description>Автобус-31, 62, 96. Тролейбус-2, 40, 55.</description>
        <styleUrl>#icon-1720-000000</styleUrl>
        <Point>
          <coordinates>
            36.2469634,50.0158844,0
          </coordinates>
        </Point>
      </Placemark>
      <Placemark>
        <name>вул. Олеся Гончара</name>
        <description>Автобус-31, 62, 96. Тролейбус-2, 40, 55.</description>
        <styleUrl>#icon-1532-000000</styleUrl>
        <Point>
          <coordinates>
            36.2437614,50.0131127,0
          </coordinates>
        </Point>
      </Placemark>
      <Placemark>
        <name>вул. Миколи Хвильового</name>
        <description>Автобус-31, 62, 96. Тролейбус-2, 40, 55.</description>
        <styleUrl>#icon-1532-000000</styleUrl>
        <Point>
          <coordinates>
            36.2407624,50.0103628,0
          </coordinates>
        </Point>
      </Placemark>
      <Placemark>
        <name>Станція метро Університет</name>
        <description>Автобус-31, 62, 96. Тролейбус-2, 40, 55.</description>
        <styleUrl>#icon-1626-000000</styleUrl>
        <Point>
          <coordinates>
            36.2367126,50.0065131,0
          </coordinates>
        </Point>
      </Placemark>
      <Placemark>
        <name>Остановка сад Шевченко</name>
        <description>Троллейбус-40, 55, 58.</description>
        <styleUrl>#icon-1720-000000</styleUrl>
        <Point>
          <coordinates>
            36.2348552,50.002002,0
          </coordinates>
        </Point>
      </Placemark>
      <Placemark>
        <name>Зупинка будинок Саламандра</name>
        <description>Троллейбус-40, 55, 58.</description>
        <styleUrl>#icon-1532-000000</styleUrl>
        <Point>
          <coordinates>
            36.2329502,49.9966787,0
          </coordinates>
        </Point>
      </Placemark>
      <Placemark>
        <name>Станція метро Площа Конституції.</name>
        <description>Троллейбус-40, 55, 58.</description>
        <styleUrl>#icon-1626-000000</styleUrl>
        <Point>
          <coordinates>
            36.2315751,49.9917363,0
          </coordinates>
        </Point>
      </Placemark>
    </Folder><Folder><name>Тролейбус №56</name><Placemark>
        <name>Лінія маршруту</name>
        <styleUrl>#line-F57C00-5650-nodesc</styleUrl>
        <LineString>
          <tessellate>1</tessellate>
          <coordinates>
            36.3656959,50.00448,0
            36.3628313,50.0056523,0
            36.3614902,50.0062177,0
            36.3591621,50.0071279,0
            36.3563619,50.008307,0
            36.3523493,50.0098032,0
            36.3506219,50.0103617,0
            36.3497958,50.0106375,0
            36.3457188,50.0118924,0
            36.3410947,50.013354,0
            36.3391421,50.0118234,0
            36.3360522,50.0094654,0
            36.335623,50.0091758,0
            36.3334236,50.0067901,0
            36.3316963,50.0047352,0
            36.3312564,50.004087,0
            36.330441,50.0027354,0
            36.3301513,50.0022182,0
            36.3295827,50.0010045,0
            36.3292501,50.0000942,0
            36.3290248,49.9991562,0
            36.3288638,49.9984666,0
            36.3288102,49.9975149,0
            36.318768,49.9982597,0
            36.3157639,49.9985011,0
            36.3145301,49.9989907,0
            36.311923,50.0001286,0
            36.3084898,50.0016113,0
            36.3075457,50.0019561,0
            36.3070843,50.0021285,0
            36.3060865,50.0023216,0
            36.3050566,50.0023975,0
            36.3045201,50.0023699,0
            36.3031146,50.0022872,0
            36.303415,50.0020665,0
            36.3036833,50.0018941,0
            36.3039944,50.001832,0
            36.3041983,50.0018389,0
          </coordinates>
        </LineString>
      </Placemark>
      <Placemark>
        <name>Зупинка Східна Салтівка</name>
        <description>Троллейбус-34, 56.</description>
        <styleUrl>#icon-1499-F57C00</styleUrl>
        <Point>
          <coordinates>
            36.3658138,50.0044904,0
          </coordinates>
        </Point>
      </Placemark>
      <Placemark>
        <name>вул. Гарібальді</name>
        <description>Троллейбус-34, 56.</description>
        <styleUrl>#icon-1532-F57C00</styleUrl>
        <Point>
          <coordinates>
            36.3583797,50.0077062,0
          </coordinates>
        </Point>
      </Placemark>
      <Placemark>
        <name>Тракторобудівників</name>
        <description>Троллейбус-34, 56</description>
        <styleUrl>#icon-1883-F57C00</styleUrl>
        <Point>
          <coordinates>
            36.3488525,50.0109675,0
          </coordinates>
        </Point>
      </Placemark>
      <Placemark>
        <name>вул. Валентинівська</name>
        <description>Автобус -63. Маршрутка – 259е. Троллейбус-31, 35, 56.</description>
        <styleUrl>#icon-1532-F57C00</styleUrl>
        <Point>
          <coordinates>
            36.340527,50.0129188,0
          </coordinates>
        </Point>
      </Placemark>
      <Placemark>
        <name>вул. Владислава Зубенка</name>
        <description>Автобус -63. Маршрутка – 259е. Троллейбус-31, 35, 56.</description>
        <styleUrl>#icon-1532-F57C00</styleUrl>
        <Point>
          <coordinates>
            36.3348669,50.0086731,0
          </coordinates>
        </Point>
      </Placemark>
      <Placemark>
        <name>Остановка 605 мікрорайон</name>
        <description>Автобус -63. Маршрутка – 259е. Троллейбус-31, 35, 56.</description>
        <styleUrl>#icon-1546-F57C00</styleUrl>
        <Point>
          <coordinates>
            36.3318413,50.0050461,0
          </coordinates>
        </Point>
      </Placemark>
      <Placemark>
        <name>Остановка Василя Стуса</name>
        <description>Автобус -63. Маршрутка – 259е. Троллейбус-31, 35, 56.</description>
        <styleUrl>#icon-1532-F57C00</styleUrl>
        <Point>
          <coordinates>
            36.3301462,50.0024396,0
          </coordinates>
        </Point>
      </Placemark>
      <Placemark>
        <name>вул. Гвардійців Широнінців</name>
        <description>Автобус -63. Маршрутка – 259е. Троллейбус-31, 35, 56.</description>
        <styleUrl>#icon-1532-F57C00</styleUrl>
        <Point>
          <coordinates>
            36.3286013,49.9982742,0
          </coordinates>
        </Point>
      </Placemark>
      <Placemark>
        <name>Остановка пр. Льва Ландау</name>
        <description>Автобус-81, 83. Маршрутка – 38е, 121е. Троллейбус-24, 35, 56, 57.</description>
        <styleUrl>#icon-1532-F57C00</styleUrl>
        <Point>
          <coordinates>
            36.3151987,49.9986751,0
          </coordinates>
        </Point>
      </Placemark>
      <Placemark>
        <name>Станція метро Академіка Барабашова</name>
        <description>Троллейбус-24, 56.</description>
        <styleUrl>#icon-1626-F57C00</styleUrl>
        <Point>
          <coordinates>
            36.3041125,50.0023775,0
          </coordinates>
        </Point>
      </Placemark>
    <Placemark>
        <name>Лінія маршруту</name>
        <styleUrl>#line-000000-5069-nodesc</styleUrl>
        <LineString>
          <tessellate>1</tessellate>
          <coordinates>
            36.3041983,50.0018389,0
            36.3045791,50.0018872,0
            36.3048366,50.0020182,0
            36.3051692,50.0023009,0
            36.3054696,50.0022872,0
            36.306403,50.0021837,0
            36.3071326,50.0020044,0
            36.3077334,50.0018044,0
            36.3104907,50.0005769,0
            36.3130549,49.9995149,0
            36.3157157,49.9983976,0
            36.3161341,49.9983425,0
            36.3290194,49.9973562,0
            36.328998,49.997639,0
            36.3290409,49.9981631,0
            36.3292984,49.9995149,0
            36.329513,50.000239,0
            36.3297705,50.0009424,0
            36.3301781,50.0018044,0
            36.3305,50.0025354,0
            36.3315514,50.0042801,0
            36.3321415,50.0050041,0
            36.3333217,50.0064798,0
            36.3348452,50.0081002,0
            36.3354138,50.0086518,0
            36.3358644,50.0091344,0
            36.3367013,50.009817,0
            36.3379673,50.0108168,0
            36.3400916,50.0123819,0
            36.3411537,50.0131954,0
            36.3426021,50.0127542,0
            36.3503162,50.0103342,0
            36.3556269,50.0084587,0
            36.3579766,50.0074865,0
            36.3595752,50.0068452,0
            36.3655404,50.0044318,0
            36.3662592,50.0041421,0
            36.3662056,50.0039767,0
            36.36627,50.0038939,0
            36.3664631,50.0038456,0
            36.3666133,50.0038939,0
            36.3666884,50.0039904,0
            36.3666776,50.0040939,0
            36.3665489,50.0041559,0
            36.3663558,50.0042042,0
            36.3656959,50.00448,0
          </coordinates>
        </LineString>
      </Placemark>
      <Placemark>
        <name>Станція метро Академіка Барабашова</name>
        <description>Троллейбус-24, 56.</description>
        <styleUrl>#icon-1499-000000</styleUrl>
        <Point>
          <coordinates>
            36.3041466,50.0017068,0
          </coordinates>
        </Point>
      </Placemark>
      <Placemark>
        <name>Остановка пр. Ювілейний</name>
        <description>Автобус-81, 83. Маршрутка – 38е, 121е, 259е. Троллейбус-19, 20, 24, 31, 35, 56.</description>
        <styleUrl>#icon-1532-000000</styleUrl>
        <Point>
          <coordinates>
            36.3169713,49.9980948,0
          </coordinates>
        </Point>
      </Placemark>
      <Placemark>
        <name>вул. Гвардійців Широнінців</name>
        <description>Автобус -63. Маршрутка – 259е. Троллейбус-31, 35, 56.</description>
        <styleUrl>#icon-1532-000000</styleUrl>
        <Point>
          <coordinates>
            36.3291288,49.9979343,0
          </coordinates>
        </Point>
      </Placemark>
      <Placemark>
        <name>вул. Василя Стуса</name>
        <description>Автобус -63. Маршрутка – 259е. Троллейбус-31, 35, 56.</description>
        <styleUrl>#icon-1532-000000</styleUrl>
        <Point>
          <coordinates>
            36.3308883,50.0030171,0
          </coordinates>
        </Point>
      </Placemark>
      <Placemark>
        <name>вул. Владислава Зубенка</name>
        <description>Автобус -63. Маршрутка – 259е. Троллейбус-31, 35, 56.</description>
        <styleUrl>#icon-1532-000000</styleUrl>
        <Point>
          <coordinates>
            36.3356587,50.0088737,0
          </coordinates>
        </Point>
      </Placemark>
      <Placemark>
        <name>вул. Валентинівська</name>
        <description>Автобус -272. Троллейбус-34, 56.</description>
        <styleUrl>#icon-1532-000000</styleUrl>
        <Point>
          <coordinates>
            36.3417741,50.0128865,0
          </coordinates>
        </Point>
      </Placemark>
      <Placemark>
        <name>Тракторобудівників</name>
        <description>Троллейбус-34, 56.</description>
        <styleUrl>#icon-1883-000000</styleUrl>
        <Point>
          <coordinates>
            36.3512473,50.0099899,0
          </coordinates>
        </Point>
      </Placemark>
      <Placemark>
        <name>вул. Гарібальді</name>
        <description>Троллейбус-34, 56.</description>
        <styleUrl>#icon-1532-000000</styleUrl>
        <Point>
          <coordinates>
            36.3572837,50.0076865,0
          </coordinates>
        </Point>
      </Placemark>
      <Placemark>
        <name>Остановка 635 мікрорайон</name>
        <description>Троллейбус-34, 56.</description>
        <styleUrl>#icon-1546-000000</styleUrl>
        <Point>
          <coordinates>
            36.3618333,50.0058766,0
          </coordinates>
        </Point>
      </Placemark>
      <Placemark>
        <name>Зупинка Східна Салтівка</name>
        <description>Троллейбус-34, 56.</description>
        <styleUrl>#icon-1532-000000</styleUrl>
        <Point>
          <coordinates>
            36.3657389,50.0043283,0
          </coordinates>
        </Point>
      </Placemark>
    </Folder><Folder><name>Тролейбус №57</name><Placemark>
        <name>Лінія маршруту</name>
        <styleUrl>#line-F57C00-5069-nodesc</styleUrl>
        <LineString>
          <tessellate>1</tessellate>
          <coordinates>
            36.3273632,49.947618,0
            36.327585,49.9481282,0
            36.3283897,49.9499232,0
            36.3296235,49.9526224,0
            36.3312221,49.9561705,0
            36.332928,49.9600565,0
            36.3346231,49.9636524,0
            36.3324452,49.9640527,0
            36.3262546,49.9651983,0
            36.3236046,49.9657642,0
            36.3204718,49.9666407,0
            36.3171888,49.9674964,0
            36.3155043,49.9680554,0
            36.3139701,49.9685453,0
            36.3106335,49.9696219,0
            36.3078869,49.9705741,0
            36.3034773,49.9718714,0
            36.3001119,49.9729417,0
            36.2998759,49.9728313,0
            36.2997364,49.9727277,0
            36.3027156,49.9717403,0
            36.3091851,49.9696357,0
            36.3089061,49.9688766,0
            36.3086593,49.9686212,0
            36.308316,49.9686557,0
            36.3079298,49.9688628,0
            36.3079727,49.9691043,0
            36.308198,49.9697323,0
            36.3087559,49.9709675,0
            36.3091851,49.9722372,0
            36.3100434,49.9744797,0
            36.3102365,49.9751145,0
            36.3104618,49.9759908,0
            36.3105691,49.9767015,0
            36.3106442,49.9780538,0
            36.3107622,49.9785644,0
            36.3110626,49.9806272,0
            36.3116205,49.9845596,0
            36.3120497,49.9874638,0
            36.3121891,49.988195,0
            36.312511,49.9889331,0
            36.3129938,49.9904023,0
            36.3139594,49.9931131,0
            36.3144851,49.9945339,0
            36.314528,49.9947477,0
            36.3158369,49.998472,0
            36.3149894,49.9987962,0
            36.3095284,50.0011754,0
            36.3071788,50.0021133,0
            36.3065672,50.0022719,0
            36.3061703,50.0023477,0
            36.3057518,50.0023753,0
            36.3049399,50.0023346,0
          </coordinates>
        </LineString>
      </Placemark>
      <Placemark>
        <name>Парк Зустрич</name>
        <description>Троллейбус-13, 57.</description>
        <styleUrl>#icon-1499-F57C00</styleUrl>
        <Point>
          <coordinates>
            36.3275043,49.9475381,0
          </coordinates>
        </Point>
      </Placemark>
      <Placemark>
        <name>вул. Паркова</name>
        <description>Троллейбус-34, 56.</description>
        <styleUrl>#icon-1720-F57C00</styleUrl>
        <Point>
          <coordinates>
            36.3284092,49.9496504,0
          </coordinates>
        </Point>
      </Placemark>
      <Placemark>
        <name>вул. Каденюка</name>
        <description>Троллейбус-13, 57.</description>
        <styleUrl>#icon-1532-F57C00</styleUrl>
        <Point>
          <coordinates>
            36.3305592,49.954593,0
          </coordinates>
        </Point>
      </Placemark>
      <Placemark>
        <name>Остановка бул. Юр'єва</name>
        <description>Троллейбус-13, 57.</description>
        <styleUrl>#icon-1532-F57C00</styleUrl>
        <Point>
          <coordinates>
            36.3324308,49.958821,0
          </coordinates>
        </Point>
      </Placemark>
      <Placemark>
        <name>Героїв Харкова</name>
        <description>Троллейбус-13, 57.</description>
        <styleUrl>#icon-1532-F57C00</styleUrl>
        <Point>
          <coordinates>
            36.333592,49.9639284,0
          </coordinates>
        </Point>
      </Placemark>
      <Placemark>
        <name>вул. Василя Мельникова</name>
        <description>Троллейбус-13, 57.</description>
        <styleUrl>#icon-1532-F57C00</styleUrl>
        <Point>
          <coordinates>
            36.3266934,49.9651638,0
          </coordinates>
        </Point>
      </Placemark>
      <Placemark>
        <name>Станція метро Палац спорту</name>
        <description>Троллейбус-13, 57.</description>
        <styleUrl>#icon-1626-F57C00</styleUrl>
        <Point>
          <coordinates>
            36.3191058,49.9670827,0
          </coordinates>
        </Point>
      </Placemark>
      <Placemark>
        <name>Зупинка Видавництво Харків</name>
        <description>Троллейбус-13, 57.</description>
        <styleUrl>#icon-1638-F57C00</styleUrl>
        <Point>
          <coordinates>
            36.3121455,49.9692242,0
          </coordinates>
        </Point>
      </Placemark>
      <Placemark>
        <name>Станція метро Турбоатом</name>
        <description>Маршрутка – 259е. Троллейбус-13, 20, 57.</description>
        <styleUrl>#icon-1626-F57C00</styleUrl>
        <Point>
          <coordinates>
            36.304477,49.9717418,0
          </coordinates>
        </Point>
      </Placemark>
      <Placemark>
        <name>Зупинка Видавництво Харків</name>
        <description>Маршрутка – 259е. Троллейбус-13, 20, 57.</description>
        <styleUrl>#icon-1638-F57C00</styleUrl>
        <Point>
          <coordinates>
            36.3090367,49.9690575,0
          </coordinates>
        </Point>
      </Placemark>
      <Placemark>
        <name>вул. Єдності</name>
        <description>Маршрутка – 259е. Троллейбус -19, 20, 31, 35, 57.</description>
        <styleUrl>#icon-1532-F57C00</styleUrl>
        <Point>
          <coordinates>
            36.3115439,49.9827751,0
          </coordinates>
        </Point>
      </Placemark>
      <Placemark>
        <name>Остановка ш. Салтівське</name>
        <description>Маршрутка – 259е. Троллейбус -19, 20, 31, 35, 57.</description>
        <styleUrl>#icon-1532-F57C00</styleUrl>
        <Point>
          <coordinates>
            36.3124984,49.988652,0
          </coordinates>
        </Point>
      </Placemark>
      <Placemark>
        <name>Остановка Камишева</name>
        <description>Маршрутка – 259е. Троллейбус -19, 20, 31, 35, 57.</description>
        <styleUrl>#icon-1532-F57C00</styleUrl>
        <Point>
          <coordinates>
            36.3137479,49.9919113,0
          </coordinates>
        </Point>
      </Placemark>
      <Placemark>
        <name>Остановка пр. Льва Ландау</name>
        <description>Маршрутка – 38е, 259е. Троллейбус – 24, 56, 57.</description>
        <styleUrl>#icon-1532-F57C00</styleUrl>
        <Point>
          <coordinates>
            36.3149289,49.9989605,0
          </coordinates>
        </Point>
      </Placemark>
    <Placemark>
        <name>Лінія маршруту</name>
        <styleUrl>#line-000000-5069-nodesc</styleUrl>
        <LineString>
          <tessellate>1</tessellate>
          <coordinates>
            36.3049399,50.0023346,0
            36.3030516,50.0022519,0
            36.3035237,50.0019346,0
            36.3041245,50.0018243,0
            36.3044464,50.0019071,0
            36.3047683,50.0020726,0
            36.3051759,50.0022519,0
            36.3053905,50.0023346,0
            36.3060986,50.0022794,0
            36.3069355,50.0021001,0
            36.3078582,50.0017278,0
            36.3101649,50.0007347,0
            36.3150357,49.9986106,0
            36.3156795,49.9983485,0
            36.3150143,49.9965761,0
            36.3142955,49.9944794,0
            36.3141238,49.994169,0
            36.3134479,49.992286,0
            36.3125681,49.9897477,0
            36.3119137,49.9879749,0
            36.3118386,49.9875197,0
            36.3116776,49.9866781,0
            36.3114523,49.9846637,0
            36.3110017,49.9816835,0
            36.3107228,49.9795309,0
            36.3106047,49.9786823,0
            36.3103902,49.9777992,0
            36.3104224,49.9774611,0
            36.3102936,49.9765158,0
            36.3101327,49.9756051,0
            36.3099717,49.9750462,0
            36.3097679,49.9743079,0
            36.3094568,49.9735834,0
            36.3091349,49.972776,0
            36.3087272,49.9717962,0
            36.3085985,49.9717272,0
            36.3083839,49.9716789,0
            36.3077401,49.9716858,0
            36.3072144,49.9715478,0
            36.3060986,49.9712235,0
            36.3055836,49.9712304,0
            36.3001119,49.9729417,0
            36.2998759,49.9728313,0
            36.2997364,49.9727277,0
            36.2999188,49.9726518,0
            36.303749,49.9713684,0
            36.3086092,49.9698502,0
            36.3163876,49.9673245,0
            36.3177072,49.9669588,0
            36.3193809,49.9664826,0
            36.3215374,49.9659167,0
            36.3226961,49.9656061,0
            36.3233184,49.9654474,0
            36.324284,49.9652197,0
            36.3260757,49.9648539,0
            36.3275027,49.9645847,0
            36.3291013,49.9642604,0
            36.3325667,49.9636047,0
            36.334294,49.9632941,0
            36.3333499,49.9613962,0
            36.3325345,49.959643,0
            36.3315152,49.9573032,0
            36.3312041,49.9565439,0
            36.3301312,49.95419,0
            36.329745,49.9532996,0
            36.3292729,49.9522503,0
            36.3275563,49.9485086,0
            36.327095,49.9474247,0
            36.3266711,49.9469441,0
            36.3269126,49.9468931,0
            36.3271808,49.9469621,0
            36.3274276,49.9470519,0
            36.3274919,49.9471554,0
            36.3273525,49.9473418,0
            36.327213,49.947404,0
            36.3273632,49.947618,0
          </coordinates>
        </LineString>
      </Placemark>
      <Placemark>
        <name>Станція метро Академіка Барабашова</name>
        <description>Троллейбус-57.</description>
        <styleUrl>#icon-1499-000000</styleUrl>
        <Point>
          <coordinates>
            36.3043812,50.0024195,0
          </coordinates>
        </Point>
      </Placemark>
      <Placemark>
        <name>Остановка пр. Льва Ландау</name>
        <description>Автобус-7е, 11е, 15е, 107е, 152е, 201е, 213е, 225е, 255е, 259е. Троллейбус -19, 20, 31, 35, 57.</description>
        <styleUrl>#icon-1532-000000</styleUrl>
        <Point>
          <coordinates>
            36.3151636,49.9978403,0
          </coordinates>
        </Point>
      </Placemark>
      <Placemark>
        <name>вул. Камишева</name>
        <description>Маршрутка – 259е. Троллейбус -19, 20, 31, 35, 57.</description>
        <styleUrl>#icon-1532-000000</styleUrl>
        <Point>
          <coordinates>
            36.3127819,49.9910742,0
          </coordinates>
        </Point>
      </Placemark>
      <Placemark>
        <name>Остановка ш. Салтівське</name>
        <description>Маршрутка – 259е. Троллейбус -19, 20, 31, 35, 57.</description>
        <styleUrl>#icon-1532-000000</styleUrl>
        <Point>
          <coordinates>
            36.3116982,49.9876494,0
          </coordinates>
        </Point>
      </Placemark>
      <Placemark>
        <name>вул. Єдності</name>
        <description>Маршрутка – 259е. Троллейбус -19, 20, 31, 35, 57.</description>
        <styleUrl>#icon-1532-000000</styleUrl>
        <Point>
          <coordinates>
            36.3107969,49.9820167,0
          </coordinates>
        </Point>
      </Placemark>
      <Placemark>
        <name>Станція метро Турбоатом</name>
        <description>Автобус-226е, 49е, 226е, 249е, 259е. Троллейбус-57.</description>
        <styleUrl>#icon-1626-000000</styleUrl>
        <Point>
          <coordinates>
            36.3033425,49.9714547,0
          </coordinates>
        </Point>
      </Placemark>
      <Placemark>
        <name>Зупинка Видавництво Харків</name>
        <description>Троллейбус-13, 57.</description>
        <styleUrl>#icon-1638-000000</styleUrl>
        <Point>
          <coordinates>
            36.3103547,49.9691473,0
          </coordinates>
        </Point>
      </Placemark>
      <Placemark>
        <name>Станція метро Палац спорту</name>
        <description>Троллейбус-13, 57.</description>
        <styleUrl>#icon-1626-000000</styleUrl>
        <Point>
          <coordinates>
            36.3190987,49.9664284,0
          </coordinates>
        </Point>
      </Placemark>
      <Placemark>
        <name>вул. Василя Мельникова</name>
        <description>Троллейбус-13, 57.</description>
        <styleUrl>#icon-1532-000000</styleUrl>
        <Point>
          <coordinates>
            36.3263406,49.9646961,0
          </coordinates>
        </Point>
      </Placemark>
      <Placemark>
        <name>вул. Харківських Дивізій</name>
        <description>Троллейбус-13, 57.</description>
        <styleUrl>#icon-1532-000000</styleUrl>
        <Point>
          <coordinates>
            36.3336363,49.9622254,0
          </coordinates>
        </Point>
      </Placemark>
      <Placemark>
        <name>Остановка бул. Юр'єва</name>
        <description>Троллейбус-13, 57.</description>
        <styleUrl>#icon-1532-000000</styleUrl>
        <Point>
          <coordinates>
            36.3320215,49.9583948,0
          </coordinates>
        </Point>
      </Placemark>
      <Placemark>
        <name>вул. Каденюка</name>
        <description>Троллейбус-13, 57.</description>
        <styleUrl>#icon-1532-000000</styleUrl>
        <Point>
          <coordinates>
            36.3299657,49.953908,0
          </coordinates>
        </Point>
      </Placemark>
      <Placemark>
        <name>вул. Паркова</name>
        <description>Автобус 15е. Троллейбус-57.</description>
        <styleUrl>#icon-1720-000000</styleUrl>
        <Point>
          <coordinates>
            36.3278261,49.9491779,0
          </coordinates>
        </Point>
      </Placemark>
      <Placemark>
        <name>Парк Зустрич</name>
        <description>Троллейбус-34, 56.</description>
        <styleUrl>#icon-1720-000000</styleUrl>
        <Point>
          <coordinates>
            36.3266711,49.9469441,0
          </coordinates>
        </Point>
      </Placemark>
    </Folder><Folder><name>Тролейбус №58</name><Placemark>
        <name>Лінія маршруту</name>
        <styleUrl>#line-F57C00-4875-nodesc</styleUrl>
        <LineString>
          <tessellate>1</tessellate>
          <coordinates>
            36.2786588,49.9198878,0
            36.2784447,49.9198213,0
            36.2782194,49.9197937,0
            36.2765457,49.9198835,0
            36.2717928,49.9202496,0
            36.2715782,49.9204914,0
            36.2686814,49.9238553,0
            36.2684776,49.9242283,0
            36.2676193,49.9253266,0
            36.2660421,49.92715,0
            36.2632097,49.9305756,0
            36.2627698,49.931066,0
            36.2624051,49.9315425,0
            36.2622334,49.9319362,0
            36.2620725,49.9322538,0
            36.2619652,49.9326475,0
            36.261815,49.9338975,0
            36.2615575,49.9352855,0
            36.2611283,49.9380339,0
            36.2606455,49.9410238,0
            36.2603022,49.9432954,0
            36.26027,49.9438892,0
            36.2602593,49.9444484,0
            36.26027,49.9450284,0
            36.2603344,49.9454979,0
            36.260388,49.9457257,0
            36.260388,49.9466854,0
            36.2603022,49.9483216,0
            36.2602593,49.9488049,0
            36.2602486,49.9493019,0
            36.260152,49.9524568,0
            36.2601198,49.9529262,0
            36.2600554,49.9535751,0
            36.259798,49.9562258,0
            36.2595512,49.959042,0
            36.2592508,49.9607123,0
            36.2588216,49.9639009,0
            36.2587573,49.9643564,0
            36.2588753,49.9651294,0
            36.2593259,49.9678001,0
            36.2596263,49.9706984,0
            36.259637,49.9711815,0
            36.2594654,49.9716024,0
            36.2590255,49.9720923,0
            36.2581028,49.9728031,0
            36.2561823,49.9743349,0
            36.2532212,49.9766602,0
            36.2525131,49.9769913,0
            36.2484898,49.978799,0
            36.2431897,49.9810482,0
            36.238748,49.9830696,0
            36.238587,49.9833248,0
            36.2386085,49.9835456,0
            36.2385227,49.9837456,0
            36.2381686,49.9838767,0
            36.2378897,49.9840078,0
            36.2345315,49.9873397,0
            36.2345852,49.9875467,0
            36.2344994,49.9884779,0
            36.2329973,49.9885262,0
            36.23289,49.9897333,0
            36.2327506,49.9910508,0
            36.2326218,49.9913957,0
            36.2323214,49.9918233,0
            36.2320639,49.9925614,0
            36.2321819,49.9933753,0
            36.232375,49.9942995,0
            36.2331153,49.9964031,0
            36.2344135,49.9999548,0
            36.2358834,50.0042925,0
            36.2362052,50.0052372,0
            36.2365057,50.0057612,0
            36.2335338,50.0067887,0
            36.2330188,50.0069955,0
            36.231109,50.0079402,0
            36.2304439,50.0082436,0
            36.2292959,50.0084228,0
            36.2285878,50.0085263,0
            36.2284376,50.0084918,0
            36.2279226,50.01025,0
            36.2271179,50.012808,0
            36.2263025,50.0155588,0
            36.2251653,50.0194814,0
            36.2243284,50.0222112,0
            36.2229873,50.0271464,0
            36.2222899,50.0289453,0
            36.2211849,50.0327152,0
            36.2207343,50.0342796,0
            36.2205411,50.0347965,0
            36.2203802,50.0354994,0
            36.2203802,50.03603,0
            36.2204339,50.0363883,0
            36.2209274,50.0375529,0
            36.2222792,50.0410121,0
            36.2229015,50.0424246,0
            36.2218715,50.0428242,0
            36.2208308,50.0433479,0
            36.2173547,50.0449464,0
            36.2141897,50.0463381,0
            36.2130095,50.0468893,0
            36.212516,50.0472062,0
            36.210617,50.0485772,0
            36.2099089,50.049025,0
            36.2091257,50.0495073,0
            36.2082995,50.0499344,0
            36.2073554,50.0504787,0
            36.2067653,50.0508644,0
            36.206422,50.05114,0
            36.2062181,50.0513122,0
            36.2059821,50.0516773,0
            36.2057675,50.0519667,0
            36.2041475,50.056155,0
            36.2035789,50.0576979,0
            36.2033214,50.0580768,0
            36.2016906,50.0593786,0
            36.2027635,50.0603084,0
            36.2067009,50.0640345,0
            36.2096621,50.0667962,0
            36.2115289,50.0685661,0
            36.2121512,50.0692134,0
            36.2109281,50.0695784,0
            36.210499,50.0694062,0
            36.2102736,50.0691308,0
            36.2103273,50.0688897,0
            36.2105311,50.0687451,0
            36.2107457,50.0685041,0
            36.210617,50.0682355,0
            36.2105526,50.0680634,0
            36.2104341,50.0679851,0
          </coordinates>
        </LineString>
      </Placemark>
      <Placemark>
        <name>Зупинка Аеропорт</name>
        <description>Троллейбус -58.</description>
        <styleUrl>#icon-1499-F57C00</styleUrl>
        <Point>
          <coordinates>
            36.2787201,49.9200122,0
          </coordinates>
        </Point>
      </Placemark>
      <Placemark>
        <name>вул. Антонова</name>
        <description>Троллейбус -58.</description>
        <styleUrl>#icon-1532-F57C00</styleUrl>
        <Point>
          <coordinates>
            36.271516,49.9207581,0
          </coordinates>
        </Point>
      </Placemark>
      <Placemark>
        <name>Остановка ш. Мерефянське</name>
        <description>Троллейбус – 58.</description>
        <styleUrl>#icon-1532-F57C00</styleUrl>
        <Point>
          <coordinates>
            36.2672184,49.9258849,0
          </coordinates>
        </Point>
      </Placemark>
      <Placemark>
        <name>вул. Сохора</name>
        <description>Троллейбус – 49, 58.</description>
        <styleUrl>#icon-1532-F57C00</styleUrl>
        <Point>
          <coordinates>
            36.2651414,49.928433,0
          </coordinates>
        </Point>
      </Placemark>
      <Placemark>
        <name>вул. Південнопроектна</name>
        <description>Троллейбус – 49, 58.</description>
        <styleUrl>#icon-1532-F57C00</styleUrl>
        <Point>
          <coordinates>
            36.2625842,49.9315319,0
          </coordinates>
        </Point>
      </Placemark>
      <Placemark>
        <name>вул. Льговська</name>
        <description>Троллейбус – 49, 58.</description>
        <styleUrl>#icon-1532-F57C00</styleUrl>
        <Point>
          <coordinates>
            36.2615142,49.9365283,0
          </coordinates>
        </Point>
      </Placemark>
      <Placemark>
        <name>вул. Пільчикова</name>
        <description>Маршрутка-259е. Троллейбус-6, 49, 58.</description>
        <styleUrl>#icon-1532-F57C00</styleUrl>
        <Point>
          <coordinates>
            36.2608961,49.9405264,0
          </coordinates>
        </Point>
      </Placemark>
      <Placemark>
        <name>вул. Одеська</name>
        <description>Маршрутка-259е. Троллейбус-6, 49, 58.</description>
        <styleUrl>#icon-1532-F57C00</styleUrl>
        <Point>
          <coordinates>
            36.2606189,49.94712,0
          </coordinates>
        </Point>
      </Placemark>
      <Placemark>
        <name>вул. Зернова</name>
        <description>Маршрутка-259е. Троллейбус-6, 49, 58.</description>
        <styleUrl>#icon-1532-F57C00</styleUrl>
        <Point>
          <coordinates>
            36.2603402,49.9531359,0
          </coordinates>
        </Point>
      </Placemark>
      <Placemark>
        <name>Остановка Школа</name>
        <description>Троллейбус-3, 6, 49, 58, 59.</description>
        <styleUrl>#icon-1682-F57C00</styleUrl>
        <Point>
          <coordinates>
            36.2598425,49.9574413,0
          </coordinates>
        </Point>
      </Placemark>
      <Placemark>
        <name>вул. Сидоренківська</name>
        <description>Троллейбус-3, 6, 49, 58, 59.</description>
        <styleUrl>#icon-1532-F57C00</styleUrl>
        <Point>
          <coordinates>
            36.2591951,49.9620174,0
          </coordinates>
        </Point>
      </Placemark>
      <Placemark>
        <name>Остановка пров. Золотий</name>
        <description>Троллейбус-3, 6, 49, 58, 59.</description>
        <styleUrl>#icon-1532-F57C00</styleUrl>
        <Point>
          <coordinates>
            36.2595725,49.9682947,0
          </coordinates>
        </Point>
      </Placemark>
      <Placemark>
        <name>вул. Дмитра Коцюбайла</name>
        <description>Троллейбус-3, 6, 49, 58, 59.</description>
        <styleUrl>#icon-1532-F57C00</styleUrl>
        <Point>
          <coordinates>
            36.2575973,49.9733371,0
          </coordinates>
        </Point>
      </Placemark>
      <Placemark>
        <name>вул. Молочна</name>
        <description>Троллейбус-3, 6, 49, 58, 59.</description>
        <styleUrl>#icon-1532-F57C00</styleUrl>
        <Point>
          <coordinates>
            36.2496824,49.9783225,0
          </coordinates>
        </Point>
      </Placemark>
      <Placemark>
        <name>вул. Вернадського</name>
        <description>Троллейбус-3, 6, 49, 58, 59.</description>
        <styleUrl>#icon-1532-F57C00</styleUrl>
        <Point>
          <coordinates>
            36.2459713,49.9799716,0
          </coordinates>
        </Point>
      </Placemark>
      <Placemark>
        <name>Станція метро Левада</name>
        <description>Троллейбус-3, 6, 49, 58, 59.</description>
        <styleUrl>#icon-1626-F57C00</styleUrl>
        <Point>
          <coordinates>
            36.2427649,49.9812416,0
          </coordinates>
        </Point>
      </Placemark>
      <Placemark>
        <name>Станція метро Майдан Конституції</name>
        <description>Троллейбус-11, 58.</description>
        <styleUrl>#icon-1626-F57C00</styleUrl>
        <Point>
          <coordinates>
            36.2327681,49.9912244,0
          </coordinates>
        </Point>
      </Placemark>
      <Placemark>
        <name>Оперний театр</name>
        <description>Троллейбус-40, 55, 58.</description>
        <styleUrl>#icon-1709-F57C00</styleUrl>
        <Point>
          <coordinates>
            36.2341775,49.9989113,0
          </coordinates>
        </Point>
      </Placemark>
      <Placemark>
        <name>вул. Трінклера</name>
        <description>Троллейбус-2, 58.</description>
        <styleUrl>#icon-1532-F57C00</styleUrl>
        <Point>
          <coordinates>
            36.2330208,50.0070827,0
          </coordinates>
        </Point>
      </Placemark>
      <Placemark>
        <name>вул. Данилевського</name>
        <description>Автобус-33. Троллейбус-2, 18, 58.</description>
        <styleUrl>#icon-1532-F57C00</styleUrl>
        <Point>
          <coordinates>
            36.2277976,50.0106961,0
          </coordinates>
        </Point>
      </Placemark>
      <Placemark>
        <name>Станція метро Наукова</name>
        <description>Автобус-33. Троллейбус-2, 18, 58.</description>
        <styleUrl>#icon-1626-F57C00</styleUrl>
        <Point>
          <coordinates>
            36.227068,50.0134964,0
          </coordinates>
        </Point>
      </Placemark>
      <Placemark>
        <name>вул. Космічна</name>
        <description>Автобус-33. Троллейбус-2, 18, 58.</description>
        <styleUrl>#icon-1532-F57C00</styleUrl>
        <Point>
          <coordinates>
            36.2255219,50.018782,0
          </coordinates>
        </Point>
      </Placemark>
      <Placemark>
        <name>вул. Європейська</name>
        <description>Автобус-33. Троллейбус-2, 18, 58.</description>
        <styleUrl>#icon-1532-F57C00</styleUrl>
        <Point>
          <coordinates>
            36.2246367,50.0216887,0
          </coordinates>
        </Point>
      </Placemark>
      <Placemark>
        <name>Станція метро Ботанічний сад</name>
        <description>Автобус-33. Троллейбус-2, 18, 58.</description>
        <styleUrl>#icon-1626-F57C00</styleUrl>
        <Point>
          <coordinates>
            36.222874,50.0276191,0
          </coordinates>
        </Point>
      </Placemark>
      <Placemark>
        <name>вул. Тобольська</name>
        <description>Автобус-33. Троллейбус-2, 18, 58.</description>
        <styleUrl>#icon-1532-F57C00</styleUrl>
        <Point>
          <coordinates>
            36.2218962,50.0309438,0
          </coordinates>
        </Point>
      </Placemark>
      <Placemark>
        <name>Станція метро 23 серпня</name>
        <description>Автобус-33. Троллейбус-2, 18, 58.</description>
        <styleUrl>#icon-1626-F57C00</styleUrl>
        <Point>
          <coordinates>
            36.2206665,50.0348635,0
          </coordinates>
        </Point>
      </Placemark>
      <Placemark>
        <name>Станція метро 23 серпня</name>
        <description>Автобус-33. Троллейбус-2, 18, 58.</description>
        <styleUrl>#icon-1626-F57C00</styleUrl>
        <Point>
          <coordinates>
            36.2206865,50.0367812,0
          </coordinates>
        </Point>
      </Placemark>
      <Placemark>
        <name>Інститут низьких температур</name>
        <description>Автобус-33. Троллейбус-2, 18, 58.</description>
        <styleUrl>#icon-1694-F57C00</styleUrl>
        <Point>
          <coordinates>
            36.2218034,50.0396343,0
          </coordinates>
        </Point>
      </Placemark>
      <Placemark>
        <name>Зупинка Різдвяна церква</name>
        <description>Автобус-63. Троллейбус-2, 18, 58.</description>
        <styleUrl>#icon-1670-F57C00</styleUrl>
        <Point>
          <coordinates>
            36.2227515,50.0418148,0
          </coordinates>
        </Point>
      </Placemark>
      <Placemark>
        <name>вул. Білогірська</name>
        <description>Автобус-63. Троллейбус-2, 40, 58.</description>
        <styleUrl>#icon-1532-F57C00</styleUrl>
        <Point>
          <coordinates>
            36.2122725,50.0473964,0
          </coordinates>
        </Point>
      </Placemark>
      <Placemark>
        <name>Станція метро Олексіївська</name>
        <description>Автобус-63. Троллейбус-2, 40, 58.</description>
        <styleUrl>#icon-1626-F57C00</styleUrl>
        <Point>
          <coordinates>
            36.2076752,50.0503366,0
          </coordinates>
        </Point>
      </Placemark>
      <Placemark>
        <name>Остановка АТС 336</name>
        <description>Автобус-63. Троллейбус-2, 40, 58.</description>
        <styleUrl>#icon-1648-F57C00</styleUrl>
        <Point>
          <coordinates>
            36.2055294,50.0528924,0
          </coordinates>
        </Point>
      </Placemark>
      <Placemark>
        <name>Остановка пр. Людвіга Свободи</name>
        <description>Автобус-63. Троллейбус-2, 40, 58.</description>
        <styleUrl>#icon-1532-F57C00</styleUrl>
        <Point>
          <coordinates>
            36.2048064,50.054715,0
          </coordinates>
        </Point>
      </Placemark>
      <Placemark>
        <name>Остановка 336 мікрорайон</name>
        <description>Автобус-63. Троллейбус-2, 40, 58.</description>
        <styleUrl>#icon-1546-F57C00</styleUrl>
        <Point>
          <coordinates>
            36.2037979,50.0572643,0
          </coordinates>
        </Point>
      </Placemark>
      <Placemark>
        <name>Станція метро Перемога</name>
        <description>Троллейбус-2, 40, 58.</description>
        <styleUrl>#icon-1626-F57C00</styleUrl>
        <Point>
          <coordinates>
            36.2023461,50.0596831,0
          </coordinates>
        </Point>
      </Placemark>
      <Placemark>
        <name>Станція метро Перемога</name>
        <description>Автобус-63. Троллейбус-2, 40, 58.</description>
        <styleUrl>#icon-1626-F57C00</styleUrl>
        <Point>
          <coordinates>
            36.2033866,50.0607133,0
          </coordinates>
        </Point>
      </Placemark>
      <Placemark>
        <name>Остановка Шкільна</name>
        <description>Троллейбус-2, 40, 58.</description>
        <styleUrl>#icon-1682-F57C00</styleUrl>
        <Point>
          <coordinates>
            36.2057536,50.062948,0
          </coordinates>
        </Point>
      </Placemark>
      <Placemark>
        <name>Зупинка Сонячна</name>
        <description>Троллейбус-2, 40, 58.</description>
        <styleUrl>#icon-1700-F57C00</styleUrl>
        <Point>
          <coordinates>
            36.2091224,50.0662538,0
          </coordinates>
        </Point>
      </Placemark>
      <Placemark>
        <name>Остановка пр. Перемоги</name>
        <description>Троллейбус-2, 40, 58.</description>
        <styleUrl>#icon-1532-F57C00</styleUrl>
        <Point>
          <coordinates>
            36.2107989,50.0677578,0
          </coordinates>
        </Point>
      </Placemark>
    <Placemark>
        <name>Лінія маршруту</name>
        <styleUrl>#line-000000-4875-nodesc</styleUrl>
        <LineString>
          <tessellate>1</tessellate>
          <coordinates>
            36.2104341,50.0679851,0
            36.2085244,50.0661463,0
            36.2060138,50.063784,0
            36.2033745,50.0612977,0
            36.2017652,50.0598582,0
            36.2013683,50.0594105,0
            36.2024948,50.0584668,0
            36.2033209,50.0577298,0
            36.2035355,50.0571374,0
            36.2038359,50.0565795,0
            36.2042329,50.0555394,0
            36.2050482,50.0533626,0
            36.2057778,50.051599,0
            36.2061962,50.0511168,0
            36.2066898,50.0506759,0
            36.2072262,50.0503452,0
            36.2077519,50.0500903,0
            36.2083205,50.0497459,0
            36.2090501,50.0493876,0
            36.2096616,50.0490225,0
            36.2101337,50.0487538,0
            36.2109276,50.0481613,0
            36.2115606,50.0476997,0
            36.2121185,50.0473001,0
            36.2126013,50.046935,0
            36.2131914,50.0466801,0
            36.2138995,50.0463218,0
            36.2145111,50.0460944,0
            36.2151441,50.0458051,0
            36.2157771,50.0455364,0
            36.2165817,50.0451712,0
            36.2174293,50.0447578,0
            36.2181374,50.0444133,0
            36.2196609,50.0437105,0
            36.2206802,50.0432351,0
            36.2217316,50.0427459,0
            36.2227401,50.0423394,0
            36.2222788,50.0413541,0
            36.2210449,50.0382877,0
            36.2203368,50.0365512,0
            36.2202403,50.0363238,0
            36.2202188,50.0359999,0
            36.2201866,50.0355589,0
            36.2202832,50.0351592,0
            36.2204012,50.0346837,0
            36.2206909,50.0339394,0
            36.2209484,50.03314,0
            36.2213561,50.031672,0
            36.2218603,50.0299559,0
            36.2222251,50.0287291,0
            36.2224611,50.0280123,0
            36.2226757,50.0271508,0
            36.223298,50.025083,0
            36.2240705,50.0223258,0
            36.2251219,50.0187274,0
            36.2263664,50.0145842,0
            36.2266025,50.0135707,0
            36.2269673,50.0125021,0
            36.2272355,50.0117092,0
            36.2280509,50.0089098,0
            36.2282333,50.0081031,0
            36.2283405,50.0079169,0
            36.2286839,50.0079859,0
            36.2296173,50.0080548,0
            36.2305185,50.0079445,0
            36.2312159,50.0077239,0
            36.2332973,50.0067723,0
            36.2363228,50.0056966,0
            36.2360868,50.0053243,0
            36.2359151,50.0048347,0
            36.2350461,50.0022005,0
            36.2347349,50.0012971,0
            36.2337479,49.9984489,0
            36.2332973,49.9972971,0
            36.2324604,49.9950349,0
            36.2322995,49.9945177,0
            36.2319991,49.9930761,0
            36.2318811,49.9928002,0
            36.2318703,49.9924933,0
            36.2319669,49.9921864,0
            36.2323209,49.991469,0
            36.2325784,49.9909793,0
            36.2325999,49.9901929,0
            36.2326643,49.9896135,0
            36.2327608,49.9888961,0
            36.2327286,49.9884892,0
            36.232557,49.9883995,0
            36.2335226,49.9871026,0
            36.2343487,49.9873165,0
            36.2349281,49.9866956,0
            36.2364194,49.9852677,0
            36.2377497,49.9839363,0
            36.2377819,49.983612,0
            36.2378248,49.9834396,0
            36.2379965,49.9832878,0
            36.2385544,49.9830118,0
            36.2416336,49.9816114,0
            36.2472448,49.9792104,0
            36.2523088,49.9768991,0
            36.2528881,49.9766576,0
            36.2534138,49.9763126,0
            36.254079,49.9757813,0
            36.2566861,49.9737251,0
            36.2581238,49.9724486,0
            36.2588855,49.9717241,0
            36.2592503,49.9709512,0
            36.2593362,49.9704337,0
            36.2592825,49.9693296,0
            36.2591323,49.9679701,0
            36.2589606,49.9670247,0
            36.2585744,49.9645402,0
            36.2585637,49.964202,0
            36.2586066,49.9638086,0
            36.2588963,49.960551,0
            36.2591752,49.958294,0
            36.2593791,49.9565477,0
            36.2597331,49.9542974,0
            36.2599155,49.9528132,0
            36.2599477,49.9521988,0
            36.2600013,49.9506663,0
            36.2600013,49.9494927,0
            36.2600121,49.9486919,0
            36.2599584,49.9465931,0
            36.2599692,49.9457577,0
            36.2599692,49.9446116,0
            36.2599692,49.9439902,0
            36.2600121,49.9434724,0
            36.2601086,49.9428372,0
            36.2604305,49.9405517,0
            36.2606022,49.9396402,0
            36.261203,49.9355247,0
            36.2613424,49.9348203,0
            36.2617394,49.9323618,0
            36.2619433,49.9318438,0
            36.2622008,49.9313259,0
            36.2626943,49.9306767,0
            36.2656662,49.9271889,0
            36.268048,49.9243777,0
            36.2684771,49.9238666,0
            36.2687024,49.9237146,0
            36.2716636,49.9201711,0
            36.2718138,49.9201711,0
            36.2725219,49.9200951,0
            36.2768671,49.9197566,0
            36.2779078,49.919729,0
            36.2784228,49.9197428,0
            36.2789377,49.9199431,0
            36.2795386,49.9202332,0
            36.2798711,49.9201227,0
            36.2800643,49.9199362,0
            36.279839,49.9197842,0
            36.2795815,49.9197082,0
            36.2793454,49.9198326,0
            36.2791523,49.920102,0
            36.2786588,49.9198878,0
          </coordinates>
        </LineString>
      </Placemark>
      <Placemark>
        <name>Остановка пр. Перемоги</name>
        <description>Троллейбус-2, 40, 58.</description>
        <styleUrl>#icon-1499-000000</styleUrl>
        <Point>
          <coordinates>
            36.2102103,50.0680718,0
          </coordinates>
        </Point>
      </Placemark>
      <Placemark>
        <name>Зупинка Сонячна</name>
        <description>Троллейбус-2, 40, 58.</description>
        <styleUrl>#icon-1700-000000</styleUrl>
        <Point>
          <coordinates>
            36.2083543,50.0661642,0
          </coordinates>
        </Point>
      </Placemark>
      <Placemark>
        <name>Остановка Шкільна</name>
        <description>Троллейбус-2, 40, 58.</description>
        <styleUrl>#icon-1682-000000</styleUrl>
        <Point>
          <coordinates>
            36.2053502,50.0630512,0
          </coordinates>
        </Point>
      </Placemark>
      <Placemark>
        <name>Остановка 339 мікрорайон</name>
        <description>Троллейбус-2, 40, 58.</description>
        <styleUrl>#icon-1546-000000</styleUrl>
        <Point>
          <coordinates>
            36.2032149,50.0612024,0
          </coordinates>
        </Point>
      </Placemark>
      <Placemark>
        <name>Станція метро Перемога</name>
        <description>Автобус-63. Троллейбус-2, 40, 58.</description>
        <styleUrl>#icon-1626-000000</styleUrl>
        <Point>
          <coordinates>
            36.2023566,50.0583725,0
          </coordinates>
        </Point>
      </Placemark>
      <Placemark>
        <name>Остановка 337 мікрорайон</name>
        <description>Автобус-63. Троллейбус-2, 40, 58.</description>
        <styleUrl>#icon-1546-000000</styleUrl>
        <Point>
          <coordinates>
            36.2035906,50.056673,0
          </coordinates>
        </Point>
      </Placemark>
      <Placemark>
        <name>Остановка пр. Людвіга Свободи</name>
        <description>Автобус-63. Троллейбус-2, 40, 58.</description>
        <styleUrl>#icon-1532-000000</styleUrl>
        <Point>
          <coordinates>
            36.204532,50.0542037,0
          </coordinates>
        </Point>
      </Placemark>
      <Placemark>
        <name>Остановка АТС 336</name>
        <description>Автобус-63. Троллейбус-2, 40, 58.</description>
        <styleUrl>#icon-1648-000000</styleUrl>
        <Point>
          <coordinates>
            36.2052508,50.0523861,0
          </coordinates>
        </Point>
      </Placemark>
      <Placemark>
        <name>Станція метро Олексіївська</name>
        <description>Автобус-63. Троллейбус-2, 40, 58.</description>
        <styleUrl>#icon-1626-000000</styleUrl>
        <Point>
          <coordinates>
            36.2090059,50.0492309,0
          </coordinates>
        </Point>
      </Placemark>
      <Placemark>
        <name>вул. Білогірська</name>
        <description>Автобус-63. Троллейбус-2, 40, 58.</description>
        <styleUrl>#icon-1532-000000</styleUrl>
        <Point>
          <coordinates>
            36.2127396,50.0468403,0
          </coordinates>
        </Point>
      </Placemark>
      <Placemark>
        <name>Зупинка Різдвяна церква</name>
        <description>Автобус-63. Троллейбус-2, 18, 58.</description>
        <styleUrl>#icon-1670-000000</styleUrl>
        <Point>
          <coordinates>
            36.2223442,50.0417769,0
          </coordinates>
        </Point>
      </Placemark>
      <Placemark>
        <name>Інститут низьких температур</name>
        <description>Автобус – 63. Троллейбус-2, 18, 58.</description>
        <styleUrl>#icon-1694-000000</styleUrl>
        <Point>
          <coordinates>
            36.221164,50.0390001,0
          </coordinates>
        </Point>
      </Placemark>
      <Placemark>
        <name>Станція метро 23 серпня</name>
        <description>Автобус-33. Троллейбус-2, 18, 58.</description>
        <styleUrl>#icon-1626-000000</styleUrl>
        <Point>
          <coordinates>
            36.2205525,50.0338317,0
          </coordinates>
        </Point>
      </Placemark>
      <Placemark>
        <name>вул. Тобольська</name>
        <description>Автобус-33. Троллейбус-2, 18, 58.</description>
        <styleUrl>#icon-1532-000000</styleUrl>
        <Point>
          <coordinates>
            36.2216629,50.0303445,0
          </coordinates>
        </Point>
      </Placemark>
      <Placemark>
        <name>Станція метро Ботанічний сад</name>
        <description>Автобус-33. Троллейбус-2, 18, 58.</description>
        <styleUrl>#icon-1626-000000</styleUrl>
        <Point>
          <coordinates>
            36.222724,50.0265603,0
          </coordinates>
        </Point>
      </Placemark>
      <Placemark>
        <name>вул. Європейська</name>
        <description>Автобус-33. Троллейбус-2, 18, 58.</description>
        <styleUrl>#icon-1532-000000</styleUrl>
        <Point>
          <coordinates>
            36.2242421,50.0211459,0
          </coordinates>
        </Point>
      </Placemark>
      <Placemark>
        <name>вул. Космічна</name>
        <description>Автобус-33. Троллейбус-2, 18, 58.</description>
        <styleUrl>#icon-1532-000000</styleUrl>
        <Point>
          <coordinates>
            36.2251219,50.0181437,0
          </coordinates>
        </Point>
      </Placemark>
      <Placemark>
        <name>Станція метро Наукова</name>
        <description>Автобус-33. Троллейбус-2, 18, 58.</description>
        <styleUrl>#icon-1626-000000</styleUrl>
        <Point>
          <coordinates>
            36.2266566,50.0133254,0
          </coordinates>
        </Point>
      </Placemark>
      <Placemark>
        <name>вул. Чичібабіна</name>
        <description>Автобус-33. Троллейбус-2, 18, 58.</description>
        <styleUrl>#icon-1532-000000</styleUrl>
        <Point>
          <coordinates>
            36.2277295,50.0095885,0
          </coordinates>
        </Point>
      </Placemark>
      <Placemark>
        <name>Станція метро Університет</name>
        <description>Троллейбус-2, 58.</description>
        <styleUrl>#icon-1626-000000</styleUrl>
        <Point>
          <coordinates>
            36.2356098,50.0058531,0
          </coordinates>
        </Point>
      </Placemark>
      <Placemark>
        <name>Сад Шевченко</name>
        <description>Троллейбус-40, 55, 58.</description>
        <styleUrl>#icon-1720-000000</styleUrl>
        <Point>
          <coordinates>
            36.2349705,50.0020144,0
          </coordinates>
        </Point>
      </Placemark>
      <Placemark>
        <name>Будинок Саламандра</name>
        <description>Троллейбус-40, 55, 58.</description>
        <styleUrl>#icon-1532-000000</styleUrl>
        <Point>
          <coordinates>
            36.2329719,49.9966766,0
          </coordinates>
        </Point>
      </Placemark>
      <Placemark>
        <name>Станція метро Майдан Конституції</name>
        <description>Троллейбус-11, 58.</description>
        <styleUrl>#icon-1626-000000</styleUrl>
        <Point>
          <coordinates>
            36.232359,49.9911299,0
          </coordinates>
        </Point>
      </Placemark>
      <Placemark>
        <name>Остановка пров. Соляніковський</name>
        <description>Троллейбус-3, 6, 49, 58, 59.</description>
        <styleUrl>#icon-1532-000000</styleUrl>
        <Point>
          <coordinates>
            36.2367893,49.9847378,0
          </coordinates>
        </Point>
      </Placemark>
      <Placemark>
        <name>Станція метро Левада</name>
        <description>Троллейбус-3, 6, 49, 58, 59.</description>
        <styleUrl>#icon-1626-000000</styleUrl>
        <Point>
          <coordinates>
            36.2445045,49.9802262,0
          </coordinates>
        </Point>
      </Placemark>
      <Placemark>
        <name>Станція Автовокзал</name>
        <description>Троллейбус-3, 6, 49, 58, 59.</description>
        <styleUrl>#icon-1532-000000</styleUrl>
        <Point>
          <coordinates>
            36.2475286,49.9789681,0
          </coordinates>
        </Point>
      </Placemark>
      <Placemark>
        <name>вул. Молочна</name>
        <description>Троллейбус-3, 6, 49, 58, 59.</description>
        <styleUrl>#icon-1532-000000</styleUrl>
        <Point>
          <coordinates>
            36.2513588,49.977188,0
          </coordinates>
        </Point>
      </Placemark>
      <Placemark>
        <name>вул. Дмитра Коцюбайла</name>
        <description>Троллейбус-3, 6, 49, 58, 59.</description>
        <styleUrl>#icon-1532-000000</styleUrl>
        <Point>
          <coordinates>
            36.2577341,49.9726918,0
          </coordinates>
        </Point>
      </Placemark>
      <Placemark>
        <name>вул. Чугуївська</name>
        <description>Троллейбус-3, 6, 49, 58, 59.</description>
        <styleUrl>#icon-1532-000000</styleUrl>
        <Point>
          <coordinates>
            36.2588696,49.9673923,0
          </coordinates>
        </Point>
      </Placemark>
      <Placemark>
        <name>вул. Сидоренківська</name>
        <description>Тролейбус-3, 6, 49, 58, 59..</description>
        <styleUrl>#icon-1532-000000</styleUrl>
        <Point>
          <coordinates>
            36.258655,49.9614864,0
          </coordinates>
        </Point>
      </Placemark>
      <Placemark>
        <name>Остановка Школа</name>
        <description>Троллейбус-3, 6, 49, 58, 59.</description>
        <styleUrl>#icon-1682-000000</styleUrl>
        <Point>
          <coordinates>
            36.2592951,49.9558767,0
          </coordinates>
        </Point>
      </Placemark>
      <Placemark>
        <name>вул. Зернова</name>
        <description>Троллейбус-3, 6, 49, 58, 59.</description>
        <styleUrl>#icon-1532-000000</styleUrl>
        <Point>
          <coordinates>
            36.259853,49.9512034,0
          </coordinates>
        </Point>
      </Placemark>
      <Placemark>
        <name>вул. Одеська</name>
        <description>Маршрутка-259е. Троллейбус-6, 49, 58.</description>
        <styleUrl>#icon-1532-000000</styleUrl>
        <Point>
          <coordinates>
            36.2596492,49.9461499,0
          </coordinates>
        </Point>
      </Placemark>
      <Placemark>
        <name>вул. Пільчикова</name>
        <description>Маршрутка-259е. Троллейбус-6, 49, 58.</description>
        <styleUrl>#icon-1532-000000</styleUrl>
        <Point>
          <coordinates>
            36.2603788,49.940136,0
          </coordinates>
        </Point>
      </Placemark>
      <Placemark>
        <name>вул. Льговська</name>
        <description>Троллейбус – 49, 58.</description>
        <styleUrl>#icon-1532-000000</styleUrl>
        <Point>
          <coordinates>
            36.2611177,49.9353578,0
          </coordinates>
        </Point>
      </Placemark>
      <Placemark>
        <name>вул. Південнопроектна</name>
        <description>Троллейбус – 49, 58.</description>
        <styleUrl>#icon-1532-000000</styleUrl>
        <Point>
          <coordinates>
            36.2628582,49.9302774,0
          </coordinates>
        </Point>
      </Placemark>
      <Placemark>
        <name>вул. Сохора</name>
        <description>Троллейбус – 49, 58.</description>
        <styleUrl>#icon-1532-000000</styleUrl>
        <Point>
          <coordinates>
            36.2649232,49.9278071,0
          </coordinates>
        </Point>
      </Placemark>
      <Placemark>
        <name>Остановка ш. Мерефянське</name>
        <description>Троллейбус – 49, 58.</description>
        <styleUrl>#icon-1532-000000</styleUrl>
        <Point>
          <coordinates>
            36.2685437,49.9236206,0
          </coordinates>
        </Point>
      </Placemark>
      <Placemark>
        <name>вул. Аерофлотська</name>
        <description>Автобус-68е, 115е, 152е. Троллейбус -5, 49, 58.</description>
        <styleUrl>#icon-1532-000000</styleUrl>
        <Point>
          <coordinates>
            36.2722038,49.9201191,0
          </coordinates>
        </Point>
      </Placemark>
      <Placemark>
        <name>Зупинка Аеропорт</name>
        <description>Троллейбус -58.</description>
        <styleUrl>#icon-1504-000000</styleUrl>
        <Point>
          <coordinates>
            36.2786403,49.9196066,0
          </coordinates>
        </Point>
      </Placemark>
    </Folder><Folder><name>Тролейбус №59</name><Placemark>
        <name>Лінія маршруту</name>
        <styleUrl>#line-F57C00-5069-nodesc</styleUrl>
        <LineString>
          <tessellate>1</tessellate>
          <coordinates>
            36.4296663,49.9038247,0
            36.4292997,49.9043617,0
            36.4284307,49.9054051,0
            36.4242786,49.9105043,0
            36.4207703,49.91485,0
            36.4177984,49.9184907,0
            36.4164359,49.9204525,0
            36.4156205,49.9214473,0
            36.4124447,49.9253223,0
            36.412198,49.9250874,0
            36.4097089,49.9218686,0
            36.4076382,49.9225594,0
            36.4033038,49.9240514,0
            36.3991624,49.9254328,0
            36.394195,49.9271043,0
            36.3900966,49.9285201,0
            36.3898498,49.9289829,0
            36.3890988,49.9288655,0
            36.3863522,49.9297357,0
            36.3856656,49.9300258,0
            36.3850218,49.9303573,0
            36.3841528,49.9307509,0
            36.3837451,49.9309443,0
            36.3798398,49.9322081,0
            36.3836056,49.9372148,0
            36.3841099,49.9379191,0
            36.3783699,49.9397697,0
            36.3716859,49.9419378,0
            36.3663966,49.9436985,0
            36.3602919,49.945894,0
            36.3578242,49.9469158,0
            36.3572985,49.9472127,0
            36.3565797,49.9476477,0
            36.3558394,49.9479514,0
            36.3551849,49.948124,0
            36.3494665,49.9491182,0
            36.347031,49.9494841,0
            36.3464409,49.9491941,0
            36.3456899,49.9486694,0
            36.3421709,49.9468882,0
            36.3395959,49.9456869,0
            36.338802,49.9454591,0
            36.3381046,49.9453555,0
            36.3321394,49.9452036,0
            36.3212174,49.9447548,0
            36.3142544,49.9444442,0
            36.3070661,49.9441818,0
            36.3013476,49.9439678,0
            36.2970454,49.9439747,0
            36.2776691,49.944168,0
            36.2760169,49.9442163,0
            36.2730664,49.9444925,0
            36.2642366,49.9455972,0
            36.2632388,49.9457145,0
            36.2619406,49.9461771,0
            36.2604493,49.9467087,0
            36.2603206,49.9467571,0
            36.2603098,49.9477374,0
            36.2601918,49.9499604,0
            36.2601382,49.9525906,0
            36.2600631,49.953557,0
            36.259827,49.9560834,0
            36.2595374,49.9588513,0
            36.2590224,49.9623645,0
            36.2587756,49.9641175,0
            36.2587863,49.9646558,0
            36.2594837,49.9692864,0
            36.2596017,49.9708253,0
            36.2595374,49.9713497,0
            36.2593228,49.9717913,0
            36.2588936,49.9721985,0
            36.2565333,49.9740684,0
            36.2537331,49.9762833,0
            36.2528855,49.9768077,0
            36.24986,49.9781738,0
            36.2435192,49.9809197,0
            36.2405259,49.9822443,0
            36.2389273,49.9829687,0
            36.2386161,49.9832102,0
            36.2385625,49.9834999,0
            36.2384337,49.9837897,0
            36.2381441,49.9839,0
            36.2377793,49.9840587,0
            36.2359983,49.9859213,0
            36.2329513,49.9849969,0
            36.2319428,49.9846934,0
            36.2311381,49.9846175,0
            36.2309128,49.984514,0
          </coordinates>
        </LineString>
      </Placemark>
      <Placemark>
        <name>Станція Рогань</name>
        <description>Троллейбус-59.</description>
        <styleUrl>#icon-1499-F57C00</styleUrl>
        <Point>
          <coordinates>
            36.4295102,49.9040798,0
          </coordinates>
        </Point>
      </Placemark>
      <Placemark>
        <name>Пивзавод Рогань</name>
        <description>Троллейбус – 59.</description>
        <styleUrl>#icon-1879-F57C00</styleUrl>
        <Point>
          <coordinates>
            36.4261768,49.9085015,0
          </coordinates>
        </Point>
      </Placemark>
      <Placemark>
        <name>вул. Горлівська</name>
        <description>Троллейбус-59.</description>
        <styleUrl>#icon-1532-F57C00</styleUrl>
        <Point>
          <coordinates>
            36.42337,49.9119688,0
          </coordinates>
        </Point>
      </Placemark>
      <Placemark>
        <name>вул. Роганська</name>
        <description>Троллейбус-59.</description>
        <styleUrl>#icon-1532-F57C00</styleUrl>
        <Point>
          <coordinates>
            36.4201514,49.9159413,0
          </coordinates>
        </Point>
      </Placemark>
      <Placemark>
        <name>вул. Луї Пастера</name>
        <description>Троллейбус-59.</description>
        <styleUrl>#icon-1532-F57C00</styleUrl>
        <Point>
          <coordinates>
            36.4171001,49.919806,0
          </coordinates>
        </Point>
      </Placemark>
      <Placemark>
        <name>вул. Граківська</name>
        <description>Троллейбус-45, 51, 59.</description>
        <styleUrl>#icon-1532-F57C00</styleUrl>
        <Point>
          <coordinates>
            36.4160766,49.9210869,0
          </coordinates>
        </Point>
      </Placemark>
      <Placemark>
        <name>вул. 92 бригади</name>
        <description>Троллейбус-45, 51, 59.</description>
        <styleUrl>#icon-1532-F57C00</styleUrl>
        <Point>
          <coordinates>
            36.4139245,49.9235189,0
          </coordinates>
        </Point>
      </Placemark>
      <Placemark>
        <name>вул. 92 бригади</name>
        <description>Троллейбус-45, 51, 59.</description>
        <styleUrl>#icon-1532-F57C00</styleUrl>
        <Point>
          <coordinates>
            36.411886,49.924776,0
          </coordinates>
        </Point>
      </Placemark>
      <Placemark>
        <name>Зупинка проїзд 1 Котласький</name>
        <description>Троллейбус-59.</description>
        <styleUrl>#icon-1532-F57C00</styleUrl>
        <Point>
          <coordinates>
            36.4065854,49.9229659,0
          </coordinates>
        </Point>
      </Placemark>
      <Placemark>
        <name>вул. Плиткова</name>
        <description>Троллейбус-59.</description>
        <styleUrl>#icon-1532-F57C00</styleUrl>
        <Point>
          <coordinates>
            36.400243,49.9250726,0
          </coordinates>
        </Point>
      </Placemark>
      <Placemark>
        <name>вул. Пономоренківська</name>
        <description>Троллейбус-59.</description>
        <styleUrl>#icon-1532-F57C00</styleUrl>
        <Point>
          <coordinates>
            36.3949,49.9268477,0
          </coordinates>
        </Point>
      </Placemark>
      <Placemark>
        <name>Остановка бул. Івана Каркача</name>
        <description>Маршрутка-252е. Троллейбус-59.</description>
        <styleUrl>#icon-1532-F57C00</styleUrl>
        <Point>
          <coordinates>
            36.3900986,49.9286202,0
          </coordinates>
        </Point>
      </Placemark>
      <Placemark>
        <name>Остановка пров. Тюленіна</name>
        <description>Троллейбус-59.</description>
        <styleUrl>#icon-1532-F57C00</styleUrl>
        <Point>
          <coordinates>
            36.3827018,49.9313388,0
          </coordinates>
        </Point>
      </Placemark>
      <Placemark>
        <name>вул. Франтішека Крала</name>
        <description>Троллейбус-59.</description>
        <styleUrl>#icon-1532-F57C00</styleUrl>
        <Point>
          <coordinates>
            36.3810174,49.9336661,0
          </coordinates>
        </Point>
      </Placemark>
      <Placemark>
        <name>Остановка пр. Олександрівський</name>
        <description>Троллейбус-59.</description>
        <styleUrl>#icon-1532-F57C00</styleUrl>
        <Point>
          <coordinates>
            36.3831158,49.9382871,0
          </coordinates>
        </Point>
      </Placemark>
      <Placemark>
        <name>Індустріальний</name>
        <description>Троллейбус-59.</description>
        <styleUrl>#icon-1532-F57C00</styleUrl>
        <Point>
          <coordinates>
            36.3795277,49.9394294,0
          </coordinates>
        </Point>
      </Placemark>
      <Placemark>
        <name>Остановка ринок "ХТЗ"</name>
        <description>Автобус 102, ЕП-2. Троллейбус-7, 59.</description>
        <styleUrl>#icon-1578-F57C00</styleUrl>
        <Point>
          <coordinates>
            36.3743065,49.9412322,0
          </coordinates>
        </Point>
      </Placemark>
      <Placemark>
        <name>Архітектора Альошина</name>
        <description>Троллейбус-59.</description>
        <styleUrl>#icon-1532-F57C00</styleUrl>
        <Point>
          <coordinates>
            36.3690465,49.942965,0
          </coordinates>
        </Point>
      </Placemark>
      <Placemark>
        <name>вул. Северина Потоцького</name>
        <description>Троллейбус-3, 7, 59.</description>
        <styleUrl>#icon-1532-F57C00</styleUrl>
        <Point>
          <coordinates>
            36.3622015,49.9452573,0
          </coordinates>
        </Point>
      </Placemark>
      <Placemark>
        <name>вул. Комунальників</name>
        <description>Троллейбус-3, 7, 59.</description>
        <styleUrl>#icon-1532-F57C00</styleUrl>
        <Point>
          <coordinates>
            36.3541325,49.9483436,0
          </coordinates>
        </Point>
      </Placemark>
      <Placemark>
        <name>вул. Осипенко</name>
        <description>Троллейбус-3, 59.</description>
        <styleUrl>#icon-1532-F57C00</styleUrl>
        <Point>
          <coordinates>
            36.3452491,49.9484886,0
          </coordinates>
        </Point>
      </Placemark>
      <Placemark>
        <name>вул. Високовольтна</name>
        <description>Троллейбус-3, 59.</description>
        <styleUrl>#icon-1619-F57C00</styleUrl>
        <Point>
          <coordinates>
            36.3376095,49.9454681,0
          </coordinates>
        </Point>
      </Placemark>
      <Placemark>
        <name>Інфекційна лікарня</name>
        <description>Троллейбус-3, 59.</description>
        <styleUrl>#icon-1624-F57C00</styleUrl>
        <Point>
          <coordinates>
            36.3222962,49.9448405,0
          </coordinates>
        </Point>
      </Placemark>
      <Placemark>
        <name>Торгівельний комплекс</name>
        <description>Троллейбус-3, 59.</description>
        <styleUrl>#icon-1685-F57C00</styleUrl>
        <Point>
          <coordinates>
            36.3166668,49.9446074,0
          </coordinates>
        </Point>
      </Placemark>
      <Placemark>
        <name>Остановка 27 мікрорайон</name>
        <description>Троллейбус-1, 3, 59.</description>
        <styleUrl>#icon-1546-F57C00</styleUrl>
        <Point>
          <coordinates>
            36.3089674,49.9442967,0
          </coordinates>
        </Point>
      </Placemark>
      <Placemark>
        <name>Остановка 28 мікрорайон</name>
        <description>Троллейбус-3, 59.</description>
        <styleUrl>#icon-1546-F57C00</styleUrl>
        <Point>
          <coordinates>
            36.2999979,49.9440468,0
          </coordinates>
        </Point>
      </Placemark>
      <Placemark>
        <name>вул. Павла Чубинського</name>
        <description>Троллейбус-3, 19, 35, 59.</description>
        <styleUrl>#icon-1532-F57C00</styleUrl>
        <Point>
          <coordinates>
            36.290299,49.9441119,0
          </coordinates>
        </Point>
      </Placemark>
      <Placemark>
        <name>вул. Морозова</name>
        <description>Троллейбус-3, 19, 35, 59.</description>
        <styleUrl>#icon-1532-F57C00</styleUrl>
        <Point>
          <coordinates>
            36.280407,49.944174,0
          </coordinates>
        </Point>
      </Placemark>
      <Placemark>
        <name>вул. Миколи Кравченка</name>
        <description>Троллейбус-3, 19, 35, 59.</description>
        <styleUrl>#icon-1532-F57C00</styleUrl>
        <Point>
          <coordinates>
            36.2743817,49.9443742,0
          </coordinates>
        </Point>
      </Placemark>
      <Placemark>
        <name>вул. Манюшка</name>
        <description>Троллейбус-3, 19, 35, 59.</description>
        <styleUrl>#icon-1532-F57C00</styleUrl>
        <Point>
          <coordinates>
            36.2694819,49.9449773,0
          </coordinates>
        </Point>
      </Placemark>
      <Placemark>
        <name>вул. Одеська</name>
        <description>Маршрутка – 259е. Троллейбус-3, 59.</description>
        <styleUrl>#icon-1532-F57C00</styleUrl>
        <Point>
          <coordinates>
            36.2605439,49.9471338,0
          </coordinates>
        </Point>
      </Placemark>
      <Placemark>
        <name>вул. Зернова</name>
        <description>Троллейбус-3, 6, 49, 58, 59.</description>
        <styleUrl>#icon-1532-F57C00</styleUrl>
        <Point>
          <coordinates>
            36.2602801,49.9532047,0
          </coordinates>
        </Point>
      </Placemark>
      <Placemark>
        <name>Остановка Школа</name>
        <description>Троллейбус-3, 6, 49, 58, 59.</description>
        <styleUrl>#icon-1682-F57C00</styleUrl>
        <Point>
          <coordinates>
            36.2599234,49.9574806,0
          </coordinates>
        </Point>
      </Placemark>
      <Placemark>
        <name>вул. Сидоренківська</name>
        <description>Троллейбус-3, 6, 49, 58, 59.</description>
        <styleUrl>#icon-1532-F57C00</styleUrl>
        <Point>
          <coordinates>
            36.2591772,49.962116,0
          </coordinates>
        </Point>
      </Placemark>
      <Placemark>
        <name>Остановка пров. Золотий</name>
        <description>Троллейбус-3, 6, 49, 58, 59.</description>
        <styleUrl>#icon-1532-F57C00</styleUrl>
        <Point>
          <coordinates>
            36.2595482,49.9682656,0
          </coordinates>
        </Point>
      </Placemark>
      <Placemark>
        <name>вул. Дмитра Коцюбайла</name>
        <description>Троллейбус-3, 6, 49, 58, 59.</description>
        <styleUrl>#icon-1532-F57C00</styleUrl>
        <Point>
          <coordinates>
            36.2575388,49.9733581,0
          </coordinates>
        </Point>
      </Placemark>
      <Placemark>
        <name>вул. Молочна</name>
        <description>Троллейбус-3, 6, 49, 58, 59.</description>
        <styleUrl>#icon-1532-F57C00</styleUrl>
        <Point>
          <coordinates>
            36.249709,49.9782708,0
          </coordinates>
        </Point>
      </Placemark>
      <Placemark>
        <name>вул. Вернадського</name>
        <description>Троллейбус-3, 6, 49, 58, 59.</description>
        <styleUrl>#icon-1532-F57C00</styleUrl>
        <Point>
          <coordinates>
            36.2459949,49.9799689,0
          </coordinates>
        </Point>
      </Placemark>
      <Placemark>
        <name>Станція метро Левада</name>
        <description>Троллейбус-3, 6, 49, 58, 59.</description>
        <styleUrl>#icon-1626-F57C00</styleUrl>
        <Point>
          <coordinates>
            36.2410283,49.9820303,0
          </coordinates>
        </Point>
      </Placemark>
      <Placemark>
        <name>вул. Ковальська</name>
        <description>Троллейбус-3, 6, 49, 59.</description>
        <styleUrl>#icon-1532-F57C00</styleUrl>
        <Point>
          <coordinates>
            36.2355173,49.9857578,0
          </coordinates>
        </Point>
      </Placemark>
    <Placemark>
        <name>Лінія маршруту</name>
        <styleUrl>#line-000000-5069-nodesc</styleUrl>
        <LineString>
          <tessellate>1</tessellate>
          <coordinates>
            36.2309039,49.9845575,0
            36.2309146,49.9844298,0
            36.2310595,49.9843367,0
            36.2311024,49.9843402,0
            36.232878,49.9848989,0
            36.2334466,49.984347,0
            36.2364775,49.9852818,0
            36.2377167,49.9839918,0
            36.2377596,49.9838124,0
            36.2378025,49.9836089,0
            36.2378133,49.9834433,0
            36.2380064,49.9832881,0
            36.23828,49.983157,0
            36.2388915,49.9828776,0
            36.2403292,49.9822222,0
            36.2413162,49.98176,0
            36.2462461,49.979673,0
            36.2492985,49.9782966,0
            36.2522435,49.9769512,0
            36.2526888,49.9767476,0
            36.252957,49.9766131,0
            36.2533272,49.9763681,0
            36.2536758,49.9760887,0
            36.2540353,49.9758127,0
            36.255033,49.9750158,0
            36.2562722,49.9740429,0
            36.2579996,49.9726559,0
            36.2586218,49.9721246,0
            36.2588096,49.9719245,0
            36.258933,49.9717037,0
            36.2591851,49.9712586,0
            36.2592817,49.9709757,0
            36.2593246,49.9707238,0
            36.2593514,49.969982,0
            36.2592709,49.9693678,0
            36.2591636,49.9683431,0
            36.2590295,49.9673942,0
            36.2587023,49.9653376,0
            36.2585736,49.9645957,0
            36.2585575,49.9643645,0
            36.2585628,49.9641161,0
            36.2586218,49.9636744,0
            36.2588418,49.9614348,0
            36.2590564,49.9592882,0
            36.259346,49.9568793,0
            36.2597376,49.9540906,0
            36.2599254,49.9526237,0
            36.2599683,49.9507736,0
            36.260038,49.9486956,0
            36.259979,49.9466348,0
            36.2603009,49.9466555,0
            36.2605262,49.9466176,0
            36.262908,49.945689,0
            36.2632674,49.9455923,0
            36.2637824,49.9455371,0
            36.2653864,49.9453472,0
            36.2679023,49.9450641,0
            36.2687391,49.9449468,0
            36.2693239,49.9448639,0
            36.2708098,49.9447051,0
            36.2722045,49.9445394,0
            36.2746078,49.9442184,0
            36.2751818,49.94417,0
            36.2759596,49.9441183,0
            36.2769145,49.9440837,0
            36.2773812,49.9440699,0
            36.2813938,49.944025,0
            36.2858194,49.9439974,0
            36.290406,49.9439525,0
            36.2935764,49.9439111,0
            36.3011134,49.9438524,0
            36.3022077,49.9438731,0
            36.3061559,49.9440423,0
            36.3128937,49.944315,0
            36.3206935,49.9446464,0
            36.3260365,49.9448536,0
            36.3307625,49.94504,0
            36.3375646,49.945254,0
            36.338144,49.9452678,0
            36.3384336,49.9452954,0
            36.3386482,49.9453403,0
            36.3388521,49.9453783,0
            36.3391525,49.9454404,0
            36.3395226,49.9455543,0
            36.339764,49.9456579,0
            36.3429237,49.9471457,0
            36.3460082,49.9487198,0
            36.3461316,49.9487716,0
            36.3468772,49.9489235,0
            36.348154,49.9492617,0
            36.3486797,49.9491754,0
            36.3508576,49.9487923,0
            36.3550151,49.9480432,0
            36.3556481,49.9478983,0
            36.355986,49.9477878,0
            36.3564527,49.9475876,0
            36.3569945,49.9472769,0
            36.3573325,49.9470629,0
            36.3578314,49.946804,0
            36.3583464,49.9465865,0
            36.3588721,49.946369,0
            36.3598216,49.9459859,0
            36.3614631,49.9453438,0
            36.3623482,49.945002,0
            36.3648427,49.9440975,0
            36.3688284,49.9427822,0
            36.3765961,49.9402344,0
            36.3790101,49.9394472,0
            36.3811344,49.9387567,0
            36.3839346,49.9378659,0
            36.3817513,49.9350416,0
            36.3796485,49.9321895,0
            36.3803458,49.9319408,0
            36.382438,49.9312571,0
            36.3834143,49.9309602,0
            36.3840795,49.9306839,0
            36.3854313,49.9299657,0
            36.385957,49.9297585,0
            36.387105,49.9293855,0
            36.3884783,49.9289297,0
            36.3890577,49.9287639,0
            36.3892615,49.9282943,0
            36.3900125,49.9283979,0
            36.3905919,49.9282252,0
            36.3943041,49.9269682,0
            36.4040673,49.9236666,0
            36.4073074,49.9226029,0
            36.4097,49.9218016,0
            36.4124143,49.9250619,0
            36.4131439,49.9241985,0
            36.4151716,49.9217118,0
            36.4162982,49.9203855,0
            36.4166308,49.9198191,0
            36.4176715,49.918396,0
            36.4186692,49.9171802,0
            36.4206648,49.9147554,0
            36.4244735,49.9100573,0
            36.4276493,49.906188,0
            36.4300204,49.903265,0
            36.4302242,49.903341,0
            36.43031,49.9034861,0
            36.4302671,49.9036865,0
            36.430074,49.9037418,0
            36.4298702,49.9037004,0
            36.4296663,49.9038247,0
            36.4293766,49.9042532,0
          </coordinates>
        </LineString>
      </Placemark>
      <Placemark>
        <name>вул. Університетська</name>
        <description>Троллейбус-3, 6, 49, 58, 59.</description>
        <styleUrl>#icon-1499-424242</styleUrl>
        <Point>
          <coordinates>
            36.230979,49.9846057,0
          </coordinates>
        </Point>
      </Placemark>
      <Placemark>
        <name>Остановка пров. Соляніковський</name>
        <description>Троллейбус-3, 6, 49, 58, 59.</description>
        <styleUrl>#icon-1532-000000</styleUrl>
        <Point>
          <coordinates>
            36.2367357,49.9848601,0
          </coordinates>
        </Point>
      </Placemark>
      <Placemark>
        <name>Станція метро Левада</name>
        <description>Троллейбус-3, 6, 49, 58, 59.</description>
        <styleUrl>#icon-1626-000000</styleUrl>
        <Point>
          <coordinates>
            36.2420348,49.9812818,0
          </coordinates>
        </Point>
      </Placemark>
      <Placemark>
        <name>Станція Автовокзал</name>
        <description>Троллейбус-3, 6, 49, 58, 59.</description>
        <styleUrl>#icon-1532-000000</styleUrl>
        <Point>
          <coordinates>
            36.2475403,49.97891,0
          </coordinates>
        </Point>
      </Placemark>
      <Placemark>
        <name>вул. Молочна</name>
        <description>Троллейбус-3, 6, 49, 58, 59.</description>
        <styleUrl>#icon-1532-000000</styleUrl>
        <Point>
          <coordinates>
            36.2513705,49.9771575,0
          </coordinates>
        </Point>
      </Placemark>
      <Placemark>
        <name>вул. Дмитра Коцюбайла</name>
        <description>Троллейбус-3, 6, 49, 58, 59.</description>
        <styleUrl>#icon-1532-000000</styleUrl>
        <Point>
          <coordinates>
            36.2577005,49.9727071,0
          </coordinates>
        </Point>
      </Placemark>
      <Placemark>
        <name>вул. Чугуївська</name>
        <description>Троллейбус-3, 6, 49, 58, 59.</description>
        <styleUrl>#icon-1532-000000</styleUrl>
        <Point>
          <coordinates>
            36.2589086,49.9673441,0
          </coordinates>
        </Point>
      </Placemark>
      <Placemark>
        <name>вул. Сидоренківська</name>
        <description>Троллейбус-3, 6, 49, 58, 59.</description>
        <styleUrl>#icon-1532-000000</styleUrl>
        <Point>
          <coordinates>
            36.2587048,49.9614429,0
          </coordinates>
        </Point>
      </Placemark>
      <Placemark>
        <name>Остановка Школа</name>
        <description>Троллейбус-3, 6, 49, 58, 59.</description>
        <styleUrl>#icon-1682-000000</styleUrl>
        <Point>
          <coordinates>
            36.2593163,49.955997,0
          </coordinates>
        </Point>
      </Placemark>
      <Placemark>
        <name>вул. Зернова</name>
        <description>Троллейбус-3, 6, 49, 58, 59.</description>
        <styleUrl>#icon-1532-000000</styleUrl>
        <Point>
          <coordinates>
            36.259741,49.95123,0
          </coordinates>
        </Point>
      </Placemark>
      <Placemark>
        <name>вул. Одеська</name>
        <description>Автобус-ЕП1, 102. Маршрутка – 259е. Троллейбус-3, 59.</description>
        <styleUrl>#icon-1532-000000</styleUrl>
        <Point>
          <coordinates>
            36.2609152,49.9463156,0
          </coordinates>
        </Point>
      </Placemark>
      <Placemark>
        <name>вул. Манюшка</name>
        <description>Троллейбус-3, 19, 35, 59.</description>
        <styleUrl>#icon-1532-000000</styleUrl>
        <Point>
          <coordinates>
            36.2683395,49.9449072,0
          </coordinates>
        </Point>
      </Placemark>
      <Placemark>
        <name>вул. Миколи Кравченка</name>
        <description>Троллейбус-3, 19, 35, 59.</description>
        <styleUrl>#icon-1532-000000</styleUrl>
        <Point>
          <coordinates>
            36.2751738,49.9440924,0
          </coordinates>
        </Point>
      </Placemark>
      <Placemark>
        <name>вул. Морозова</name>
        <description>Автобус-102е, 107е, 147е, 152е, 225е, 259е. Троллейбус-3, 19, 35, 59.</description>
        <styleUrl>#icon-1532-000000</styleUrl>
        <Point>
          <coordinates>
            36.2806277,49.9439524,0
          </coordinates>
        </Point>
      </Placemark>
      <Placemark>
        <name>вул. Павла Чубинського</name>
        <description>Троллейбус-3, 19, 35, 59.</description>
        <styleUrl>#icon-1532-000000</styleUrl>
        <Point>
          <coordinates>
            36.2908522,49.9439231,0
          </coordinates>
        </Point>
      </Placemark>
      <Placemark>
        <name>Остановка 28 мікрорайон</name>
        <description>Троллейбус-3, 59.</description>
        <styleUrl>#icon-1546-000000</styleUrl>
        <Point>
          <coordinates>
            36.3032029,49.9438538,0
          </coordinates>
        </Point>
      </Placemark>
      <Placemark>
        <name>Остановка 27 мікрорайон</name>
        <description>Троллейбус-1, 3, 59.</description>
        <styleUrl>#icon-1546-000000</styleUrl>
        <Point>
          <coordinates>
            36.3100855,49.9441734,0
          </coordinates>
        </Point>
      </Placemark>
      <Placemark>
        <name>Торгівельний комплекс</name>
        <description>Троллейбус-3, 59.</description>
        <styleUrl>#icon-1685-000000</styleUrl>
        <Point>
          <coordinates>
            36.3171326,49.9444544,0
          </coordinates>
        </Point>
      </Placemark>
      <Placemark>
        <name>Інфекційна лікарня</name>
        <description>Троллейбус-1, 3, 59.</description>
        <styleUrl>#icon-1624-000000</styleUrl>
        <Point>
          <coordinates>
            36.3232477,49.9446957,0
          </coordinates>
        </Point>
      </Placemark>
      <Placemark>
        <name>вул. Високовольтна</name>
        <description>Троллейбус-3, 59.</description>
        <styleUrl>#icon-1619-000000</styleUrl>
        <Point>
          <coordinates>
            36.3389225,49.9453032,0
          </coordinates>
        </Point>
      </Placemark>
      <Placemark>
        <name>вул. Осипенко</name>
        <description>Троллейбус-3, 59.</description>
        <styleUrl>#icon-1532-000000</styleUrl>
        <Point>
          <coordinates>
            36.3475185,49.9489693,0
          </coordinates>
        </Point>
      </Placemark>
      <Placemark>
        <name>вул. Комунальників</name>
        <description>Троллейбус-3, 7, 59.</description>
        <styleUrl>#icon-1532-000000</styleUrl>
        <Point>
          <coordinates>
            36.3555084,49.9478966,0
          </coordinates>
        </Point>
      </Placemark>
      <Placemark>
        <name>вул. Северина Потоцького</name>
        <description>Троллейбус-3, 7, 59.</description>
        <styleUrl>#icon-1532-000000</styleUrl>
        <Point>
          <coordinates>
            36.3637508,49.9443669,0
          </coordinates>
        </Point>
      </Placemark>
      <Placemark>
        <name>вул. Бекетова</name>
        <description>Троллейбус-3, 7, 59.</description>
        <styleUrl>#icon-1532-000000</styleUrl>
        <Point>
          <coordinates>
            36.3710034,49.9419848,0
          </coordinates>
        </Point>
      </Placemark>
      <Placemark>
        <name>Індустріальний</name>
        <description>Троллейбус-59.</description>
        <styleUrl>#icon-1532-000000</styleUrl>
        <Point>
          <coordinates>
            36.3793004,49.9392753,0
          </coordinates>
        </Point>
      </Placemark>
      <Placemark>
        <name>Остановка пр. Олександрівський</name>
        <description>Троллейбус-59.</description>
        <styleUrl>#icon-1532-000000</styleUrl>
        <Point>
          <coordinates>
            36.3833518,49.9380039,0
          </coordinates>
        </Point>
      </Placemark>
      <Placemark>
        <name>вул. Франтішека Крала</name>
        <description>Троллейбус-59.</description>
        <styleUrl>#icon-1532-000000</styleUrl>
        <Point>
          <coordinates>
            36.3814194,49.9347179,0
          </coordinates>
        </Point>
      </Placemark>
      <Placemark>
        <name>Остановка бул. Івана Каркача</name>
        <description>Маршрутка-252е. Троллейбус-59.</description>
        <styleUrl>#icon-1532-000000</styleUrl>
        <Point>
          <coordinates>
            36.389788,49.9283505,0
          </coordinates>
        </Point>
      </Placemark>
      <Placemark>
        <name>Зупинка ул. Пономаренковская</name>
        <description>Троллейбус-59.</description>
        <styleUrl>#icon-1532-000000</styleUrl>
        <Point>
          <coordinates>
            36.3956122,49.9264803,0
          </coordinates>
        </Point>
      </Placemark>
      <Placemark>
        <name>вул. Плиткова</name>
        <description>Троллейбус-59.</description>
        <styleUrl>#icon-1532-000000</styleUrl>
        <Point>
          <coordinates>
            36.4007195,49.9247604,0
          </coordinates>
        </Point>
      </Placemark>
      <Placemark>
        <name>Зупинка проїзд 1 Котласький</name>
        <description>Троллейбус-59.</description>
        <styleUrl>#icon-1532-000000</styleUrl>
        <Point>
          <coordinates>
            36.406693,49.9227705,0
          </coordinates>
        </Point>
      </Placemark>
      <Placemark>
        <name>Остановка пров. Тюленіна</name>
        <description>Троллейбус-59.</description>
        <styleUrl>#icon-1532-000000</styleUrl>
        <Point>
          <coordinates>
            36.3828429,49.931114,0
          </coordinates>
        </Point>
      </Placemark>
      <Placemark>
        <name>вул. 92 бригади</name>
        <description>Троллейбус-45, 51, 59.</description>
        <styleUrl>#icon-1532-000000</styleUrl>
        <Point>
          <coordinates>
            36.4141231,49.92286,0
          </coordinates>
        </Point>
      </Placemark>
      <Placemark>
        <name>вул. Граківська</name>
        <description>Троллейбус-45, 51, 59.</description>
        <styleUrl>#icon-1532-000000</styleUrl>
        <Point>
          <coordinates>
            36.4154907,49.921229,0
          </coordinates>
        </Point>
      </Placemark>
      <Placemark>
        <name>вул. Луї Пастера</name>
        <description>Троллейбус-45, 59.</description>
        <styleUrl>#icon-1532-000000</styleUrl>
        <Point>
          <coordinates>
            36.4171701,49.9188676,0
          </coordinates>
        </Point>
      </Placemark>
      <Placemark>
        <name>вул. Роганська</name>
        <description>Троллейбус-59.</description>
        <styleUrl>#icon-1532-000000</styleUrl>
        <Point>
          <coordinates>
            36.4209872,49.9143791,0
          </coordinates>
        </Point>
      </Placemark>
      <Placemark>
        <name>вул. Горлівська</name>
        <description>Троллейбус-59.</description>
        <styleUrl>#icon-1532-000000</styleUrl>
        <Point>
          <coordinates>
            36.4239552,49.9106211,0
          </coordinates>
        </Point>
      </Placemark>
      <Placemark>
        <name>Пивзавод Рогань</name>
        <description>Троллейбус-59.</description>
        <styleUrl>#icon-1879-000000</styleUrl>
        <Point>
          <coordinates>
            36.4270883,49.906876,0
          </coordinates>
        </Point>
      </Placemark>
    </Folder><Folder><name>Тролейбус №6</name><Placemark>
        <name>Лінія маршруту</name>
        <styleUrl>#line-F57C00-5263-nodesc</styleUrl>
        <LineString>
          <tessellate>1</tessellate>
          <coordinates>
            36.231007,49.9846127,0
            36.2309212,49.9845644,0
            36.2309158,49.984492,0
            36.2309748,49.9843644,0
            36.2310768,49.9843471,0
            36.2328578,49.9849231,0
            36.2334747,49.9843609,0
            36.2364573,49.9852888,0
            36.2371815,49.9845851,0
            36.2377823,49.9839608,0
            36.2377823,49.9837366,0
            36.2378145,49.9834296,0
            36.2379969,49.9833089,0
            36.2382651,49.9831605,0
            36.2388176,49.9828984,0
            36.2415159,49.9816704,0
            36.2444985,49.980363,0
            36.2469662,49.9793626,0
            36.2483073,49.9787451,0
            36.2500507,49.9779413,0
            36.2516869,49.9772065,0
            36.2527168,49.9767374,0
            36.2530816,49.9765338,0
            36.2532586,49.9764027,0
            36.2534839,49.9762544,0
            36.2536824,49.9760922,0
            36.2546695,49.9753263,0
            36.2551255,49.9749503,0
            36.2559569,49.9743017,0
            36.256606,49.9737704,0
            36.2578291,49.9727975,0
            36.2585533,49.9721971,0
            36.2587625,49.9719763,0
            36.2589074,49.9717693,0
            36.2590683,49.9714726,0
            36.2591488,49.971307,0
            36.2592507,49.9710758,0
            36.2593204,49.970748,0
            36.2593419,49.9704341,0
            36.2593419,49.9700304,0
            36.2591434,49.9681637,0
            36.2588591,49.9662521,0
            36.2585801,49.9645992,0
            36.2585694,49.964337,0
            36.2585962,49.9638263,0
            36.2586982,49.9631327,0
            36.2588859,49.9610483,0
            36.258961,49.9599854,0
            36.2591005,49.9589328,0
            36.2592882,49.9574109,0
            36.2594009,49.9564583,0
            36.2594867,49.9558854,0
            36.2596798,49.9545911,0
            36.2597818,49.9538422,0
            36.2599212,49.9528205,0
            36.259932,49.9525202,0
            36.2599534,49.9517022,0
            36.2599803,49.9508565,0
            36.2600071,49.9495103,0
            36.2600178,49.9487889,0
            36.2600178,49.9478603,0
            36.259991,49.9468834,0
            36.2599856,49.9457305,0
            36.2599695,49.9449123,0
            36.2599963,49.9439215,0
            36.2600285,49.9435349,0
            36.2600714,49.9432415,0
            36.2601466,49.9425579,0
            36.2602109,49.9421609,0
            36.2602968,49.9416983,0
            36.2604791,49.9403587,0
            36.2606401,49.9393955,0
            36.2608117,49.9383287,0
            36.2609834,49.9371824,0
            36.261198,49.9357219,0
            36.261316,49.935052,0
            36.2615467,49.9335707,0
            36.2617612,49.9323691,0
            36.2618042,49.9321481,0
            36.2618954,49.9318995,0
            36.262126,49.931454,0
            36.262464,49.930981,0
            36.2618739,49.930905,0
            36.2610156,49.9308325,0
            36.2592239,49.9306874,0
            36.2565309,49.9304872,0
            36.253087,49.930204,0
            36.2525505,49.9301557,0
            36.2522394,49.9301349,0
            36.2519658,49.9301487,0
            36.2516922,49.9301867,0
            36.2514455,49.9302731,0
            36.2510753,49.9305079,0
            36.2501473,49.9314955,0
            36.2495786,49.9321377,0
            36.2494123,49.9323069,0
            36.2491173,49.9324865,0
            36.2487203,49.9326074,0
            36.2462473,49.9333877,0
            36.2459577,49.9334568,0
            36.2458182,49.933443,0
            36.2455553,49.9333946,0
            36.2453193,49.9333739,0
            36.2451637,49.9333946,0
            36.2439406,49.9346377,0
            36.2419183,49.9368371,0
            36.2412531,49.9366817,0
            36.2405986,49.9366265,0
            36.240443,49.9366196,0
          </coordinates>
        </LineString>
      </Placemark>
      <Placemark>
        <name>вул. Університетська</name>
        <description>Троллейбус-3, 5, 6, 49, 59.</description>
        <styleUrl>#icon-1499-F57C00</styleUrl>
        <Point>
          <coordinates>
            36.2310781,49.9846107,0
          </coordinates>
        </Point>
      </Placemark>
      <Placemark>
        <name>Остановка пров. Соляніковський</name>
        <description>Маршрутне таксі-259е. Тролейбус-6, 49, 58, 59.</description>
        <styleUrl>#icon-1532-F57C00</styleUrl>
        <Point>
          <coordinates>
            36.2353697,49.9849349,0
          </coordinates>
        </Point>
      </Placemark>
      <Placemark>
        <name>Станція метро Левада</name>
        <description>Маршрутка-259э. Тролейбус-6, 49, 58, 59.</description>
        <styleUrl>#icon-1626-F57C00</styleUrl>
        <Point>
          <coordinates>
            36.2445045,49.9802262,0
          </coordinates>
        </Point>
      </Placemark>
      <Placemark>
        <name>Станція Автовокзал</name>
        <description>Маршрутка-259э. Тролейбус-6, 49, 58, 59.</description>
        <styleUrl>#icon-1532-F57C00</styleUrl>
        <Point>
          <coordinates>
            36.2475286,49.9789681,0
          </coordinates>
        </Point>
      </Placemark>
      <Placemark>
        <name>вул. Молочна</name>
        <description>Маршрутка-259е. Троллейбус-6, 49, 58, 59.</description>
        <styleUrl>#icon-1532-F57C00</styleUrl>
        <Point>
          <coordinates>
            36.2513373,49.9771742,0
          </coordinates>
        </Point>
      </Placemark>
      <Placemark>
        <name>вул. Дмитра Коцюбайла</name>
        <description>Маршрутка-259е. Троллейбус-6, 49, 58.</description>
        <styleUrl>#icon-1532-F57C00</styleUrl>
        <Point>
          <coordinates>
            36.2577341,49.9726918,0
          </coordinates>
        </Point>
      </Placemark>
      <Placemark>
        <name>вул. Чугуївська</name>
        <description>Маршрутка-259е. Троллейбус-6, 49, 58.</description>
        <styleUrl>#icon-1532-F57C00</styleUrl>
        <Point>
          <coordinates>
            36.2588803,49.9673302,0
          </coordinates>
        </Point>
      </Placemark>
      <Placemark>
        <name>вул. Сидоренківська</name>
        <description>Маршрутка-259е. Троллейбус-6, 49, 58.</description>
        <styleUrl>#icon-1532-F57C00</styleUrl>
        <Point>
          <coordinates>
            36.258655,49.9614864,0
          </coordinates>
        </Point>
      </Placemark>
      <Placemark>
        <name>Остановка Школа</name>
        <description>Маршрутка-259е. Троллейбус-6, 49, 58.</description>
        <styleUrl>#icon-1682-F57C00</styleUrl>
        <Point>
          <coordinates>
            36.2592951,49.9558767,0
          </coordinates>
        </Point>
      </Placemark>
      <Placemark>
        <name>вул. Зернова</name>
        <description>Маршрутка-259е. Троллейбус-6, 49, 58.</description>
        <styleUrl>#icon-1532-F57C00</styleUrl>
        <Point>
          <coordinates>
            36.259853,49.9512034,0
          </coordinates>
        </Point>
      </Placemark>
      <Placemark>
        <name>вул. Одеська</name>
        <description>Маршрутка-259е. Троллейбус-6, 49, 58.</description>
        <styleUrl>#icon-1532-F57C00</styleUrl>
        <Point>
          <coordinates>
            36.259617,49.946143,0
          </coordinates>
        </Point>
      </Placemark>
      <Placemark>
        <name>вул. Пільчикова</name>
        <description>Маршрутка-259е. Троллейбус-6, 49, 58.</description>
        <styleUrl>#icon-1532-F57C00</styleUrl>
        <Point>
          <coordinates>
            36.2603788,49.940136,0
          </coordinates>
        </Point>
      </Placemark>
      <Placemark>
        <name>вул. Льговська</name>
        <description>Маршрутка-259е. Троллейбус-6, 49, 58.</description>
        <styleUrl>#icon-1532-F57C00</styleUrl>
        <Point>
          <coordinates>
            36.2611177,49.9353716,0
          </coordinates>
        </Point>
      </Placemark>
      <Placemark>
        <name>вул. Південнопроектна</name>
        <description>Автобус-79е, 102е, 225е. Троллейбус-6.</description>
        <styleUrl>#icon-1532-F57C00</styleUrl>
        <Point>
          <coordinates>
            36.2610876,49.930915,0
          </coordinates>
        </Point>
      </Placemark>
      <Placemark>
        <name>вул. Лисичанська</name>
        <description>Маршрутка-259е. Троллейбус-6.</description>
        <styleUrl>#icon-1532-F57C00</styleUrl>
        <Point>
          <coordinates>
            36.2563558,49.9304861,0
          </coordinates>
        </Point>
      </Placemark>
      <Placemark>
        <name>вул. Деповська</name>
        <description>Маршрутка-259е. Троллейбус-6.</description>
        <styleUrl>#icon-1532-F57C00</styleUrl>
        <Point>
          <coordinates>
            36.2504027,49.9312118,0
          </coordinates>
        </Point>
      </Placemark>
      <Placemark>
        <name>вул. Алексєєва</name>
        <description>Маршрутка-259е. Троллейбус-6.</description>
        <styleUrl>#icon-1532-F57C00</styleUrl>
        <Point>
          <coordinates>
            36.2440284,49.9346891,0
          </coordinates>
        </Point>
      </Placemark>
    <Placemark>
        <name>Лінія маршруту</name>
        <styleUrl>#line-000000-5456-nodesc</styleUrl>
        <LineString>
          <tessellate>1</tessellate>
          <coordinates>
            36.240443,49.9366196,0
            36.2403311,49.9365629,0
            36.2402291,49.9364731,0
            36.2402238,49.9363764,0
            36.2403096,49.9362487,0
            36.2404598,49.9361485,0
            36.240669,49.9361244,0
            36.240846,49.9361831,0
            36.241007,49.9363281,0
            36.2413288,49.9366423,0
            36.2418599,49.9367735,0
            36.2424071,49.93619,0
            36.2432761,49.9352266,0
            36.244526,49.9339215,0
            36.2448479,49.9335555,0
            36.2449766,49.9334001,0
            36.2451322,49.9333137,0
            36.245261,49.933293,0
            36.2454112,49.9333068,0
            36.2457062,49.9333448,0
            36.2459261,49.9333828,0
            36.2460442,49.933369,0
            36.247632,49.9328649,0
            36.2486835,49.9325472,0
            36.2490429,49.9324263,0
            36.2492628,49.9322917,0
            36.2494613,49.9321225,0
            36.250207,49.9312868,0
            36.2509419,49.9305168,0
            36.2511565,49.9303234,0
            36.2513174,49.9302198,0
            36.2514622,49.930168,0
            36.2516232,49.9301196,0
            36.2518056,49.9300748,0
            36.2522186,49.9300575,0
            36.2525941,49.930092,0
            36.2544288,49.9302371,0
            36.2587256,49.9305789,0
            36.2621428,49.9308414,0
            36.2627865,49.9309898,0
            36.2626792,49.9311521,0
            36.2624003,49.9315596,0
            36.2621803,49.9319636,0
            36.2621213,49.9321743,0
            36.2620462,49.9323883,0
            36.2619228,49.9330962,0
            36.261837,49.9336038,0
            36.26166,49.9346811,0
            36.2614293,49.9361416,0
            36.261204,49.9375849,0
            36.2608768,49.9398083,0
            36.2604637,49.9421801,0
            36.2602974,49.9432676,0
            36.2602706,49.9435887,0
            36.2602652,49.9441617,0
            36.2602652,49.9448694,0
            36.2603028,49.9455702,0
            36.2603672,49.9457359,0
            36.2603511,49.9471892,0
            36.2603028,49.9487426,0
            36.2602545,49.9491257,0
            36.2602116,49.9499403,0
            36.260174,49.9517525,0
            36.2601579,49.9526395,0
            36.2600614,49.9537268,0
            36.2599058,49.9552178,0
            36.2597234,49.9568537,0
            36.2595303,49.9590349,0
            36.2592675,49.9606465,0
            36.2589778,49.9626308,0
            36.2587525,49.9644528,0
            36.2587739,49.9647013,0
            36.258967,49.9658469,0
            36.2593157,49.9679,0
            36.2595518,49.9700048,0
            36.2596108,49.9706362,0
            36.2595947,49.9709846,0
            36.259541,49.971409,0
            36.2593962,49.9716885,0
            36.2589992,49.9721094,0
            36.2585486,49.9724544,0
            36.2570144,49.9736827,0
            36.2551744,49.9751213,0
            36.2537314,49.9762701,0
            36.2530501,49.9767428,0
            36.2525458,49.9769739,0
            36.2515051,49.9774327,0
            36.2497617,49.9782331,0
            36.2469561,49.9795129,0
            36.2442793,49.9805685,0
            36.2413771,49.9818517,0
            36.2388558,49.9830107,0
            36.2386091,49.9831798,0
            36.2385393,49.9833246,0
            36.2385501,49.9834764,0
            36.2384964,49.9836834,0
            36.2383623,49.9837938,0
            36.2381263,49.9838765,0
            36.2378527,49.9839938,0
            36.2378044,49.9840525,0
            36.2359376,49.9858909,0
            36.2330086,49.985001,0
            36.2319465,49.9847009,0
            36.2316836,49.9846871,0
            36.2313135,49.9846423,0
            36.231007,49.9846127,0
          </coordinates>
        </LineString>
      </Placemark>
      <Placemark>
        <name>Станція Основа</name>
        <description>Троллейбус-6.</description>
        <styleUrl>#icon-1499-000000</styleUrl>
        <Point>
          <coordinates>
            36.2405782,49.9367409,0
          </coordinates>
        </Point>
      </Placemark>
      <Placemark>
        <name>вул. Алексєєва</name>
        <description>Троллейбус-6.</description>
        <styleUrl>#icon-1532-000000</styleUrl>
        <Point>
          <coordinates>
            36.2440799,49.934316,0
          </coordinates>
        </Point>
      </Placemark>
      <Placemark>
        <name>вул. Деповська</name>
        <description>Маршрутка-259е. Троллейбус-6.</description>
        <styleUrl>#icon-1532-000000</styleUrl>
        <Point>
          <coordinates>
            36.2500991,49.9312672,0
          </coordinates>
        </Point>
      </Placemark>
      <Placemark>
        <name>вул. Естакадна</name>
        <description>Маршрутка-259е. Троллейбус-6.</description>
        <styleUrl>#icon-1532-000000</styleUrl>
        <Point>
          <coordinates>
            36.2538468,49.9301122,0
          </coordinates>
        </Point>
      </Placemark>
      <Placemark>
        <name>вул. Південнопроектна</name>
        <description>Маршрутка-259е. Троллейбус-6, 49.</description>
        <styleUrl>#icon-1532-000000</styleUrl>
        <Point>
          <coordinates>
            36.2625549,49.9315222,0
          </coordinates>
        </Point>
      </Placemark>
      <Placemark>
        <name>вул. Льговська</name>
        <description>Маршрутка-259е. Троллейбус-6, 49, 58.</description>
        <styleUrl>#icon-1532-000000</styleUrl>
        <Point>
          <coordinates>
            36.2615234,49.9365219,0
          </coordinates>
        </Point>
      </Placemark>
      <Placemark>
        <name>вул. Пільчикова</name>
        <description>Маршрутка-259е. Троллейбус-6, 49, 58.</description>
        <styleUrl>#icon-1532-000000</styleUrl>
        <Point>
          <coordinates>
            36.2608756,49.9405203,0
          </coordinates>
        </Point>
      </Placemark>
      <Placemark>
        <name>вул. Одеська</name>
        <description>Маршрутка-259е. Троллейбус-6, 49, 58.</description>
        <styleUrl>#icon-1532-000000</styleUrl>
        <Point>
          <coordinates>
            36.2605874,49.9471189,0
          </coordinates>
        </Point>
      </Placemark>
      <Placemark>
        <name>вул. Зернова</name>
        <description>Маршрутка-259е. Троллейбус-6, 49, 58.</description>
        <styleUrl>#icon-1532-000000</styleUrl>
        <Point>
          <coordinates>
            36.2603024,49.953196,0
          </coordinates>
        </Point>
      </Placemark>
      <Placemark>
        <name>Остановка Школа</name>
        <description>Маршрутка-259е. Троллейбус-6, 49, 58.</description>
        <styleUrl>#icon-1682-000000</styleUrl>
        <Point>
          <coordinates>
            36.2599133,49.9574513,0
          </coordinates>
        </Point>
      </Placemark>
      <Placemark>
        <name>вул. Сидоренківська</name>
        <description>Маршрутка-259е. Троллейбус-6, 49, 58.</description>
        <styleUrl>#icon-1532-000000</styleUrl>
        <Point>
          <coordinates>
            36.2592172,49.9621265,0
          </coordinates>
        </Point>
      </Placemark>
      <Placemark>
        <name>Остановка пров. Золотий</name>
        <description>Маршрутка-259е. Троллейбус-6, 49, 58.</description>
        <styleUrl>#icon-1532-000000</styleUrl>
        <Point>
          <coordinates>
            36.2595479,49.9683057,0
          </coordinates>
        </Point>
      </Placemark>
      <Placemark>
        <name>вул. Дмитра Коцюбайла</name>
        <description>Маршрутка-259е. Троллейбус-6, 49, 58.</description>
        <styleUrl>#icon-1532-000000</styleUrl>
        <Point>
          <coordinates>
            36.2575589,49.9733427,0
          </coordinates>
        </Point>
      </Placemark>
      <Placemark>
        <name>вул. Молочна</name>
        <description>Маршрутка-259е. Троллейбус-6, 49, 58, 59.</description>
        <styleUrl>#icon-1532-000000</styleUrl>
        <Point>
          <coordinates>
            36.2497054,49.9783175,0
          </coordinates>
        </Point>
      </Placemark>
      <Placemark>
        <name>Станція Автовокзал</name>
        <description>Маршрутка-259е. Троллейбус-6, 49, 58, 59.</description>
        <styleUrl>#icon-1532-000000</styleUrl>
        <Point>
          <coordinates>
            36.2459674,49.9799982,0
          </coordinates>
        </Point>
      </Placemark>
      <Placemark>
        <name>Станція метро Левада</name>
        <description>Маршрутка-259е. Троллейбус-6, 49, 58, 59.</description>
        <styleUrl>#icon-1626-000000</styleUrl>
        <Point>
          <coordinates>
            36.2410082,49.9820641,0
          </coordinates>
        </Point>
      </Placemark>
      <Placemark>
        <name>вул. Ковальська</name>
        <description>Троллейбус-3, 5, 6, 49, 59.</description>
        <styleUrl>#icon-1532-000000</styleUrl>
        <Point>
          <coordinates>
            36.2355735,49.9857627,0
          </coordinates>
        </Point>
      </Placemark>
    </Folder><Folder><name>Тролейбус №7</name><Placemark>
        <name>Лінія маршруту</name>
        <styleUrl>#line-F57C00-5263-nodesc</styleUrl>
        <LineString>
          <tessellate>1</tessellate>
          <coordinates>
            36.3908988,49.9463978,0
            36.3862532,49.9407637,0
            36.3840002,49.9379119,0
            36.3801807,49.9391825,0
            36.3754171,49.940674,0
            36.3720804,49.9417994,0
            36.3686794,49.9429456,0
            36.3659221,49.9438639,0
            36.3638514,49.9445336,0
            36.361652,49.9453828,0
            36.3600963,49.9460111,0
            36.3583797,49.9466946,0
            36.3577038,49.9469846,0
            36.3571781,49.9472815,0
            36.356706,49.9475645,0
            36.3561374,49.9478338,0
            36.3557619,49.947958,0
            36.3547963,49.948179,0
            36.3469428,49.9495459,0
            36.3473397,49.9504848,0
            36.3487881,49.9537017,0
            36.347844,49.9536948,0
            36.3393682,49.9533565,0
            36.3395935,49.9538397,0
            36.3408595,49.9568563,0
            36.3428765,49.9616671,0
            36.3447219,49.9613358,0
          </coordinates>
        </LineString>
      </Placemark>
      <Placemark>
        <name>Зупинка 12 Квітня</name>
        <description>Троллейбус-3, 7.</description>
        <styleUrl>#icon-1499-F57C00</styleUrl>
        <Point>
          <coordinates>
            36.3907501,49.9464296,0
          </coordinates>
        </Point>
      </Placemark>
      <Placemark>
        <name>вул. Бібліка</name>
        <description>Троллейбус-3, 7.</description>
        <styleUrl>#icon-1532-F57C00</styleUrl>
        <Point>
          <coordinates>
            36.3883584,49.9435084,0
          </coordinates>
        </Point>
      </Placemark>
      <Placemark>
        <name>Остановка пр. Олександрівський</name>
        <description>Троллейбус-3, 7, 59.</description>
        <styleUrl>#icon-1532-F57C00</styleUrl>
        <Point>
          <coordinates>
            36.3831825,49.9382823,0
          </coordinates>
        </Point>
      </Placemark>
      <Placemark>
        <name>Остановка ринок ХТЗ</name>
        <description>Троллейбус-7, 59.</description>
        <styleUrl>#icon-1578-F57C00</styleUrl>
        <Point>
          <coordinates>
            36.3740122,49.9412763,0
          </coordinates>
        </Point>
      </Placemark>
      <Placemark>
        <name>Архітектора Альошина</name>
        <description>Троллейбус-3, 7, 59.</description>
        <styleUrl>#icon-1532-F57C00</styleUrl>
        <Point>
          <coordinates>
            36.3690205,49.9429439,0
          </coordinates>
        </Point>
      </Placemark>
      <Placemark>
        <name>вул. Северина Потоцького</name>
        <description>Троллейбус-3, 7, 59.</description>
        <styleUrl>#icon-1532-F57C00</styleUrl>
        <Point>
          <coordinates>
            36.3622327,49.9452413,0
          </coordinates>
        </Point>
      </Placemark>
      <Placemark>
        <name>вул. Комунальників</name>
        <description>Троллейбус-3, 7, 59.</description>
        <styleUrl>#icon-1532-F57C00</styleUrl>
        <Point>
          <coordinates>
            36.3541534,49.9483613,0
          </coordinates>
        </Point>
      </Placemark>
      <Placemark>
        <name>вул. Осипенко</name>
        <description>Троллейбус-7.</description>
        <styleUrl>#icon-1532-F57C00</styleUrl>
        <Point>
          <coordinates>
            36.3472085,49.9498502,0
          </coordinates>
        </Point>
      </Placemark>
      <Placemark>
        <name>вул. Пилипова</name>
        <description>Троллейбус-7.</description>
        <styleUrl>#icon-1532-F57C00</styleUrl>
        <Point>
          <coordinates>
            36.3482745,49.9523116,0
          </coordinates>
        </Point>
      </Placemark>
      <Placemark>
        <name>вул. Танкопія</name>
        <description>Троллейбус-7.</description>
        <styleUrl>#icon-1532-F57C00</styleUrl>
        <Point>
          <coordinates>
            36.3460966,49.9536915,0
          </coordinates>
        </Point>
      </Placemark>
      <Placemark>
        <name>вул. Ощепкова</name>
        <description>Троллейбус-7.</description>
        <styleUrl>#icon-1532-F57C00</styleUrl>
        <Point>
          <coordinates>
            36.3398102,49.9541479,0
          </coordinates>
        </Point>
      </Placemark>
      <Placemark>
        <name>вул. Бригади Хартія</name>
        <description>Троллейбус-7.</description>
        <styleUrl>#icon-1532-F57C00</styleUrl>
        <Point>
          <coordinates>
            36.3410103,49.9570617,0
          </coordinates>
        </Point>
      </Placemark>
    <Placemark>
        <name>Лінія маршруту</name>
        <styleUrl>#line-000000-5456-nodesc</styleUrl>
        <LineString>
          <tessellate>1</tessellate>
          <coordinates>
            36.3447219,49.9613358,0
            36.3464749,49.9609223,0
            36.3492966,49.9604046,0
            36.3511312,49.9600526,0
            36.3507771,49.9592037,0
            36.3501227,49.9576437,0
            36.3492966,49.9557041,0
            36.3488889,49.9547377,0
            36.3479555,49.9526668,0
            36.346668,49.9496846,0
            36.3465929,49.9495327,0
            36.3470971,49.949443,0
            36.3488352,49.9491392,0
            36.3506269,49.9488078,0
            36.3521504,49.9485317,0
            36.3550258,49.9480346,0
            36.3555515,49.9479103,0
            36.355927,49.947793,0
            36.3563347,49.9476342,0
            36.3567424,49.9473994,0
            36.3574827,49.9469645,0
            36.3578367,49.9467919,0
            36.3588238,49.9463984,0
            36.3598966,49.9459634,0
            36.3613129,49.9453973,0
            36.3632977,49.944624,0
            36.3641667,49.9443409,0
            36.3661408,49.9436781,0
            36.367954,49.9430429,0
            36.3723421,49.9416136,0
            36.3770521,49.9401015,0
            36.3787365,49.9421591,0
            36.3800025,49.9436643,0
            36.3804102,49.9440164,0
            36.3814509,49.9453627,0
            36.3831782,49.9475168,0
            36.3842833,49.9490011,0
            36.3848412,49.9496086,0
            36.3860857,49.9491806,0
            36.3900983,49.9478137,0
            36.3903558,49.9471509,0
            36.3904846,49.946785,0
            36.3906991,49.94664,0
            36.3910532,49.9465779,0
            36.3908988,49.9463978,0
          </coordinates>
        </LineString>
      </Placemark>
      <Placemark>
        <name>Станція метро Армійська</name>
        <description>Троллейбус-7.</description>
        <styleUrl>#icon-1499-000000</styleUrl>
        <Point>
          <coordinates>
            36.3446366,49.9612237,0
          </coordinates>
        </Point>
      </Placemark>
      <Placemark>
        <name>Остановка бул. Богдана Хмельницького</name>
        <description>Троллейбус-7.</description>
        <styleUrl>#icon-1532-000000</styleUrl>
        <Point>
          <coordinates>
            36.3502957,49.9581273,0
          </coordinates>
        </Point>
      </Placemark>
      <Placemark>
        <name>Спорткомплекс ХТЗ</name>
        <description>Троллейбус-7.</description>
        <styleUrl>#icon-1680-000000</styleUrl>
        <Point>
          <coordinates>
            36.3489439,49.9551247,0
          </coordinates>
        </Point>
      </Placemark>
      <Placemark>
        <name>вул. Філіпова</name>
        <description>Троллейбус-7.</description>
        <styleUrl>#icon-1532-000000</styleUrl>
        <Point>
          <coordinates>
            36.3480316,49.9531407,0
          </coordinates>
        </Point>
      </Placemark>
      <Placemark>
        <name>вул. Осипенко</name>
        <description>Троллейбус-7.</description>
        <styleUrl>#icon-1532-000000</styleUrl>
        <Point>
          <coordinates>
            36.3466943,49.9499288,0
          </coordinates>
        </Point>
      </Placemark>
      <Placemark>
        <name>вул. Комунальників</name>
        <description>Троллейбус-3, 7, 59.</description>
        <styleUrl>#icon-1532-000000</styleUrl>
        <Point>
          <coordinates>
            36.355496,49.9478653,0
          </coordinates>
        </Point>
      </Placemark>
      <Placemark>
        <name>вул. Северина Потоцького</name>
        <description>Троллейбус-3, 7, 59.</description>
        <styleUrl>#icon-1532-000000</styleUrl>
        <Point>
          <coordinates>
            36.3636656,49.9444056,0
          </coordinates>
        </Point>
      </Placemark>
      <Placemark>
        <name>вул. Бекетова</name>
        <description>Троллейбус-3, 7, 59.</description>
        <styleUrl>#icon-1532-000000</styleUrl>
        <Point>
          <coordinates>
            36.3710164,49.941993,0
          </coordinates>
        </Point>
      </Placemark>
      <Placemark>
        <name>Олександрівський сквер</name>
        <description>Троллейбус-3, 7.</description>
        <styleUrl>#icon-1720-000000</styleUrl>
        <Point>
          <coordinates>
            36.3777815,49.9406506,0
          </coordinates>
        </Point>
      </Placemark>
      <Placemark>
        <name>вул. Бібліка</name>
        <description>Троллейбус-3, 7.</description>
        <styleUrl>#icon-1532-000000</styleUrl>
        <Point>
          <coordinates>
            36.3808182,49.9444746,0
          </coordinates>
        </Point>
      </Placemark>
      <Placemark>
        <name>вул. Миру</name>
        <description>Троллейбус-3, 7.</description>
        <styleUrl>#icon-1532-000000</styleUrl>
        <Point>
          <coordinates>
            36.383174,49.9472884,0
          </coordinates>
        </Point>
      </Placemark>
      <Placemark>
        <name>Індустріальний</name>
        <description>Троллейбус-3, 7.</description>
        <styleUrl>#icon-1532-000000</styleUrl>
        <Point>
          <coordinates>
            36.3858563,49.9491593,0
          </coordinates>
        </Point>
      </Placemark>
      <Placemark>
        <name>вул. 12 Квітня</name>
        <description>Троллейбус-3, 7.</description>
        <styleUrl>#icon-1532-000000</styleUrl>
        <Point>
          <coordinates>
            36.3902229,49.947316,0
          </coordinates>
        </Point>
      </Placemark>
    </Folder></Document></kml>