<?xml version='1.0' encoding='utf-8'?>
<kml xmlns="http://www.opengis.net/kml/2.2"><Document><name>Харків — Усі трамвайні маршрути (Перекладено)</name><Folder><name>Трамвай №???</name><Placemark>
        <name>Лінія маршруту</name>
        <styleUrl>#line-F57C00-3519-nodesc</styleUrl>
        <LineString>
          <tessellate>1</tessellate>
          <coordinates>
            36.3714369,50.0270136,0
            36.3711902,50.0271859,0
            36.3709434,50.02731,0
            36.3706752,50.0273031,0
            36.3704606,50.0271997,0
            36.3698276,50.0267035,0
            36.3665339,50.0238981,0
            36.3628002,50.02081,0
            36.3584443,50.0171702,0
            36.3543459,50.0137644,0
            36.3515886,50.0114823,0
            36.3504299,50.0104826,0
            36.3502046,50.0103171,0
            36.3500007,50.0102275,0
            36.3498934,50.0101103,0
            36.348209,50.0087451,0
            36.3457306,50.0067248,0
            36.345044,50.0060904,0
            36.3447758,50.0059318,0
            36.3444217,50.005849,0
            36.3438853,50.0056904,0
            36.343381,50.0054974,0
            36.3431664,50.005325,0
            36.3428446,50.0050629,0
            36.3425549,50.0048078,0
            36.3423618,50.0046009,0
            36.342233,50.0043734,0
            36.3421794,50.0041458,0
            36.3421687,50.0036769,0
            36.3420614,50.0032976,0
            36.3418575,50.0027391,0
            36.3414176,50.0018426,0
            36.3411172,50.0012702,0
            36.3409027,50.0006702,0
            36.3406988,50.0001875,0
            36.3406237,49.9996634,0
            36.3405915,49.9992565,0
            36.3405808,49.9987737,0
            36.3406023,49.997953,0
            36.340613,49.9963668,0
            36.3405915,49.9936562,0
            36.3406023,49.9919181,0
            36.3404628,49.9894349,0
            36.3405379,49.9893038,0
            36.341482,49.9889796,0
            36.3421365,49.9887451,0
            36.34263,49.9887244,0
            36.342909,49.9887589,0
            36.3452264,49.9890417,0
            36.3576718,49.9905799,0
            36.3592919,49.99078,0
            36.3598391,49.9908696,0
            36.3602575,49.9909386,0
            36.3603755,49.9910903,0
            36.3604613,49.9913318,0
            36.3603326,49.9914352,0
            36.3600322,49.9914421,0
            36.3596889,49.9913111,0
            36.359485,49.9912076,0
            36.3591846,49.9909524,0
          </coordinates>
        </LineString>
      </Placemark>
      <Placemark>
        <name>Зупинка Салтовская</name>
        <description>Трамвай-16, 23, 27.</description>
        <styleUrl>#icon-1499-F57C00</styleUrl>
        <Point>
          <coordinates>
            36.3715634,50.0270576,0
          </coordinates>
        </Point>
      </Placemark>
      <Placemark>
        <name>вул. Бучми</name>
        <description>Трамвай-16, 23, 27.</description>
        <styleUrl>#icon-1718-F57C00</styleUrl>
        <Point>
          <coordinates>
            36.3681268,50.0254341,0
          </coordinates>
        </Point>
      </Placemark>
      <Placemark>
        <name>Остановка 11 поліклініка</name>
        <description>Трамвай-16, 23, 27.</description>
        <styleUrl>#icon-1624-F57C00</styleUrl>
        <Point>
          <coordinates>
            36.3649923,50.0229423,0
          </coordinates>
        </Point>
      </Placemark>
      <Placemark>
        <name>Регіональний центр послуг</name>
        <description>Трамвай-23.</description>
        <styleUrl>#icon-1548-F57C00</styleUrl>
        <Point>
          <coordinates>
            36.3592846,50.0183581,0
          </coordinates>
        </Point>
      </Placemark>
      <Placemark>
        <name>Остановка 606 мікрорайон</name>
        <description>Трамвай-23.</description>
        <styleUrl>#icon-1546-F57C00</styleUrl>
        <Point>
          <coordinates>
            36.3566261,50.0158062,0
          </coordinates>
        </Point>
      </Placemark>
      <Placemark>
        <name>вул. Валентинівська</name>
        <description>Трамвай-23.</description>
        <styleUrl>#icon-1718-F57C00</styleUrl>
        <Point>
          <coordinates>
            36.3505442,50.0107539,0
          </coordinates>
        </Point>
      </Placemark>
      <Placemark>
        <name>Зупинка Сади</name>
        <description>Трамвай-23.</description>
        <styleUrl>#icon-1582-F57C00</styleUrl>
        <Point>
          <coordinates>
            36.3463062,50.0073339,0
          </coordinates>
        </Point>
      </Placemark>
      <Placemark>
        <name>Зупинка Вул. Зубенко</name>
        <description>Трамвай-23.</description>
        <styleUrl>#icon-1718-F57C00</styleUrl>
        <Point>
          <coordinates>
            36.341825,50.0029103,0
          </coordinates>
        </Point>
      </Placemark>
      <Placemark>
        <name>вул. Василя Стуса</name>
        <description>Трамвай-23.</description>
        <styleUrl>#icon-1718-F57C00</styleUrl>
        <Point>
          <coordinates>
            36.340679,50.0005788,0
          </coordinates>
        </Point>
      </Placemark>
      <Placemark>
        <name>Остановка пр. Ювілейний</name>
        <description>Трамвай-23.</description>
        <styleUrl>#icon-1718-F57C00</styleUrl>
        <Point>
          <coordinates>
            36.3403678,49.9970896,0
          </coordinates>
        </Point>
      </Placemark>
      <Placemark>
        <name>Парк Перемоги</name>
        <description>Трамвай-23.</description>
        <styleUrl>#icon-1720-F57C00</styleUrl>
        <Point>
          <coordinates>
            36.3402769,49.9932214,0
          </coordinates>
        </Point>
      </Placemark>
      <Placemark>
        <name>Остановка ш. Салтівське</name>
        <description>Трамвай-23.</description>
        <styleUrl>#icon-1718-F57C00</styleUrl>
        <Point>
          <coordinates>
            36.3412963,49.9891048,0
          </coordinates>
        </Point>
      </Placemark>
      <Placemark>
        <name>вул. Руслана Плоходько</name>
        <description>Трамвай-6, 8, 23.</description>
        <styleUrl>#icon-1718-F57C00</styleUrl>
        <Point>
          <coordinates>
            36.3511813,49.9897275,0
          </coordinates>
        </Point>
      </Placemark>
      <Placemark>
        <name>Остановка 602 м/p</name>
        <description>Трамвай-6, 8, 23.</description>
        <styleUrl>#icon-1546-F57C00</styleUrl>
        <Point>
          <coordinates>
            36.3573534,49.9904595,0
          </coordinates>
        </Point>
      </Placemark>
    <Placemark>
        <name>Лінія маршруту</name>
        <styleUrl>#line-000000-3519-nodesc</styleUrl>
        <LineString>
          <tessellate>1</tessellate>
          <coordinates>
            36.3591846,49.9909524,0
            36.3590088,49.9907635,0
            36.3537249,49.9901151,0
            36.3483337,49.9894529,0
            36.3445035,49.988977,0
            36.3430551,49.9888011,0
            36.3426581,49.9887493,0
            36.3425454,49.9887597,0
            36.342288,49.98877,0
            36.3421109,49.9887838,0
            36.3418642,49.9888631,0
            36.3408396,49.9892253,0
            36.340566,49.9893288,0
            36.3404962,49.9894288,0
            36.3405016,49.9895564,0
            36.3405606,49.9905566,0
            36.3406357,49.9919119,0
            36.3406411,49.9922534,0
            36.3406357,49.9938122,0
            36.3406518,49.9956365,0
            36.3406518,49.9979779,0
            36.340625,49.9991331,0
            36.3406572,49.9995745,0
            36.3407054,49.99994,0
            36.3407215,50.0001193,0
            36.3407913,50.0002883,0
            36.3410756,50.0010641,0
            36.3411882,50.0013468,0
            36.3413867,50.0017227,0
            36.3419285,50.0027985,0
            36.3420412,50.0031226,0
            36.3421324,50.0033984,0
            36.3422075,50.0036639,0
            36.3422128,50.0039501,0
            36.3422289,50.0041845,0
            36.3422719,50.0043362,0
            36.3423523,50.0045017,0
            36.3424864,50.0046707,0
            36.3426313,50.004812,0
            36.3429907,50.0051292,0
            36.3432643,50.0053637,0
            36.3434198,50.0054809,0
            36.3435969,50.0055499,0
            36.3439134,50.0056636,0
            36.3442138,50.0057498,0
            36.3445303,50.0058533,0
            36.3448253,50.0059119,0
            36.3449648,50.0059912,0
            36.3451257,50.0061118,0
            36.3455602,50.0065256,0
            36.3457909,50.0067255,0
            36.3459572,50.00686,0
            36.346145,50.007022,0
            36.3473037,50.0079633,0
            36.3492188,50.0095284,0
            36.3499644,50.0101317,0
            36.3500395,50.010211,0
            36.3502046,50.0103171,0
            36.3503185,50.0103662,0
            36.3504687,50.010473,0
            36.3520029,50.0117727,0
            36.3542721,50.0136618,0
            36.3568148,50.0157783,0
            36.3593897,50.0179155,0
            36.3612673,50.0194838,0
            36.3617501,50.0198905,0
            36.3626996,50.0206729,0
            36.3630375,50.0209521,0
            36.3633165,50.0211899,0
            36.3650599,50.0226306,0
            36.3667765,50.024054,0
            36.3681284,50.025212,0
            36.3698289,50.0266319,0
            36.3699683,50.0266732,0
            36.3702151,50.0266974,0
            36.3703868,50.0266767,0
            36.3706067,50.0265733,0
            36.3709125,50.0264423,0
            36.3714221,50.0261839,0
            36.3718352,50.0259736,0
            36.3721141,50.025953,0
            36.372318,50.0260253,0
            36.3724628,50.0261356,0
            36.3725325,50.0262528,0
            36.3725433,50.0263803,0
            36.3724735,50.0265044,0
            36.3723609,50.0265698,0
            36.3719639,50.0267801,0
            36.3715777,50.0269765,0
            36.3714114,50.0270385,0
          </coordinates>
        </LineString>
      </Placemark>
      <Placemark>
        <name>Остановка 602 м/р</name>
        <description>Трамвай-6, 8, 23.</description>
        <styleUrl>#icon-1499-000000</styleUrl>
        <Point>
          <coordinates>
            36.3593383,49.9910872,0
          </coordinates>
        </Point>
      </Placemark>
      <Placemark>
        <name>вул. Руслана Плоходько</name>
        <description>Трамвай-6, 8, 23.</description>
        <styleUrl>#icon-1718-000000</styleUrl>
        <Point>
          <coordinates>
            36.3515032,49.9899344,0
          </coordinates>
        </Point>
      </Placemark>
      <Placemark>
        <name>Тракторобудівників</name>
        <description>Трамвай-23.</description>
        <styleUrl>#icon-1883-000000</styleUrl>
        <Point>
          <coordinates>
            36.3416009,49.9890698,0
          </coordinates>
        </Point>
      </Placemark>
      <Placemark>
        <name>Парк Перемоги</name>
        <description>Трамвай-23.</description>
        <styleUrl>#icon-1720-000000</styleUrl>
        <Point>
          <coordinates>
            36.3406048,49.9924359,0
          </coordinates>
        </Point>
      </Placemark>
      <Placemark>
        <name>Остановка пр. Ювілейний</name>
        <description>Трамвай-23.</description>
        <styleUrl>#icon-1718-000000</styleUrl>
        <Point>
          <coordinates>
            36.3405668,49.9959684,0
          </coordinates>
        </Point>
      </Placemark>
      <Placemark>
        <name>вул. Василя Стуса</name>
        <description>Трамвай-23.</description>
        <styleUrl>#icon-1718-000000</styleUrl>
        <Point>
          <coordinates>
            36.3407638,50.0001931,0
          </coordinates>
        </Point>
      </Placemark>
      <Placemark>
        <name>вул. Владислава Зубенка</name>
        <description>Трамвай-23.</description>
        <styleUrl>#icon-1718-000000</styleUrl>
        <Point>
          <coordinates>
            36.3417724,50.0025767,0
          </coordinates>
        </Point>
      </Placemark>
      <Placemark>
        <name>Зупинка Сади</name>
        <description>Трамвай-23.</description>
        <styleUrl>#icon-1582-000000</styleUrl>
        <Point>
          <coordinates>
            36.3460345,50.0069293,0
          </coordinates>
        </Point>
      </Placemark>
      <Placemark>
        <name>вул. Валентинівська</name>
        <description>Трамвай-23.</description>
        <styleUrl>#icon-1718-000000</styleUrl>
        <Point>
          <coordinates>
            36.3508555,50.0106966,0
          </coordinates>
        </Point>
      </Placemark>
      <Placemark>
        <name>Остановка 606 м/р</name>
        <description>Трамвай-23.</description>
        <styleUrl>#icon-1546-000000</styleUrl>
        <Point>
          <coordinates>
            36.3563853,50.0154271,0
          </coordinates>
        </Point>
      </Placemark>
      <Placemark>
        <name>Регіональний центр послуг</name>
        <description>Трамвай-23.</description>
        <styleUrl>#icon-1548-000000</styleUrl>
        <Point>
          <coordinates>
            36.3594241,50.0181916,0
          </coordinates>
        </Point>
      </Placemark>
      <Placemark>
        <name>Поліклініка 11</name>
        <description>Трамвай-23.</description>
        <styleUrl>#icon-1624-000000</styleUrl>
        <Point>
          <coordinates>
            36.364822,50.0225206,0
          </coordinates>
        </Point>
      </Placemark>
      <Placemark>
        <name>вул. Бучми</name>
        <description>Трамвай-23.</description>
        <styleUrl>#icon-1718-000000</styleUrl>
        <Point>
          <coordinates>
            36.3678535,50.0250423,0
          </coordinates>
        </Point>
      </Placemark>
    </Folder><Folder><name>Трамвай №???</name><Placemark>
        <name>Лінія маршруту</name>
        <styleUrl>#line-F57C00-3713-nodesc</styleUrl>
        <LineString>
          <tessellate>1</tessellate>
          <coordinates>
            36.3592594,49.9910117,0
            36.359121,49.9908729,0
            36.3590191,49.9907866,0
            36.358944,49.9907625,0
            36.3578765,49.990628,0
            36.3544593,49.9901969,0
            36.3496045,49.9895795,0
            36.3456509,49.9891139,0
            36.3415472,49.9886,0
            36.3398413,49.9883689,0
            36.3391224,49.9882448,0
            36.3388167,49.9881861,0
            36.3369069,49.987724,0
            36.3334523,49.986841,0
            36.3326798,49.986672,0
            36.3317625,49.9865064,0
            36.3311724,49.9864202,0
            36.3306467,49.9863512,0
            36.3302765,49.9863236,0
            36.3294021,49.9862822,0
            36.3290588,49.986296,0
            36.3280825,49.9864133,0
            36.3262478,49.9866375,0
            36.3254432,49.9867341,0
            36.322187,49.9871238,0
            36.316388,49.9878516,0
            36.3121394,49.9883931,0
            36.3080035,49.9889104,0
            36.3040016,49.989414,0
            36.3030575,49.9895209,0
            36.302285,49.9895795,0
            36.3010995,49.9896313,0
            36.2997637,49.9896175,0
            36.2933854,49.9895037,0
            36.2930743,49.9895037,0
            36.2929241,49.989483,0
            36.2927739,49.9894864,0
            36.292688,49.9895106,0
            36.2925271,49.9895864,0
            36.2918029,49.9906107,0
            36.2911002,49.9915764,0
            36.2909714,49.991635,0
            36.2908534,49.9916799,0
            36.2907569,49.9916971,0
            36.2906067,49.9916971,0
            36.2904672,49.9916592,0
            36.2899307,49.9914074,0
            36.2867496,49.990021,0
            36.2834344,49.9885586,0
            36.2820987,49.9879654,0
            36.2793146,49.9867272,0
            36.2783114,49.9862753,0
            36.2781129,49.9861408,0
            36.2779305,49.9859753,0
            36.2778866,49.9858693,0
            36.277378,49.9856786,0
            36.2755326,49.9848922,0
            36.2753771,49.9848715,0
            36.2752966,49.9848922,0
            36.2749586,49.9850785,0
            36.2734244,49.9860098,0
            36.2726305,49.9864823,0
            36.2721638,49.9867341,0
            36.2719385,49.9868169,0
            36.2697766,49.987586,0
            36.269385,49.9877309,0
            36.2686984,49.9879861,0
            36.2679634,49.9883172,0
            36.267132,49.9887449,0
            36.2655655,49.9895761,0
            36.265072,49.9898451,0
            36.2645356,49.9901555,0
            36.2641654,49.9903831,0
            36.263983,49.9904624,0
            36.2637738,49.9905418,0
            36.2635646,49.9906176,0
            36.263334,49.9906797,0
            36.2631462,49.9907211,0
            36.262996,49.9907315,0
            36.2623898,49.9907246,0
            36.2601046,49.9906176,0
            36.2583236,49.9905383,0
            36.2569288,49.9904866,0
            36.2556843,49.9904211,0
            36.2545792,49.990359,0
            36.2536887,49.990221,0
            36.2530235,49.9900658,0
            36.2515698,49.9897589,0
            36.2504647,49.9895312,0
            36.2502394,49.9895002,0
            36.2495045,49.9894726,0
            36.2489627,49.9894519,0
            36.2480615,49.9894347,0
            36.2462536,49.9893864,0
            36.2451378,49.9893795,0
            36.2438128,49.9893416,0
            36.2435285,49.989314,0
            36.2429223,49.989176,0
            36.2414847,49.9888449,0
            36.2402938,49.988569,0
            36.2401114,49.9885759,0
            36.2397681,49.9886207,0
            36.2387435,49.988838,0
            36.2361471,49.9892829,0
            36.2344197,49.9895623,0
            36.2335722,49.9896899,0
            36.2332288,49.9897382,0
            36.233084,49.9897451,0
            36.232966,49.9897175,0
            36.2328426,49.9896761,0
            36.2328094,49.9896115,0
            36.2327621,49.9895381,0
            36.2327836,49.9891553,0
            36.232789,49.988531,0
            36.2327192,49.9884138,0
            36.2325529,49.9883345,0
            36.2320862,49.9881758,0
            36.2308309,49.9878033,0
            36.2305413,49.9877205,0
            36.2302033,49.9876653,0
            36.2293665,49.9876205,0
            36.2291572,49.9875929,0
            36.2289105,49.9876171,0
            36.2285618,49.9877171,0
            36.2283579,49.9877861,0
            36.2282292,49.9879344,0
            36.2281112,49.9883172,0
            36.2280575,49.988469,0
            36.2279771,49.9885586,0
            36.2278591,49.9886207,0
            36.2276659,49.9886414,0
            36.2249301,49.9883965,0
            36.2211213,49.9880861,0
            36.2174682,49.9877792,0
            36.214625,49.9875446,0
            36.2129567,49.9874067,0
            36.2123398,49.9873687,0
            36.211916,49.9873618,0
            36.2114976,49.9873653,0
            36.2112937,49.9873687,0
            36.2104086,49.9872928,0
            36.2083165,49.9870962,0
            36.2081395,49.9871238,0
            36.2079839,49.9871721,0
            36.2078927,49.9872445,0
            36.2078498,49.9873894,0
            36.207839,49.9876033,0
            36.2077586,49.987993,0
            36.2076781,49.9880758,0
            36.2075762,49.9881206,0
            36.20697,49.988093,0
            36.2061868,49.9880413,0
            36.2059079,49.9879827,0
            36.2056879,49.9878654,0
            36.2056826,49.9876964,0
            36.2057094,49.9876136,0
            36.205762,49.9875766,0
          </coordinates>
        </LineString>
      </Placemark>
      <Placemark>
        <name>Остановка 602 м/р</name>
        <description>Трамвай – 6. 8, 23.</description>
        <styleUrl>#icon-1499-F57C00</styleUrl>
        <Point>
          <coordinates>
            36.3592184,49.9911163,0
          </coordinates>
        </Point>
      </Placemark>
      <Placemark>
        <name>вул. Руслана Плоходько</name>
        <description>Трамвай – 6, 8, 23.</description>
        <styleUrl>#icon-1718-F57C00</styleUrl>
        <Point>
          <coordinates>
            36.3514449,49.9898537,0
          </coordinates>
        </Point>
      </Placemark>
      <Placemark>
        <name>Тракторобудівників</name>
        <description>Трамвай – 6, 8.</description>
        <styleUrl>#icon-1883-F57C00</styleUrl>
        <Point>
          <coordinates>
            36.3406481,49.9885092,0
          </coordinates>
        </Point>
      </Placemark>
      <Placemark>
        <name>вул. Марії Занковецької</name>
        <description>Трамвай – 6, 8.</description>
        <styleUrl>#icon-1718-F57C00</styleUrl>
        <Point>
          <coordinates>
            36.3335636,49.9869338,0
          </coordinates>
        </Point>
      </Placemark>
      <Placemark>
        <name>вул. Балканська</name>
        <description>Трамвай – 6, 8.</description>
        <styleUrl>#icon-1718-F57C00</styleUrl>
        <Point>
          <coordinates>
            36.3268069,49.9865423,0
          </coordinates>
        </Point>
      </Placemark>
      <Placemark>
        <name>вул. Каунаська</name>
        <description>Трамвай – 6, 8.</description>
        <styleUrl>#icon-1718-F57C00</styleUrl>
        <Point>
          <coordinates>
            36.3193967,49.9875065,0
          </coordinates>
        </Point>
      </Placemark>
      <Placemark>
        <name>Остановка пр. Льва Ландау</name>
        <description>Трамвай – 6, 8.</description>
        <styleUrl>#icon-1718-F57C00</styleUrl>
        <Point>
          <coordinates>
            36.3129158,49.9884135,0
          </coordinates>
        </Point>
      </Placemark>
      <Placemark>
        <name>вул. Самсонівська</name>
        <description>Трамвай – 6, 8.</description>
        <styleUrl>#icon-1718-F57C00</styleUrl>
        <Point>
          <coordinates>
            36.3042148,49.9893925,0
          </coordinates>
        </Point>
      </Placemark>
      <Placemark>
        <name>вул. Михайлика</name>
        <description>Трамвай – 6, 8.</description>
        <styleUrl>#icon-1718-F57C00</styleUrl>
        <Point>
          <coordinates>
            36.3016186,49.9895998,0
          </coordinates>
        </Point>
      </Placemark>
      <Placemark>
        <name>вул. Халтуріна</name>
        <description>Трамвай – 6, 8.</description>
        <styleUrl>#icon-1718-F57C00</styleUrl>
        <Point>
          <coordinates>
            36.294409,49.9895363,0
          </coordinates>
        </Point>
      </Placemark>
      <Placemark>
        <name>Остановка пров. Салтівський</name>
        <description>Трамвай – 6, 8.</description>
        <styleUrl>#icon-1718-F57C00</styleUrl>
        <Point>
          <coordinates>
            36.291216,49.9915581,0
          </coordinates>
        </Point>
      </Placemark>
      <Placemark>
        <name>Сабурова Дача</name>
        <description>Трамвай – 6, 8, 16, 27.</description>
        <styleUrl>#icon-1718-F57C00</styleUrl>
        <Point>
          <coordinates>
            36.2864677,49.9899498,0
          </coordinates>
        </Point>
      </Placemark>
      <Placemark>
        <name>Остановка пров. Конюшений</name>
        <description>Трамвай – 6, 8, 16, 27.</description>
        <styleUrl>#icon-1601-F57C00</styleUrl>
        <Point>
          <coordinates>
            36.2786716,49.9864867,0
          </coordinates>
        </Point>
      </Placemark>
      <Placemark>
        <name>Універмаг Харків</name>
        <description>Трамвай – 6, 8, 27.</description>
        <styleUrl>#icon-1684-F57C00</styleUrl>
        <Point>
          <coordinates>
            36.2678196,49.9884915,0
          </coordinates>
        </Point>
      </Placemark>
      <Placemark>
        <name>вул. Ігоря Малицького</name>
        <description>Трамвай – 6.</description>
        <styleUrl>#icon-1718-F57C00</styleUrl>
        <Point>
          <coordinates>
            36.2579813,49.9906141,0
          </coordinates>
        </Point>
      </Placemark>
      <Placemark>
        <name>вул. Богдана Хмельницького</name>
        <description>Трамвай – 6.</description>
        <styleUrl>#icon-1718-F57C00</styleUrl>
        <Point>
          <coordinates>
            36.2518883,49.9900217,0
          </coordinates>
        </Point>
      </Placemark>
      <Placemark>
        <name>Остановка пл. Небесної Сотні</name>
        <description>Трамвай – 6.</description>
        <styleUrl>#icon-1718-F57C00</styleUrl>
        <Point>
          <coordinates>
            36.2462157,49.9895019,0
          </coordinates>
        </Point>
      </Placemark>
      <Placemark>
        <name>Остановка пров. Короленка</name>
        <styleUrl>#icon-1718-F57C00-nodesc</styleUrl>
        <Point>
          <coordinates>
            36.2357122,49.9894295,0
          </coordinates>
        </Point>
      </Placemark>
      <Placemark>
        <name>Остановка пл. Сергіївська</name>
        <description>Трамвай – 3, 6.</description>
        <styleUrl>#icon-1718-F57C00</styleUrl>
        <Point>
          <coordinates>
            36.2281943,49.9881911,0
          </coordinates>
        </Point>
      </Placemark>
      <Placemark>
        <name>Лопанська наб.</name>
        <description>Трамвай – 3, 6.</description>
        <styleUrl>#icon-1718-F57C00</styleUrl>
        <Point>
          <coordinates>
            36.2258906,49.9884955,0
          </coordinates>
        </Point>
      </Placemark>
      <Placemark>
        <name>Дитячий театр</name>
        <description>Трамвай – 3, 6.</description>
        <styleUrl>#icon-1709-F57C00</styleUrl>
        <Point>
          <coordinates>
            36.2208948,49.9881092,0
          </coordinates>
        </Point>
      </Placemark>
      <Placemark>
        <name>вул. Дмитрівська</name>
        <description>Трамвай – 3, 6.</description>
        <styleUrl>#icon-1718-F57C00</styleUrl>
        <Point>
          <coordinates>
            36.216227,49.987724,0
          </coordinates>
        </Point>
      </Placemark>
      <Placemark>
        <name>вул. Конєва</name>
        <description>Трамвай – 3, 6.</description>
        <styleUrl>#icon-1718-F57C00</styleUrl>
        <Point>
          <coordinates>
            36.2127257,49.9874049,0
          </coordinates>
        </Point>
      </Placemark>
    <Placemark>
        <name>Лінія маршруту</name>
        <styleUrl>#line-000000-3519-nodesc</styleUrl>
        <LineString>
          <tessellate>1</tessellate>
          <coordinates>
            36.205762,49.9875766,0
            36.2059283,49.9874973,0
            36.2061804,49.9874421,0
            36.2063252,49.9874904,0
            36.2064754,49.9875559,0
            36.206572,49.9876318,0
            36.2066471,49.9877421,0
            36.2067544,49.9879249,0
            36.206926,49.9880319,0
            36.2071514,49.9880939,0
            36.2074518,49.9881146,0
            36.2076932,49.9880422,0
            36.2077629,49.9878594,0
            36.2078219,49.9875386,0
            36.2078058,49.9874421,0
            36.2078595,49.9872213,0
            36.2079775,49.987142,0
            36.2081384,49.9870972,0
            36.2083208,49.9870696,0
            36.2085783,49.9871041,0
            36.2096297,49.9871972,0
            36.2105846,49.9872834,0
            36.2112176,49.9873386,0
            36.2116628,49.987342,0
            36.2121188,49.9873455,0
            36.2126928,49.9873593,0
            36.2131863,49.9874076,0
            36.2144201,49.987511,0
            36.2155091,49.9875973,0
            36.2179285,49.9877939,0
            36.2209111,49.9880422,0
            36.2225419,49.9881836,0
            36.2260717,49.9884699,0
            36.2269943,49.9885458,0
            36.2276166,49.9886147,0
            36.2278795,49.9885871,0
            36.227976,49.9885078,0
            36.2280404,49.9884147,0
            36.2280887,49.9882698,0
            36.2281316,49.9881353,0
            36.228196,49.9879111,0
            36.2282496,49.9878249,0
            36.2283462,49.9877594,0
            36.2286466,49.9876594,0
            36.2288558,49.9875973,0
            36.2291186,49.9875662,0
            36.2295156,49.9876076,0
            36.229816,49.9876214,0
            36.230213,49.9876421,0
            36.2305295,49.9876973,0
            36.2310445,49.9878491,0
            36.231597,49.9880181,0
            36.2320369,49.9881422,0
            36.2324499,49.9882664,0
            36.2326538,49.9883354,0
            36.2327665,49.9884078,0
            36.2328255,49.9885044,0
            36.2328362,49.9886872,0
            36.2328255,49.9890148,0
            36.2328255,49.9894149,0
            36.2328094,49.9896115,0
            36.2329274,49.9896874,0
            36.2331259,49.9897253,0
            36.233378,49.9897012,0
            36.2337106,49.9896494,0
            36.2341719,49.989577,0
            36.2357813,49.989308,0
            36.2369024,49.989139,0
            36.238737,49.9888148,0
            36.2394773,49.9886527,0
            36.2398207,49.9885837,0
            36.240223,49.9885389,0
            36.240577,49.9886009,0
            36.2410974,49.988732,0
            36.2417036,49.9888665,0
            36.2426906,49.9890941,0
            36.2432861,49.9892287,0
            36.2437367,49.9893114,0
            36.2442141,49.9893321,0
            36.2449383,49.9893494,0
            36.2470143,49.9893804,0
            36.2500774,49.9894632,0
            36.2503886,49.9894873,0
            36.2520944,49.9898426,0
            36.2527865,49.989984,0
            36.2534624,49.9901288,0
            36.2538486,49.9902116,0
            36.2541168,49.9902702,0
            36.2544226,49.9903116,0
            36.2546372,49.9903427,0
            36.2556511,49.9903909,0
            36.2562626,49.990422,0
            36.2576091,49.9904772,0
            36.2584835,49.9905254,0
            36.2594437,49.9905668,0
            36.2611764,49.9906393,0
            36.2623995,49.9907013,0
            36.2630379,49.9907082,0
            36.2634187,49.9906324,0
            36.2636655,49.9905599,0
            36.264041,49.9904151,0
            36.2645453,49.9901185,0
            36.2652051,49.9897425,0
            36.2660634,49.9892838,0
            36.2669324,49.9888217,0
            36.2675547,49.9885078,0
            36.2681233,49.9882112,0
            36.2687671,49.9879284,0
            36.2695342,49.987649,0
            36.2704569,49.9873179,0
            36.2720984,49.9867316,0
            36.2725222,49.9865143,0
            36.2737399,49.9857934,0
            36.2748986,49.9850828,0
            36.2753277,49.9848483,0
            36.2755423,49.984869,0
            36.2767976,49.9854002,0
            36.2778866,49.9858693,0
            36.27801,49.9860072,0
            36.2781709,49.9861452,0
            36.2784123,49.9862935,0
            36.2791043,49.9866039,0
            36.2800377,49.9870109,0
            36.2816792,49.9877456,0
            36.284061,49.9888113,0
            36.2862872,49.9897908,0
            36.2889641,49.9909462,0
            36.2901389,49.9914601,0
            36.2905359,49.9916532,0
            36.29067,49.9916774,0
            36.290906,49.9916394,0
            36.2910938,49.9915429,0
            36.2912332,49.9913739,0
            36.2917804,49.9905841,0
            36.2922418,49.9899012,0
            36.2925261,49.9895391,0
            36.2927406,49.9894597,0
            36.2929338,49.9894597,0
            36.2931269,49.9894839,0
            36.2943446,49.9894839,0
            36.2958198,49.9895115,0
            36.3002347,49.9896046,0
            36.3014364,49.9896046,0
            36.302182,49.9895632,0
            36.3032174,49.9894873,0
            36.3044834,49.9893356,0
            36.3050305,49.9892597,0
            36.3058352,49.9891631,0
            36.3075894,49.9889389,0
            36.3113176,49.9884802,0
            36.3141608,49.9881146,0
            36.3182485,49.9876007,0
            36.3220357,49.9871282,0
            36.325646,49.9866867,0
            36.3284999,49.9863383,0
            36.3291865,49.986259,0
            36.3300073,49.9862763,0
            36.3307046,49.9863418,0
            36.3314771,49.9864384,0
            36.3327592,49.9866591,0
            36.3339769,49.9869454,0
            36.3370776,49.9877421,0
            36.3390356,49.9882147,0
            36.3398241,49.9883388,0
            36.3410258,49.9885078,0
            36.3443893,49.9889458,0
            36.3475865,49.9893114,0
            36.3518029,49.9898322,0
            36.356486,49.9904358,0
            36.3596028,49.9908186,0
            36.3599193,49.99086,0
            36.3601231,49.9908945,0
            36.3603001,49.9909703,0
            36.3604181,49.9910704,0
            36.3604396,49.9911876,0
            36.3604289,49.9912807,0
            36.360386,49.9913601,0
            36.3603001,49.9914083,0
            36.360166,49.9914359,0
            36.3600158,49.9914359,0
            36.3598173,49.9913842,0
            36.3597208,49.9913152,0
            36.3596081,49.9912325,0
            36.3595223,49.9911773,0
            36.3593935,49.991098,0
            36.3593131,49.9910531,0
            36.3592594,49.9910117,0
          </coordinates>
        </LineString>
      </Placemark>
      <Placemark>
        <name>Станція залізничного вокзалу</name>
        <description>Трамвай – 3, 6.</description>
        <styleUrl>#icon-1499-000000</styleUrl>
        <Point>
          <coordinates>
            36.205709,49.9875428,0
          </coordinates>
        </Point>
      </Placemark>
      <Placemark>
        <name>вул. Конєва</name>
        <description>Трамвай – 3, 6.</description>
        <styleUrl>#icon-1718-000000</styleUrl>
        <Point>
          <coordinates>
            36.2128437,49.9873014,0
          </coordinates>
        </Point>
      </Placemark>
      <Placemark>
        <name>вул. Дмитрівська</name>
        <description>Трамвай – 3, 6.</description>
        <styleUrl>#icon-1718-000000</styleUrl>
        <Point>
          <coordinates>
            36.2158515,49.9874826,0
          </coordinates>
        </Point>
      </Placemark>
      <Placemark>
        <name>Дитячий театр</name>
        <description>Трамвай – 3, 6.</description>
        <styleUrl>#icon-1709-000000</styleUrl>
        <Point>
          <coordinates>
            36.2199614,49.9878609,0
          </coordinates>
        </Point>
      </Placemark>
      <Placemark>
        <name>Лопанська набережна.</name>
        <description>Трамвай – 3, 6.</description>
        <styleUrl>#icon-1718-000000</styleUrl>
        <Point>
          <coordinates>
            36.2255044,49.9883816,0
          </coordinates>
        </Point>
      </Placemark>
      <Placemark>
        <name>Остановка пров. Короленка</name>
        <description>Трамвай – 6.</description>
        <styleUrl>#icon-1718-000000</styleUrl>
        <Point>
          <coordinates>
            36.2365248,49.9891432,0
          </coordinates>
        </Point>
      </Placemark>
      <Placemark>
        <name>Остановка пл. Сергіївська</name>
        <description>Трамвай – 3, 6.</description>
        <styleUrl>#icon-1718-000000</styleUrl>
        <Point>
          <coordinates>
            36.2280763,49.9881117,0
          </coordinates>
        </Point>
      </Placemark>
      <Placemark>
        <name>Остановка пл. Небесної Сотні</name>
        <description>Трамвай – 6.</description>
        <styleUrl>#icon-1718-000000</styleUrl>
        <Point>
          <coordinates>
            36.2455506,49.9893088,0
          </coordinates>
        </Point>
      </Placemark>
      <Placemark>
        <name>вул. Богдана Хмельницького</name>
        <description>Трамвай – 6.</description>
        <styleUrl>#icon-1718-000000</styleUrl>
        <Point>
          <coordinates>
            36.2514376,49.9896906,0
          </coordinates>
        </Point>
      </Placemark>
      <Placemark>
        <name>вул. Ігоря Малицького</name>
        <description>Трамвай – 6.</description>
        <styleUrl>#icon-1718-000000</styleUrl>
        <Point>
          <coordinates>
            36.2582891,49.990483,0
          </coordinates>
        </Point>
      </Placemark>
      <Placemark>
        <name>Універмаг Харків</name>
        <description>Трамвай – 6, 8, 27.</description>
        <styleUrl>#icon-1684-000000</styleUrl>
        <Point>
          <coordinates>
            36.2678555,49.9883006,0
          </coordinates>
        </Point>
      </Placemark>
      <Placemark>
        <name>Остановка пров. Конюшений</name>
        <description>Трамвай – 6, 8, 16, 27.</description>
        <styleUrl>#icon-1601-000000</styleUrl>
        <Point>
          <coordinates>
            36.2784409,49.9862246,0
          </coordinates>
        </Point>
      </Placemark>
      <Placemark>
        <name>Сабурова Дача</name>
        <description>Трамвай – 6, 8, 16, 27.</description>
        <styleUrl>#icon-1718-000000</styleUrl>
        <Point>
          <coordinates>
            36.2859635,49.9896251,0
          </coordinates>
        </Point>
      </Placemark>
      <Placemark>
        <name>Остановка пров. Салтівський</name>
        <description>Трамвай – 6, 8.</description>
        <styleUrl>#icon-1718-000000</styleUrl>
        <Point>
          <coordinates>
            36.2915379,49.9908132,0
          </coordinates>
        </Point>
      </Placemark>
      <Placemark>
        <name>вул. Халтуріна</name>
        <description>Трамвай – 6, 8.</description>
        <styleUrl>#icon-1718-000000</styleUrl>
        <Point>
          <coordinates>
            36.2945583,49.9894277,0
          </coordinates>
        </Point>
      </Placemark>
      <Placemark>
        <name>вул. Самсонівська</name>
        <description>Трамвай – 6, 8.</description>
        <styleUrl>#icon-1718-000000</styleUrl>
        <Point>
          <coordinates>
            36.3041023,49.9893545,0
          </coordinates>
        </Point>
      </Placemark>
      <Placemark>
        <name>Остановка пр. Льва Ландау</name>
        <description>Трамвай – 6, 8.</description>
        <styleUrl>#icon-1718-000000</styleUrl>
        <Point>
          <coordinates>
            36.3116283,49.9883721,0
          </coordinates>
        </Point>
      </Placemark>
      <Placemark>
        <name>вул. Каунаська</name>
        <description>Трамвай – 6, 8.</description>
        <styleUrl>#icon-1718-000000</styleUrl>
        <Point>
          <coordinates>
            36.3187369,49.9874996,0
          </coordinates>
        </Point>
      </Placemark>
      <Placemark>
        <name>вул. Балканська</name>
        <description>Трамвай – 6, 8.</description>
        <styleUrl>#icon-1718-000000</styleUrl>
        <Point>
          <coordinates>
            36.3269625,49.9864629,0
          </coordinates>
        </Point>
      </Placemark>
      <Placemark>
        <name>вул. Марії Занковецької</name>
        <description>Трамвай – 6, 8.</description>
        <styleUrl>#icon-1718-000000</styleUrl>
        <Point>
          <coordinates>
            36.3332846,49.9867062,0
          </coordinates>
        </Point>
      </Placemark>
      <Placemark>
        <name>Тракторобудівників</name>
        <description>Трамвай – 6, 8, 23.</description>
        <styleUrl>#icon-1883-000000</styleUrl>
        <Point>
          <coordinates>
            36.339468,49.9881919,0
          </coordinates>
        </Point>
      </Placemark>
      <Placemark>
        <name>вул. Руслана Плоходько</name>
        <description>Трамвай – 6, 8, 23.</description>
        <styleUrl>#icon-1718-000000</styleUrl>
        <Point>
          <coordinates>
            36.3509943,49.9895777,0
          </coordinates>
        </Point>
      </Placemark>
      <Placemark>
        <name>Остановка 602 м/р</name>
        <description>Трамвай – 6, 8, 23.</description>
        <styleUrl>#icon-1546-000000</styleUrl>
        <Point>
          <coordinates>
            36.358639,49.9907162,0
          </coordinates>
        </Point>
      </Placemark>
    </Folder><Folder><name>Трамвай №???</name><Placemark>
        <name>Лінія маршруту</name>
        <styleUrl>#line-F57C00-3713-nodesc</styleUrl>
        <LineString>
          <tessellate>1</tessellate>
          <coordinates>
            36.3594053,49.9911277,0
            36.3591532,49.9908967,0
            36.3589976,49.9907725,0
            36.3560364,49.9903828,0
            36.3525227,49.9899275,0
            36.3506237,49.9896861,0
            36.3481025,49.9893757,0
            36.3449804,49.989017,0
            36.3441221,49.9889066,0
            36.3399217,49.9883617,0
            36.3389883,49.9881927,0
            36.3361613,49.9874994,0
            36.3340209,49.986951,0
            36.3329158,49.9866923,0
            36.3320521,49.9865302,0
            36.3314996,49.9864475,0
            36.3306306,49.9863371,0
            36.3299171,49.9862647,0
            36.3290373,49.9862784,0
            36.3272027,49.9864923,0
            36.32179,49.9871683,0
            36.3185821,49.9875684,0
            36.3152132,49.9879927,0
            36.3100526,49.9886307,0
            36.3063888,49.9890963,0
            36.3034705,49.9894619,0
            36.3030574,49.9895171,0
            36.3021991,49.9895619,0
            36.3008634,49.9896102,0
            36.2980417,49.9895619,0
            36.2947265,49.989493,0
            36.2931065,49.9894792,0
            36.2928382,49.9894654,0
            36.2926827,49.9894757,0
            36.2925271,49.989524,0
            36.2916205,49.9908035,0
            36.2910251,49.9916209,0
            36.2908588,49.9916726,0
            36.2906335,49.9916795,0
            36.2905691,49.9916657,0
            36.2879727,49.9905069,0
            36.2858538,49.9896275,0
            36.2848184,49.9891688,0
            36.2821255,49.9879582,0
            36.2784401,49.9863026,0
            36.2781665,49.9861577,0
            36.2779359,49.9859439,0
            36.2758008,49.9849988,0
            36.2755112,49.9848574,0
            36.2753824,49.9848539,0
            36.275259,49.9848953,0
            36.275141,49.9849608,0
            36.2732527,49.9860887,0
            36.2726466,49.9864544,0
            36.2721638,49.9867096,0
            36.2714878,49.9869441,0
            36.2688271,49.9879064,0
            36.2678186,49.9883927,0
            36.2665097,49.9890549,0
            36.2651578,49.9897758,0
            36.264954,49.9898413,0
            36.2646536,49.9898482,0
            36.2643854,49.9897792,0
            36.2638167,49.9893067,0
            36.2623952,49.9880892,0
            36.2600777,49.9861129,0
            36.2590531,49.9852471,0
            36.258463,49.9848988,0
            36.258109,49.9846297,0
            36.255357,49.9822704,0
            36.2550727,49.9820461,0
            36.2549869,49.9818978,0
            36.2550137,49.981784,0
            36.2550781,49.9816943,0
            36.2553195,49.981546,0
            36.2557594,49.9813148,0
            36.256092,49.9811286,0
            36.2564567,49.9809423,0
            36.2567303,49.9807802,0
            36.2571702,49.980587,0
            36.2576262,49.9803938,0
            36.2581948,49.9802006,0
            36.2586562,49.9800764,0
            36.2591765,49.9799316,0
            36.2594447,49.9797867,0
            36.2598739,49.9794452,0
            36.2600724,49.9793831,0
            36.2603835,49.9793175,0
            36.2625346,49.9788415,0
            36.2649111,49.9783275,0
            36.2661771,49.9780342,0
            36.2666491,49.9779307,0
            36.2668744,49.97791,0
            36.2671802,49.977879,0
            36.2677113,49.9778341,0
            36.2687252,49.9776927,0
            36.2712518,49.977365,0
            36.2716541,49.9773443,0
            36.2727109,49.9771925,0
            36.2738911,49.9769855,0
            36.2743203,49.9768751,0
            36.2750176,49.9767475,0
            36.2757526,49.9766371,0
            36.2767074,49.9764646,0
            36.2782685,49.9762024,0
            36.2819646,49.9755848,0
            36.2855963,49.9749777,0
            36.28992,49.9742532,0
            36.2901399,49.9741497,0
            36.290215,49.9740013,0
            36.2901614,49.9737667,0
            36.2893728,49.9719036,0
            36.288375,49.9695643,0
            36.2882892,49.9693918,0
            36.2880156,49.9690088,0
            36.2875543,49.968336,0
            36.2870125,49.9675596,0
            36.2865458,49.9668454,0
            36.286476,49.9666935,0
            36.2863795,49.9664175,0
            36.2859074,49.9652408,0
            36.2850706,49.9631083,0
            36.2837777,49.9598368,0
            36.2832306,49.9584977,0
            36.2823508,49.9560474,0
            36.281986,49.9551707,0
            36.2813745,49.9536521,0
            36.2812135,49.9532517,0
            36.281235,49.9505249,0
            36.2813208,49.9479775,0
            36.2814067,49.9469212,0
            36.2813959,49.9448327,0
            36.2813959,49.9444875,0
            36.2814013,49.9441802,0
            36.2813101,49.9440732,0
            36.2811277,49.9440042,0
            36.2808809,49.9439765,0
            36.2803767,49.9439662,0
            36.2780485,49.9439869,0
            36.2778179,49.9439973,0
            36.2775818,49.9440421,0
            36.2774424,49.9440525,0
            36.2758169,49.944087,0
            36.2750069,49.9441077,0
            36.2739877,49.9442182,0
            36.2704847,49.9446911,0
            36.2695352,49.9448223,0
            36.268634,49.9449086,0
            36.2658016,49.9452021,0
            36.263232,49.9454955,0
            36.2627331,49.9456646,0
            36.2620197,49.945965,0
            36.2615798,49.946141,0
            36.261333,49.9462308,0
            36.2610165,49.9461928,0
            36.2609146,49.9460616,0
            36.2608663,49.945927,0
            36.2609039,49.9457475,0
          </coordinates>
        </LineString>
      </Placemark>
      <Placemark>
        <name>Остановка 602 мікрорайон</name>
        <description>Трамвай-8, 26.</description>
        <styleUrl>#icon-1499-F57C00</styleUrl>
        <Point>
          <coordinates>
            36.3592712,49.9911733,0
          </coordinates>
        </Point>
      </Placemark>
      <Placemark>
        <name>вул. Руслана Плоходько</name>
        <description>Трамвай-6, 8.</description>
        <styleUrl>#icon-1718-F57C00</styleUrl>
        <Point>
          <coordinates>
            36.3512031,49.9897834,0
          </coordinates>
        </Point>
      </Placemark>
      <Placemark>
        <name>Тракторобудівників</name>
        <description>Трамвай-6, 8.</description>
        <styleUrl>#icon-1883-F57C00</styleUrl>
        <Point>
          <coordinates>
            36.3408605,49.9885383,0
          </coordinates>
        </Point>
      </Placemark>
      <Placemark>
        <name>вул. Марії Занковецької</name>
        <description>Трамвай-6, 8.</description>
        <styleUrl>#icon-1718-F57C00</styleUrl>
        <Point>
          <coordinates>
            36.3335542,49.9868897,0
          </coordinates>
        </Point>
      </Placemark>
      <Placemark>
        <name>вул. Балканська</name>
        <description>Трамвай-6, 8.</description>
        <styleUrl>#icon-1718-F57C00</styleUrl>
        <Point>
          <coordinates>
            36.3270418,49.9866001,0
          </coordinates>
        </Point>
      </Placemark>
      <Placemark>
        <name>вул. Каунаська</name>
        <description>Трамвай-8, 26.</description>
        <styleUrl>#icon-1718-F57C00</styleUrl>
        <Point>
          <coordinates>
            36.3196722,49.9875175,0
          </coordinates>
        </Point>
      </Placemark>
      <Placemark>
        <name>Остановка пр. Льва Ландау</name>
        <description>Трамвай-6, 8.</description>
        <styleUrl>#icon-1532-F57C00</styleUrl>
        <Point>
          <coordinates>
            36.312999,49.9882693,0
          </coordinates>
        </Point>
      </Placemark>
      <Placemark>
        <name>вул. Самсонівська</name>
        <description>Трамвай-8, 26.</description>
        <styleUrl>#icon-1718-F57C00</styleUrl>
        <Point>
          <coordinates>
            36.3041772,49.9894023,0
          </coordinates>
        </Point>
      </Placemark>
      <Placemark>
        <name>вул. Михайлика</name>
        <description>Трамвай-6, 8.</description>
        <styleUrl>#icon-1718-F57C00</styleUrl>
        <Point>
          <coordinates>
            36.3015888,49.9896214,0
          </coordinates>
        </Point>
      </Placemark>
      <Placemark>
        <name>вул. Халтуріна</name>
        <description>Трамвай-6, 8.</description>
        <styleUrl>#icon-1718-F57C00</styleUrl>
        <Point>
          <coordinates>
            36.2943485,49.9895544,0
          </coordinates>
        </Point>
      </Placemark>
      <Placemark>
        <name>Остановка пров. Салтівський</name>
        <description>Трамвай-8, 26.</description>
        <styleUrl>#icon-1718-F57C00</styleUrl>
        <Point>
          <coordinates>
            36.2912049,49.9915595,0
          </coordinates>
        </Point>
      </Placemark>
      <Placemark>
        <name>Сабурова Дача</name>
        <description>Трамвай-8, 16, 26, 27.</description>
        <styleUrl>#icon-1718-F57C00</styleUrl>
        <Point>
          <coordinates>
            36.2864091,49.9899765,0
          </coordinates>
        </Point>
      </Placemark>
      <Placemark>
        <name>Остановка пров. Конюшений</name>
        <description>Трамвай-8, 27.</description>
        <styleUrl>#icon-1601-F57C00</styleUrl>
        <Point>
          <coordinates>
            36.2786093,49.9864378,0
          </coordinates>
        </Point>
      </Placemark>
      <Placemark>
        <name>Універмаг Харків</name>
        <description>Трамвай-8, 27.</description>
        <styleUrl>#icon-1684-F57C00</styleUrl>
        <Point>
          <coordinates>
            36.2678482,49.9884934,0
          </coordinates>
        </Point>
      </Placemark>
      <Placemark>
        <name>Станція метро Захисників України</name>
        <description>Трамвай-8, 27.</description>
        <styleUrl>#icon-1626-F57C00</styleUrl>
        <Point>
          <coordinates>
            36.2638693,49.9894792,0
          </coordinates>
        </Point>
      </Placemark>
      <Placemark>
        <name>Зупинка Кінний ринок</name>
        <description>Трамвай-8, 27.</description>
        <styleUrl>#icon-1578-F57C00</styleUrl>
        <Point>
          <coordinates>
            36.2608601,49.9870097,0
          </coordinates>
        </Point>
      </Placemark>
      <Placemark>
        <name>вул. Георгія Тарасенка</name>
        <description>Трамвай-8, 27.</description>
        <styleUrl>#icon-1718-F57C00</styleUrl>
        <Point>
          <coordinates>
            36.2549549,49.9820635,0
          </coordinates>
        </Point>
      </Placemark>
      <Placemark>
        <name>Станція метро Спортивна</name>
        <description>Трамвай-8.</description>
        <styleUrl>#icon-1626-F57C00</styleUrl>
        <Point>
          <coordinates>
            36.2606036,49.9792108,0
          </coordinates>
        </Point>
      </Placemark>
      <Placemark>
        <name>вул. Добровольців</name>
        <description>Трамвай-8.</description>
        <styleUrl>#icon-1718-F57C00</styleUrl>
        <Point>
          <coordinates>
            36.2669497,49.9778688,0
          </coordinates>
        </Point>
      </Placemark>
      <Placemark>
        <name>вул. Польова</name>
        <description>Трамвай-8.</description>
        <styleUrl>#icon-1718-F57C00</styleUrl>
        <Point>
          <coordinates>
            36.2731457,49.9770443,0
          </coordinates>
        </Point>
      </Placemark>
      <Placemark>
        <name>Станція метро Заводська</name>
        <description>Трамвай-8.</description>
        <styleUrl>#icon-1626-F57C00</styleUrl>
        <Point>
          <coordinates>
            36.2812835,49.9755712,0
          </coordinates>
        </Point>
      </Placemark>
      <Placemark>
        <name>Остановка парк Машинобудівників</name>
        <description>Трамвай-8.</description>
        <styleUrl>#icon-1720-F57C00</styleUrl>
        <Point>
          <coordinates>
            36.2898451,49.9736771,0
          </coordinates>
        </Point>
      </Placemark>
      <Placemark>
        <name>Остановка Алея Слави</name>
        <description>Трамвай-8.</description>
        <styleUrl>#icon-1720-F57C00</styleUrl>
        <Point>
          <coordinates>
            36.2861973,49.9670525,0
          </coordinates>
        </Point>
      </Placemark>
      <Placemark>
        <name>вул. Мухачова</name>
        <description>Трамвай-8.</description>
        <styleUrl>#icon-1718-F57C00</styleUrl>
        <Point>
          <coordinates>
            36.2845665,49.9630152,0
          </coordinates>
        </Point>
      </Placemark>
      <Placemark>
        <name>вул. Орлова</name>
        <description>Трамвай-8.</description>
        <styleUrl>#icon-1718-F57C00</styleUrl>
        <Point>
          <coordinates>
            36.2818736,49.9555885,0
          </coordinates>
        </Point>
      </Placemark>
      <Placemark>
        <name>вул. Костичева</name>
        <description>Трамвай-8.</description>
        <styleUrl>#icon-1718-F57C00</styleUrl>
        <Point>
          <coordinates>
            36.2810367,49.9493074,0
          </coordinates>
        </Point>
      </Placemark>
      <Placemark>
        <name>вул. Киргизька</name>
        <description>Трамвай-8.</description>
        <styleUrl>#icon-1718-F57C00</styleUrl>
        <Point>
          <coordinates>
            36.2811547,49.946463,0
          </coordinates>
        </Point>
      </Placemark>
      <Placemark>
        <name>Остановка пр.Байрона</name>
        <description>Трамвай-8.</description>
        <styleUrl>#icon-1718-F57C00</styleUrl>
        <Point>
          <coordinates>
            36.2812407,49.9444983,0
          </coordinates>
        </Point>
      </Placemark>
      <Placemark>
        <name>вул. Миколи Кравченка</name>
        <description>Трамвай-8.</description>
        <styleUrl>#icon-1718-F57C00</styleUrl>
        <Point>
          <coordinates>
            36.2754792,49.9440841,0
          </coordinates>
        </Point>
      </Placemark>
      <Placemark>
        <name>вул. Манюшка</name>
        <description>Трамвай-8.</description>
        <styleUrl>#icon-1718-F57C00</styleUrl>
        <Point>
          <coordinates>
            36.2687308,49.9450161,0
          </coordinates>
        </Point>
      </Placemark>
    <Placemark>
        <name>Лінія маршруту</name>
        <styleUrl>#line-000000-3519-nodesc</styleUrl>
        <LineString>
          <tessellate>1</tessellate>
          <coordinates>
            36.2609039,49.9457475,0
            36.2610555,49.9455454,0
            36.2614417,49.9454626,0
            36.2622035,49.9454764,0
            36.2631154,49.9454626,0
            36.2644458,49.9453038,0
            36.2699819,49.94471,0
            36.2717521,49.9444684,0
            36.2747347,49.9440817,0
            36.2757003,49.9440265,0
            36.2768912,49.9440058,0
            36.2774599,49.943985,0
            36.2777603,49.9439367,0
            36.2788331,49.943916,0
            36.2805068,49.9438884,0
            36.2810326,49.9439367,0
            36.2813437,49.9440127,0
            36.2815154,49.94413,0
            36.2815046,49.944275,0
            36.2814832,49.9470505,0
            36.2814403,49.9477133,0
            36.2813222,49.9500674,0
            36.2813008,49.9531118,0
            36.2813115,49.9533189,0
            36.2814295,49.9535467,0
            36.2826741,49.9567358,0
            36.2833822,49.9587375,0
            36.2844443,49.9613189,0
            36.2861288,49.9655841,0
            36.2865794,49.9667642,0
            36.2867296,49.966985,0
            36.2884247,49.9694624,0
            36.288532,49.9697592,0
            36.2898624,49.9729127,0
            36.290313,49.9739546,0
            36.2902272,49.9741616,0
            36.2901413,49.9742513,0
            36.2898302,49.974341,0
            36.2876415,49.974686,0
            36.2815583,49.9757072,0
            36.2744558,49.9768871,0
            36.2740052,49.9770112,0
            36.2736297,49.9771009,0
            36.2719023,49.9773631,0
            36.2715054,49.9773907,0
            36.2712371,49.9774183,0
            36.2673533,49.9779358,0
            36.2669027,49.9779841,0
            36.2659585,49.9781428,0
            36.2600899,49.9794261,0
            36.2598217,49.9795365,0
            36.2595963,49.9797572,0
            36.2593818,49.9798883,0
            36.2590492,49.9800263,0
            36.2583733,49.9802057,0
            36.2577617,49.980392,0
            36.2556481,49.9814337,0
            36.2554979,49.9815234,0
            36.2551439,49.9817235,0
            36.2550688,49.9818822,0
            36.2551546,49.9820546,0
            36.2572896,49.9838483,0
            36.2584162,49.9847865,0
            36.2587541,49.9850107,0
            36.2592638,49.9853591,0
            36.25943,49.9855178,0
            36.260283,49.9862387,0
            36.2610126,49.9868733,0
            36.2621176,49.9878115,0
            36.2635875,49.98906,0
            36.2642902,49.9896567,0
            36.264419,49.9897601,0
            36.2645584,49.9898015,0
            36.2646872,49.9898257,0
            36.264891,49.9898257,0
            36.2650573,49.9897912,0
            36.2652665,49.989698,0
            36.2656045,49.9895015,0
            36.266216,49.9891842,0
            36.2672514,49.9886427,0
            36.267702,49.9884254,0
            36.268056,49.9882357,0
            36.2685817,49.9879977,0
            36.2688553,49.9878735,0
            36.2694132,49.9876735,0
            36.2702394,49.9873734,0
            36.2719721,49.9867491,0
            36.2721652,49.9866732,0
            36.2724924,49.9865077,0
            36.2733668,49.9859869,0
            36.2739086,49.9856557,0
            36.2752497,49.9848555,0
            36.2753302,49.9848417,0
            36.2754053,49.9848245,0
            36.2754858,49.9848348,0
            36.2755769,49.9848624,0
            36.2756628,49.9849107,0
            36.2765104,49.9852867,0
            36.2779212,49.9859075,0
            36.2780231,49.98598,0
            36.278227,49.9861559,0
            36.2783504,49.9862249,0
            36.2805015,49.9871975,0
            36.283527,49.988553,0
            36.2855279,49.9894463,0
            36.2887251,49.9908017,0
            36.2904364,49.9915777,0
            36.2905759,49.9916432,0
            36.2906671,49.991657,0
            36.2907851,49.991657,0
            36.2908709,49.9916432,0
            36.2909782,49.9915984,0
            36.291064,49.9915225,0
            36.2916434,49.9907017,0
            36.2924695,49.9895394,0
            36.2925822,49.9894601,0
            36.2926626,49.9894463,0
            36.2927538,49.9894394,0
            36.2944758,49.9894566,0
            36.295377,49.9894773,0
            36.3007736,49.9895808,0
            36.3009882,49.9895773,0
            36.3016158,49.9895566,0
            36.3029301,49.989498,0
            36.3032091,49.9894704,0
            36.3039064,49.9893738,0
            36.306181,49.989091,0
            36.310038,49.9886013,0
            36.3137555,49.9881391,0
            36.3189912,49.9874907,0
            36.3212818,49.987201,0
            36.3226229,49.9870354,0
            36.3255733,49.9866595,0
            36.3289368,49.9862559,0
            36.3291353,49.9862525,0
            36.3294733,49.9862387,0
            36.330176,49.9862594,0
            36.3304067,49.9862869,0
            36.3321072,49.9864973,0
            36.3329494,49.9866698,0
            36.333974,49.9869043,0
            36.3361788,49.98747,0
            36.3366616,49.9875976,0
            36.3372463,49.9877459,0
            36.3380456,49.9879253,0
            36.3385981,49.9880632,0
            36.3389844,49.9881633,0
            36.3392097,49.9882046,0
            36.3395959,49.9882805,0
            36.33995,49.9883323,0
            36.340583,49.988415,0
            36.3411677,49.9884944,0
            36.3424873,49.9886668,0
            36.3436353,49.9888186,0
            36.3445795,49.9889358,0
            36.3480234,49.9893394,0
            36.3489461,49.9894463,0
            36.3546377,49.990174,0
            36.3592565,49.9907844,0
            36.3599807,49.990881,0
            36.3601524,49.9909224,0
            36.3603401,49.9910155,0
            36.3604206,49.9911293,0
            36.3604367,49.9912776,0
            36.3603401,49.991388,0
            36.360206,49.9914363,0
            36.3600343,49.9914397,0
            36.3598841,49.9913983,0
            36.35975,49.9913466,0
            36.3596052,49.9912811,0
            36.3594979,49.9912052,0
            36.3594053,49.9911277,0
          </coordinates>
        </LineString>
      </Placemark>
      <Placemark>
        <name>вул. Одеська</name>
        <description>Трамвай-8.</description>
        <styleUrl>#icon-1499-000000</styleUrl>
        <Point>
          <coordinates>
            36.2608773,49.9458654,0
          </coordinates>
        </Point>
      </Placemark>
      <Placemark>
        <name>вул. Манюшка</name>
        <description>Трамвай – 8.</description>
        <styleUrl>#icon-1718-000000</styleUrl>
        <Point>
          <coordinates>
            36.2684578,49.9448942,0
          </coordinates>
        </Point>
      </Placemark>
      <Placemark>
        <name>вул. Миколи Кравчненка</name>
        <description>Трамвай – 8.</description>
        <styleUrl>#icon-1718-000000</styleUrl>
        <Point>
          <coordinates>
            36.2751462,49.9440173,0
          </coordinates>
        </Point>
      </Placemark>
      <Placemark>
        <name>вул. Морозова</name>
        <description>Трамвай – 8.</description>
        <styleUrl>#icon-1718-000000</styleUrl>
        <Point>
          <coordinates>
            36.2806704,49.9439552,0
          </coordinates>
        </Point>
      </Placemark>
      <Placemark>
        <name>вул. Киргизька</name>
        <description>Трамвай – 8.</description>
        <styleUrl>#icon-1718-000000</styleUrl>
        <Point>
          <coordinates>
            36.281603,49.9459168,0
          </coordinates>
        </Point>
      </Placemark>
      <Placemark>
        <name>Зупинка вул. Костичева</name>
        <description>Трамвай – 8.</description>
        <styleUrl>#icon-1718-000000</styleUrl>
        <Point>
          <coordinates>
            36.2815632,49.9485463,0
          </coordinates>
        </Point>
      </Placemark>
      <Placemark>
        <name>вул. Орлова</name>
        <description>Трамвай – 8.</description>
        <styleUrl>#icon-1718-000000</styleUrl>
        <Point>
          <coordinates>
            36.2825154,49.9557141,0
          </coordinates>
        </Point>
      </Placemark>
      <Placemark>
        <name>вул. Мухачова</name>
        <description>Трамвай – 8.</description>
        <styleUrl>#icon-1718-000000</styleUrl>
        <Point>
          <coordinates>
            36.2852701,49.9630693,0
          </coordinates>
        </Point>
      </Placemark>
      <Placemark>
        <name>Остановка Алея Слави</name>
        <description>Трамвай – 8.</description>
        <styleUrl>#icon-1720-000000</styleUrl>
        <Point>
          <coordinates>
            36.2865693,49.9663544,0
          </coordinates>
        </Point>
      </Placemark>
      <Placemark>
        <name>Остановка парк Машинобудівників</name>
        <description>Трамвай – 8.</description>
        <styleUrl>#icon-1720-000000</styleUrl>
        <Point>
          <coordinates>
            36.2903742,49.9736275,0
          </coordinates>
        </Point>
      </Placemark>
      <Placemark>
        <name>Станція метро Заводська</name>
        <description>Трамвай – 8.</description>
        <styleUrl>#icon-1626-000000</styleUrl>
        <Point>
          <coordinates>
            36.2804822,49.9758907,0
          </coordinates>
        </Point>
      </Placemark>
      <Placemark>
        <name>вул. Польова</name>
        <description>Трамвай – 8.</description>
        <styleUrl>#icon-1718-000000</styleUrl>
        <Point>
          <coordinates>
            36.2725686,49.9773183,0
          </coordinates>
        </Point>
      </Placemark>
      <Placemark>
        <name>вул. Добровольців</name>
        <description>Трамвай – 8.</description>
        <styleUrl>#icon-1718-000000</styleUrl>
        <Point>
          <coordinates>
            36.2683604,49.9777451,0
          </coordinates>
        </Point>
      </Placemark>
      <Placemark>
        <name>Станція метро Спортивна</name>
        <description>Трамвай – 8.</description>
        <styleUrl>#icon-1626-000000</styleUrl>
        <Point>
          <coordinates>
            36.2608937,49.9792702,0
          </coordinates>
        </Point>
      </Placemark>
      <Placemark>
        <name>вул. Молочна</name>
        <description>Трамвай – 8.</description>
        <styleUrl>#icon-1718-000000</styleUrl>
        <Point>
          <coordinates>
            36.2552772,49.9816125,0
          </coordinates>
        </Point>
      </Placemark>
      <Placemark>
        <name>Зупинка Кінний ринок</name>
        <description>Трамвай – 8.</description>
        <styleUrl>#icon-1578-000000</styleUrl>
        <Point>
          <coordinates>
            36.2610475,49.9869391,0
          </coordinates>
        </Point>
      </Placemark>
      <Placemark>
        <name>Станція метро Захисників України</name>
        <description>Трамвай – 8.</description>
        <styleUrl>#icon-1626-000000</styleUrl>
        <Point>
          <coordinates>
            36.2641282,49.9895236,0
          </coordinates>
        </Point>
      </Placemark>
      <Placemark>
        <name>Універмаг Харків</name>
        <description>Трамвай – 8.</description>
        <styleUrl>#icon-1684-000000</styleUrl>
        <Point>
          <coordinates>
            36.2677977,49.9883024,0
          </coordinates>
        </Point>
      </Placemark>
      <Placemark>
        <name>Остановка пров. Конюшений</name>
        <description>Трамвай-8, 27.</description>
        <styleUrl>#icon-1601-000000</styleUrl>
        <Point>
          <coordinates>
            36.278462,49.9861778,0
          </coordinates>
        </Point>
      </Placemark>
      <Placemark>
        <name>Сабурова Дача</name>
        <description>Трамвай-8, 27.</description>
        <styleUrl>#icon-1718-000000</styleUrl>
        <Point>
          <coordinates>
            36.2860486,49.9895911,0
          </coordinates>
        </Point>
      </Placemark>
      <Placemark>
        <name>Остановка пров. Салтівський</name>
        <description>Трамвай-8, 27.</description>
        <styleUrl>#icon-1718-000000</styleUrl>
        <Point>
          <coordinates>
            36.2915203,49.990812,0
          </coordinates>
        </Point>
      </Placemark>
      <Placemark>
        <name>вул. Халтуріна</name>
        <description>Трамвай-6, 8.</description>
        <styleUrl>#icon-1718-000000</styleUrl>
        <Point>
          <coordinates>
            36.2945407,49.9894411,0
          </coordinates>
        </Point>
      </Placemark>
      <Placemark>
        <name>вул. Михалика</name>
        <description>Трамвай-6, 8.</description>
        <styleUrl>#icon-1718-000000</styleUrl>
        <Point>
          <coordinates>
            36.3009623,49.989538,0
          </coordinates>
        </Point>
      </Placemark>
      <Placemark>
        <name>вул. Самсонівська</name>
        <description>Трамвай-6, 8.</description>
        <styleUrl>#icon-1718-000000</styleUrl>
        <Point>
          <coordinates>
            36.3041225,49.9893506,0
          </coordinates>
        </Point>
      </Placemark>
      <Placemark>
        <name>Остановка пр. Льва Ландау</name>
        <description>Трамвай-6, 8.</description>
        <styleUrl>#icon-1718-000000</styleUrl>
        <Point>
          <coordinates>
            36.311422,49.9883722,0
          </coordinates>
        </Point>
      </Placemark>
      <Placemark>
        <name>вул. Каунаська</name>
        <description>Трамвай-6, 8.</description>
        <styleUrl>#icon-1718-000000</styleUrl>
        <Point>
          <coordinates>
            36.3194353,49.9873432,0
          </coordinates>
        </Point>
      </Placemark>
      <Placemark>
        <name>вул. Балканська</name>
        <description>Трамвай-6, 8.</description>
        <styleUrl>#icon-1718-000000</styleUrl>
        <Point>
          <coordinates>
            36.3270325,49.986364,0
          </coordinates>
        </Point>
      </Placemark>
      <Placemark>
        <name>вул. Марії Занковецької</name>
        <description>Трамвай-6, 8.</description>
        <styleUrl>#icon-1718-000000</styleUrl>
        <Point>
          <coordinates>
            36.3332892,49.9867356,0
          </coordinates>
        </Point>
      </Placemark>
      <Placemark>
        <name>Тракторобудівників</name>
        <description>Трамвай-6, 8.</description>
        <styleUrl>#icon-1883-000000</styleUrl>
        <Point>
          <coordinates>
            36.3394422,49.9882327,0
          </coordinates>
        </Point>
      </Placemark>
      <Placemark>
        <name>вул. Руслана Плоходько</name>
        <description>Трамвай-6, 8.</description>
        <styleUrl>#icon-1718-000000</styleUrl>
        <Point>
          <coordinates>
            36.3509871,49.9897064,0
          </coordinates>
        </Point>
      </Placemark>
      <Placemark>
        <name>Остановка 602 м/р</name>
        <description>Трамвай-6, 8.</description>
        <styleUrl>#icon-1546-000000</styleUrl>
        <Point>
          <coordinates>
            36.3586387,49.9907177,0
          </coordinates>
        </Point>
      </Placemark>
    </Folder><Folder><name>Трамвай №1</name><Placemark>
        <name>Лінія маршруту</name>
        <styleUrl>#line-F57C00-3325-nodesc</styleUrl>
        <LineString>
          <tessellate>1</tessellate>
          <coordinates>
            36.2058173,49.9875468,0
            36.2060801,49.9874606,0
            36.2062089,49.9874709,0
            36.2063269,49.9874916,0
            36.2064074,49.9875226,0
            36.2065308,49.9876123,0
            36.2066595,49.9877261,0
            36.2067507,49.9879296,0
            36.2068955,49.98804,0
            36.2070833,49.9881021,0
            36.207491,49.9881366,0
            36.2076197,49.9881555,0
            36.2077136,49.9881987,0
            36.2077109,49.9882797,0
            36.2075098,49.9892954,0
            36.2073703,49.9900507,0
            36.2072791,49.9907836,0
            36.2072496,49.990894,0
            36.2071396,49.9916165,0
            36.2069948,49.992477,0
            36.2068124,49.9935409,0
            36.20674,49.9940496,0
            36.2067641,49.9942168,0
            36.2068124,49.994591,0
            36.206799,49.9955066,0
            36.2067641,49.9969118,0
            36.2067507,49.9971377,0
            36.2066917,49.9972412,0
            36.2065871,49.9973567,0
            36.2062303,49.9975929,0
            36.2057234,49.9979239,0
            36.2048383,49.9984757,0
            36.2044467,49.9987446,0
            36.2040712,49.9990101,0
            36.2038727,49.9991722,0
            36.2037171,49.9993067,0
            36.203347,49.9998032,0
            36.2023546,50.0011446,0
            36.2019254,50.0018721,0
            36.2016894,50.0023066,0
            36.2015123,50.0027376,0
            36.2014158,50.0032754,0
            36.2012817,50.0043408,0
            36.2011368,50.0047615,0
            36.2010295,50.0050235,0
            36.2007989,50.0053614,0
            36.2005736,50.0055614,0
            36.2001981,50.0058682,0
            36.1999459,50.0060992,0
            36.1997582,50.0064095,0
            36.1994256,50.0070611,0
            36.1992754,50.0072508,0
            36.1991037,50.0072852,0
            36.1989052,50.0072232,0
          </coordinates>
        </LineString>
      </Placemark>
      <Placemark>
        <name>Південний вокзал</name>
        <description>Трамвай-1, 6, 7, 12, 20.</description>
        <styleUrl>#icon-1499-F57C00</styleUrl>
        <Point>
          <coordinates>
            36.2057351,49.9875671,0
          </coordinates>
        </Point>
      </Placemark>
      <Placemark>
        <name>Привокзальна площа</name>
        <description>Трамвай-1, 12, 20.</description>
        <styleUrl>#icon-1626-F57C00</styleUrl>
        <Point>
          <coordinates>
            36.2075268,49.9898882,0
          </coordinates>
        </Point>
      </Placemark>
      <Placemark>
        <name>Остановка вул. Чеботарська</name>
        <description>Трамвай-1, 12, 20.</description>
        <styleUrl>#icon-1718-F57C00</styleUrl>
        <Point>
          <coordinates>
            36.2068616,49.993913,0
          </coordinates>
        </Point>
      </Placemark>
      <Placemark>
        <name>Остановка Панасівка</name>
        <description>Трамвай-1.</description>
        <styleUrl>#icon-1718-F57C00</styleUrl>
        <Point>
          <coordinates>
            36.2036752,49.9994925,0
          </coordinates>
        </Point>
      </Placemark>
      <Placemark>
        <name>Зупинка пров. Альбовський</name>
        <description>Трамвай-1.</description>
        <styleUrl>#icon-1718-F57C00</styleUrl>
        <Point>
          <coordinates>
            36.2019222,50.0020764,0
          </coordinates>
        </Point>
      </Placemark>
      <Placemark>
        <name>Остановка вул. Кокчетавська</name>
        <description>Трамвай-1.</description>
        <styleUrl>#icon-1718-F57C00</styleUrl>
        <Point>
          <coordinates>
            36.201475,50.0037889,0
          </coordinates>
        </Point>
      </Placemark>
    <Placemark>
        <name>Лінія маршруту</name>
        <styleUrl>#line-000000-3906-nodesc</styleUrl>
        <LineString>
          <tessellate>1</tessellate>
          <coordinates>
            36.1989052,50.0072232,0
            36.1988191,50.0071756,0
            36.1987038,50.0070946,0
            36.1986636,50.0070411,0
            36.1986582,50.0069791,0
            36.1987306,50.0068894,0
            36.1989425,50.0067791,0
            36.1992912,50.006667,0
            36.1995111,50.0065912,0
            36.1997499,50.0063343,0
            36.1998062,50.0062723,0
            36.1998866,50.0061585,0
            36.199951,50.0060775,0
            36.2002595,50.005793,0
            36.2005679,50.0055448,0
            36.2006752,50.0054483,0
            36.2007771,50.0053552,0
            36.2008522,50.0052466,0
            36.2009542,50.0050966,0
            36.2010266,50.0049742,0
            36.2010802,50.0048397,0
            36.2011607,50.0046535,0
            36.2012331,50.0044518,0
            36.2012626,50.0043415,0
            36.2013619,50.0035744,0
            36.201386,50.0033399,0
            36.2014531,50.0029744,0
            36.2014852,50.0027675,0
            36.2015282,50.0026486,0
            36.2016274,50.002402,0
            36.201732,50.0021952,0
            36.2018903,50.00189,0
            36.2020673,50.0016021,0
            36.2023704,50.0010918,0
            36.2024428,50.0010039,0
            36.202703,50.0006401,0
            36.2028693,50.0004246,0
            36.2032019,49.9999677,0
            36.2033601,49.9997539,0
            36.2034862,49.9995849,0
            36.2037168,49.9992832,0
            36.2038456,49.9991763,0
            36.2040387,49.9990177,0
            36.2042667,49.9988574,0
            36.204771,49.9985056,0
            36.2050848,49.9983056,0
            36.2054656,49.9980677,0
            36.2057044,49.9979211,0
            36.2059994,49.9977263,0
            36.2062542,49.9975625,0
            36.2064366,49.9974367,0
            36.2065439,49.997366,0
            36.2066163,49.9973039,0
            36.2066887,49.9972108,0
            36.2067316,49.9971332,0
            36.2067397,49.9969832,0
            36.2067531,49.9967763,0
            36.2067612,49.9963676,0
            36.2067799,49.9954797,0
            36.2067933,49.9946382,0
            36.2067826,49.9945365,0
            36.2067343,49.9941123,0
            36.2067182,49.9940416,0
            36.2067263,49.9939951,0
            36.2068202,49.9933829,0
            36.2068765,49.9930329,0
            36.2070294,49.9921621,0
            36.2072198,49.9909464,0
            36.2072413,49.9908619,0
            36.2072627,49.9907515,0
            36.2072788,49.9906429,0
            36.2073083,49.9904204,0
            36.2073781,49.9899135,0
            36.2074156,49.9896945,0
            36.2074612,49.9894375,0
            36.2075363,49.9890547,0
            36.2076946,49.9882735,0
            36.2076946,49.9882079,0
            36.2076624,49.9881838,0
            36.2075926,49.9881579,0
            36.2074827,49.9881476,0
            36.2071769,49.9881217,0
            36.2070025,49.9880993,0
            36.2059565,49.9880113,0
            36.2057929,49.9879337,0
            36.205707,49.9878458,0
            36.2056909,49.9877941,0
            36.2056802,49.9877337,0
            36.2056936,49.9876733,0
            36.2057312,49.9876199,0
            36.2057875,49.9875561,0
            36.2058173,49.9875468,0
          </coordinates>
        </LineString>
      </Placemark>
      <Placemark>
        <name>Зупинка Іванівка</name>
        <description>Трамвай-1.</description>
        <styleUrl>#icon-1499-000000</styleUrl>
        <Point>
          <coordinates>
            36.1991161,50.0073935,0
          </coordinates>
        </Point>
      </Placemark>
      <Placemark>
        <name>Остановка вул. Кокчетавська</name>
        <description>Троллейбус-3, 6, 49, 58, 59.</description>
        <styleUrl>#icon-1718-000000</styleUrl>
        <Point>
          <coordinates>
            36.2011459,50.0040535,0
          </coordinates>
        </Point>
      </Placemark>
      <Placemark>
        <name>Зупинка пров. Альбовський</name>
        <description>Трамвай-1.</description>
        <styleUrl>#icon-1718-000000</styleUrl>
        <Point>
          <coordinates>
            36.2014948,50.0022413,0
          </coordinates>
        </Point>
      </Placemark>
      <Placemark>
        <name>Остановка Панасівка</name>
        <description>Трамвай-1.</description>
        <styleUrl>#icon-1718-000000</styleUrl>
        <Point>
          <coordinates>
            36.2035127,49.9993635,0
          </coordinates>
        </Point>
      </Placemark>
      <Placemark>
        <name>Остановка пл. Привокзальна</name>
        <description>Трамвай-1, 12, 20.</description>
        <styleUrl>#icon-1626-000000</styleUrl>
        <Point>
          <coordinates>
            36.2072154,49.9903973,0
          </coordinates>
        </Point>
      </Placemark>
    </Folder><Folder><name>Трамвай №12</name><Placemark>
        <name>Лінія маршруту</name>
        <styleUrl>#line-F57C00-3325-nodesc</styleUrl>
        <LineString>
          <tessellate>1</tessellate>
          <coordinates>
            36.2058831,49.9876606,0
            36.2060279,49.9875813,0
            36.206103,49.9875537,0
            36.2062264,49.9875537,0
            36.2063391,49.9875882,0
            36.2064625,49.9876399,0
            36.2065376,49.9877192,0
            36.2066502,49.9878503,0
            36.2067307,49.9879538,0
            36.2068272,49.988009,0
            36.2069935,49.9880676,0
            36.207192,49.9881159,0
            36.2074763,49.9881366,0
            36.2076373,49.9881642,0
            36.2077016,49.9882332,0
            36.2076694,49.9884263,0
            36.2073529,49.9901473,0
            36.2073047,49.9907509,0
            36.2072242,49.9910199,0
            36.2070525,49.9921373,0
            36.2067682,49.9938237,0
            36.2067468,49.9939789,0
            36.2067575,49.9941306,0
            36.2067843,49.9948065,0
            36.2067682,49.9963791,0
            36.2067575,49.9967515,0
            36.206779,49.9969998,0
            36.2068487,49.9971032,0
            36.2070311,49.9971687,0
            36.2072027,49.9971929,0
            36.2074227,49.9972032,0
            36.2078357,49.9971377,0
            36.208973,49.9969963,0
            36.2097723,49.9969274,0
            36.2102926,49.9968722,0
            36.2109954,49.9968067,0
            36.2116445,49.996748,0
            36.2119717,49.996686,0
            36.2121219,49.9966273,0
            36.2122668,49.9965239,0
            36.2127978,49.9960756,0
            36.2135757,49.9953824,0
            36.2138332,49.9951411,0
            36.2140102,49.9949997,0
            36.2141658,49.9948893,0
            36.2143374,49.994841,0
            36.214493,49.9948514,0
            36.2146056,49.9948893,0
            36.2148524,49.9950238,0
            36.2151474,49.9952066,0
            36.2154103,49.9953307,0
            36.215582,49.9953514,0
            36.2158287,49.9953514,0
            36.2161291,49.9952686,0
            36.2167621,49.9950204,0
            36.2171913,49.9948479,0
            36.2174381,49.9947686,0
            36.2177331,49.9946996,0
            36.2179852,49.994672,0
            36.2181462,49.9946996,0
            36.2183178,49.9947927,0
            36.2183983,49.994879,0
            36.2185646,49.9951066,0
            36.2191386,49.9960549,0
            36.2201203,49.9978101,0
            36.221161,49.9997136,0
            36.2212039,49.9998584,0
            36.221161,49.999955,0
            36.2210429,50.000055,0
            36.2207747,50.0001687,0
            36.2202866,50.0003653,0
            36.2199164,50.0005343,0
            36.2196965,50.0006549,0
            36.2194122,50.0008101,0
            36.2192298,50.0009446,0
            36.2190635,50.0011101,0
            36.2187953,50.0013721,0
            36.2183983,50.0018928,0
            36.2181783,50.0022342,0
            36.2181032,50.0024169,0
            36.218055,50.002579,0
            36.2180389,50.0027514,0
            36.2180389,50.0030824,0
            36.2180335,50.0032341,0
            36.2181086,50.0032927,0
            36.2187463,50.0034406,0
            36.2190474,50.0035202,0
            36.219439,50.0036099,0
            36.2199003,50.0036995,0
            36.2205172,50.0038547,0
            36.2238754,50.0046029,0
            36.2244225,50.0047305,0
            36.2248141,50.0048132,0
            36.2251306,50.0048925,0
            36.2252916,50.004958,0
            36.2253828,50.0050304,0
            36.2254471,50.0051235,0
            36.2254793,50.0052545,0
            36.2254471,50.0055821,0
            36.2254257,50.0058096,0
            36.2254471,50.0060372,0
            36.22549,50.0061992,0
            36.225592,50.0064578,0
            36.2256778,50.006644,0
            36.2258387,50.0068198,0
            36.2259836,50.0070094,0
            36.2261338,50.0071508,0
            36.2263269,50.0073094,0
            36.2265951,50.0074749,0
            36.2269009,50.0076335,0
            36.227389,50.0078472,0
            36.2278075,50.0079748,0
            36.2280972,50.0080437,0
            36.2283117,50.0080816,0
            36.2286229,50.0080989,0
            36.2288696,50.0081265,0
            36.2293739,50.0081437,0
            36.2297333,50.0081334,0
            36.2300498,50.0081127,0
            36.2303609,50.008061,0
            36.230774,50.007961,0
            36.2313104,50.0077817,0
            36.2317825,50.0075438,0
            36.2324692,50.0072197,0
            36.2328286,50.007068,0
            36.2332255,50.0068888,0
            36.2333865,50.0068026,0
            36.2335367,50.0067474,0
            36.2336976,50.0067371,0
            36.2338639,50.0067888,0
            36.2342233,50.0071266,0
            36.23469,50.0075335,0
            36.2354947,50.0082402,0
            36.2362833,50.0089297,0
            36.2377263,50.0101984,0
            36.2386436,50.011012,0
            36.2387294,50.0111292,0
            36.2387723,50.0112568,0
            36.2388582,50.0113843,0
            36.2389869,50.0114429,0
            36.2391049,50.0114567,0
            36.239282,50.0114154,0
            36.2398989,50.0111327,0
            36.241063,50.0106431,0
            36.2418193,50.0104087,0
            36.2421734,50.0103087,0
            36.2424684,50.0102226,0
            36.2426884,50.0101812,0
            36.2428386,50.0102053,0
            36.2429727,50.0102708,0
            36.2432141,50.0104811,0
            36.2443031,50.0113878,0
            36.2451721,50.0121152,0
            36.2456549,50.0125426,0
            36.2466741,50.0134424,0
            36.2474949,50.0142283,0
            36.2481118,50.0147626,0
            36.2487502,50.0153521,0
            36.2489647,50.0155761,0
            36.2491525,50.0157933,0
            36.2491793,50.0160656,0
            36.2490881,50.0162897,0
            36.2490291,50.0164793,0
            36.2489701,50.0166654,0
            36.2489594,50.0166999,0
          </coordinates>
        </LineString>
      </Placemark>
      <Placemark>
        <name>Південний вокзал</name>
        <description>Трамвай-1, 7, 12, 20.</description>
        <styleUrl>#icon-1499-F57C00</styleUrl>
        <Point>
          <coordinates>
            36.2058064,49.987644,0
          </coordinates>
        </Point>
      </Placemark>
      <Placemark>
        <name>Привокзальна площа</name>
        <description>Трамвай-1, 12, 20.</description>
        <styleUrl>#icon-1626-F57C00</styleUrl>
        <Point>
          <coordinates>
            36.2075227,49.9898871,0
          </coordinates>
        </Point>
      </Placemark>
      <Placemark>
        <name>Остановка вул. Чеботарська</name>
        <description>Трамвай-1, 12, 20.</description>
        <styleUrl>#icon-1718-F57C00</styleUrl>
        <Point>
          <coordinates>
            36.2068682,49.9939188,0
          </coordinates>
        </Point>
      </Placemark>
      <Placemark>
        <name>Остановка вул. Мала Панасівська</name>
        <description>Трамвай-1, 12, 20.</description>
        <styleUrl>#icon-1718-F57C00</styleUrl>
        <Point>
          <coordinates>
            36.2072867,49.9970983,0
          </coordinates>
        </Point>
      </Placemark>
      <Placemark>
        <name>Зупинка пров. Рєзніковський</name>
        <description>Трамвай-12, 20.</description>
        <styleUrl>#icon-1718-F57C00</styleUrl>
        <Point>
          <coordinates>
            36.2100124,49.9968431,0
          </coordinates>
        </Point>
      </Placemark>
      <Placemark>
        <name>Зупинка пров. Лосевський</name>
        <description>Трамвай-12, 20.</description>
        <styleUrl>#icon-1718-F57C00</styleUrl>
        <Point>
          <coordinates>
            36.2134779,49.9953602,0
          </coordinates>
        </Point>
      </Placemark>
      <Placemark>
        <name>Станція метро Центральний ринок</name>
        <description>Трамвай-12, 20.</description>
        <styleUrl>#icon-1626-F57C00</styleUrl>
        <Point>
          <coordinates>
            36.2189388,49.9953637,0
          </coordinates>
        </Point>
      </Placemark>
      <Placemark>
        <name>Зупинка проїзд Рогатинський</name>
        <description>Трамвай-12, 20.</description>
        <styleUrl>#icon-1718-F57C00</styleUrl>
        <Point>
          <coordinates>
            36.2212246,49.9996271,0
          </coordinates>
        </Point>
      </Placemark>
      <Placemark>
        <name>Пантелеймонівський храм</name>
        <description>Трамвай-12, 20.</description>
        <styleUrl>#icon-1670-F57C00</styleUrl>
        <Point>
          <coordinates>
            36.2189448,50.0014581,0
          </coordinates>
        </Point>
      </Placemark>
      <Placemark>
        <name>Зупинка узвіз Клочківський</name>
        <description>Трамвай-12.</description>
        <styleUrl>#icon-1718-F57C00</styleUrl>
        <Point>
          <coordinates>
            36.2188246,50.0033987,0
          </coordinates>
        </Point>
      </Placemark>
      <Placemark>
        <name>Остановка Держпром</name>
        <description>Трамвай-12.</description>
        <styleUrl>#icon-1626-F57C00</styleUrl>
        <Point>
          <coordinates>
            36.2262856,50.0068646,0
          </coordinates>
        </Point>
      </Placemark>
      <Placemark>
        <name>Остановка вул. Трінклера</name>
        <description>Трамвай-12.</description>
        <styleUrl>#icon-1718-F57C00</styleUrl>
        <Point>
          <coordinates>
            36.2345253,50.0073473,0
          </coordinates>
        </Point>
      </Placemark>
      <Placemark>
        <name>Остановка вул. Культури</name>
        <description>Трамвай-12.</description>
        <styleUrl>#icon-1718-F57C00</styleUrl>
        <Point>
          <coordinates>
            36.2380191,50.0104419,0
          </coordinates>
        </Point>
      </Placemark>
      <Placemark>
        <name>Остановка вул. Сумська</name>
        <description>Трамвай-12.</description>
        <styleUrl>#icon-1718-F57C00</styleUrl>
        <Point>
          <coordinates>
            36.240661,50.0107642,0
          </coordinates>
        </Point>
      </Placemark>
      <Placemark>
        <name>Остановка вул. Олеся Гончара</name>
        <description>Трамвай-12.</description>
        <styleUrl>#icon-1718-F57C00</styleUrl>
        <Point>
          <coordinates>
            36.2446609,50.0116563,0
          </coordinates>
        </Point>
      </Placemark>
      <Placemark>
        <name>Остановка вул. Весніна</name>
        <description>Трамвай-12.</description>
        <styleUrl>#icon-1718-F57C00</styleUrl>
        <Point>
          <coordinates>
            36.2463929,50.0132136,0
          </coordinates>
        </Point>
      </Placemark>
    <Placemark>
        <name>Лінія маршруту</name>
        <styleUrl>#line-000000-3519-nodesc</styleUrl>
        <LineString>
          <tessellate>1</tessellate>
          <coordinates>
            36.2489594,50.0166999,0
            36.2489549,50.01662,0
            36.24903,50.0164098,0
            36.2491319,50.016072,0
            36.2491319,50.0159272,0
            36.2491104,50.0157859,0
            36.2490085,50.0156583,0
            36.2480912,50.0147931,0
            36.246852,50.0136555,0
            36.2455431,50.0124938,0
            36.243392,50.0106736,0
            36.2429843,50.0103289,0
            36.2428555,50.0102496,0
            36.2427536,50.0102151,0
            36.2426034,50.0102185,0
            36.2420992,50.0103564,0
            36.2411014,50.0106564,0
            36.2408707,50.0107495,0
            36.2394599,50.0113596,0
            36.2392721,50.0114424,0
            36.2391004,50.0114803,0
            36.2390039,50.0114803,0
            36.2388859,50.0114355,0
            36.2388108,50.0113838,0
            36.2387678,50.0113183,0
            36.2387357,50.0112528,0
            36.2387035,50.0111769,0
            36.2386713,50.0111011,0
            36.2385908,50.0110011,0
            36.237754,50.0102565,0
            36.2364558,50.0091291,0
            36.2351522,50.0079777,0
            36.233854,50.0068261,0
            36.2337628,50.0067848,0
            36.2336556,50.0067641,0
            36.2335054,50.0067882,0
            36.2333552,50.0068468,0
            36.2332103,50.0069227,0
            36.2330816,50.0069847,0
            36.2319068,50.0075191,0
            36.2315205,50.0077018,0
            36.2312201,50.0078397,0
            36.230909,50.0079535,0
            36.2304101,50.0080742,0
            36.2299756,50.0081466,0
            36.2295089,50.0081707,0
            36.2289456,50.0081535,0
            36.228377,50.0081156,0
            36.2277654,50.0079914,0
            36.2272826,50.0078363,0
            36.2268535,50.0076467,0
            36.2264297,50.0074157,0
            36.22614,50.0072019,0
            36.225786,50.0068296,0
            36.2256626,50.0066813,0
            36.2255607,50.0064952,0
            36.2254802,50.0063021,0
            36.2254158,50.0060987,0
            36.2253783,50.0058332,0
            36.225389,50.0056436,0
            36.2254212,50.0054608,0
            36.2254373,50.005254,0
            36.2254158,50.005154,0
            36.2253622,50.0050712,0
            36.2252817,50.0050092,0
            36.2251583,50.0049333,0
            36.2248794,50.0048609,0
            36.2224386,50.0043093,0
            36.2196813,50.0036817,0
            36.2190912,50.0035542,0
            36.2182329,50.0033542,0
            36.2180558,50.0033094,0
            36.2179807,50.0032404,0
            36.2179861,50.0031473,0
            36.2179915,50.0029197,0
            36.2180022,50.0027094,0
            36.2180129,50.0025577,0
            36.2180505,50.0024577,0
            36.2181041,50.0023163,0
            36.2181631,50.002175,0
            36.2182919,50.0019819,0
            36.2185064,50.0016923,0
            36.2186727,50.0014647,0
            36.2189624,50.0011509,0
            36.2191716,50.0009613,0
            36.2193379,50.0008199,0
            36.2195793,50.000682,0
            36.2198744,50.0005199,0
            36.220148,50.0003923,0
            36.2204805,50.0002613,0
            36.2207434,50.000144,0
            36.2209473,50.0000751,0
            36.2210706,50.000013,0
            36.2211565,49.9999096,0
            36.2211726,49.9997923,0
            36.2211028,49.9996647,0
            36.2210116,49.9995268,0
            36.2208024,49.9991234,0
            36.2201801,49.9979889,0
            36.2194506,49.9966958,0
            36.2185815,49.9951957,0
            36.2183938,49.9949301,0
            36.218265,49.9947887,0
            36.2181041,49.9947198,0
            36.2179807,49.9946991,0
            36.2178359,49.9947198,0
            36.2176857,49.994737,0
            36.217514,49.9947818,0
            36.2172458,49.9948577,0
            36.2169722,49.9949646,0
            36.2165484,49.9951301,0
            36.2161193,49.9952922,0
            36.2159423,49.9953405,0
            36.2157974,49.9953784,0
            36.2156365,49.9953784,0
            36.215497,49.9953646,0
            36.2153522,49.9953405,0
            36.2151698,49.9952405,0
            36.2147138,49.9949715,0
            36.2145314,49.9948922,0
            36.2144295,49.9948681,0
            36.2143168,49.994875,0
            36.2141774,49.9949198,0
            36.2124071,49.9964371,0
            36.2122301,49.9965889,0
            36.2120745,49.9966923,0
            36.2118707,49.996744,0
            36.2098858,49.9969406,0
            36.208534,49.9970682,0
            36.2077454,49.9971751,0
            36.2074933,49.9972199,0
            36.2072358,49.9972234,0
            36.2070373,49.9971958,0
            36.2068657,49.997144,0
            36.2067691,49.9970785,0
            36.2067155,49.9969578,0
            36.2067208,49.9967578,0
            36.2067208,49.9964164,0
            36.2067315,49.9960957,0
            36.2067315,49.9957198,0
            36.206753,49.9950336,0
            36.2067476,49.9946991,0
            36.2067315,49.994337,0
            36.2067155,49.9940404,0
            36.2067047,49.9939438,0
            36.2067691,49.9935886,0
            36.2069193,49.9927196,0
            36.2070373,49.9920781,0
            36.2071339,49.9913366,0
            36.2071661,49.9910952,0
            36.2072143,49.9909262,0
            36.2072626,49.9907814,0
            36.2072787,49.990671,0
            36.2073216,49.9901261,0
            36.2073377,49.9899743,0
            36.2074396,49.9894708,0
            36.2076435,49.9883912,0
            36.2076542,49.9882498,0
            36.2076167,49.9881878,0
            36.2074343,49.9881533,0
            36.2071392,49.988136,0
            36.2068817,49.988105,0
            36.2063614,49.9880463,0
            36.2062166,49.988036,0
            36.2060503,49.9879843,0
            36.205943,49.9879325,0
            36.2058732,49.9878635,0
            36.2058571,49.9877911,0
            36.2058518,49.9877152,0
            36.2058831,49.9876606,0
          </coordinates>
        </LineString>
      </Placemark>
      <Placemark>
        <name>Центральний парк</name>
        <description>Трамвай-12, 26.</description>
        <styleUrl>#icon-1499-000000</styleUrl>
        <Point>
          <coordinates>
            36.2490642,50.016654,0
          </coordinates>
        </Point>
      </Placemark>
      <Placemark>
        <name>Остановка вул. Весніна</name>
        <description>Трамвай-12.</description>
        <styleUrl>#icon-1718-000000</styleUrl>
        <Point>
          <coordinates>
            36.2463952,50.0133357,0
          </coordinates>
        </Point>
      </Placemark>
      <Placemark>
        <name>Остановка вул. Олеся Гончара</name>
        <description>Трамвай-12.</description>
        <styleUrl>#icon-1718-000000</styleUrl>
        <Point>
          <coordinates>
            36.245117,50.0122605,0
          </coordinates>
        </Point>
      </Placemark>
      <Placemark>
        <name>Остановка вул. Сумська</name>
        <description>Трамвай-12.</description>
        <styleUrl>#icon-1718-000000</styleUrl>
        <Point>
          <coordinates>
            36.2414795,50.010564,0
          </coordinates>
        </Point>
      </Placemark>
      <Placemark>
        <name>Остановка вул. Культури</name>
        <description>Трамвай-12.</description>
        <styleUrl>#icon-1718-000000</styleUrl>
        <Point>
          <coordinates>
            36.238295,50.0108801,0
          </coordinates>
        </Point>
      </Placemark>
      <Placemark>
        <name>Остановка вул. Трінклера</name>
        <description>Трамвай-12.</description>
        <styleUrl>#icon-1718-000000</styleUrl>
        <Point>
          <coordinates>
            36.234062,50.0070654,0
          </coordinates>
        </Point>
      </Placemark>
      <Placemark>
        <name>Остановка Держпром</name>
        <description>Трамвай-12.</description>
        <styleUrl>#icon-1626-000000</styleUrl>
        <Point>
          <coordinates>
            36.2258587,50.0069599,0
          </coordinates>
        </Point>
      </Placemark>
      <Placemark>
        <name>Зупинка узвіз Клочківський</name>
        <description>Трамвай-12.</description>
        <styleUrl>#icon-1718-000000</styleUrl>
        <Point>
          <coordinates>
            36.2187463,50.0034406,0
          </coordinates>
        </Point>
      </Placemark>
      <Placemark>
        <name>Пантелеймонівський храм</name>
        <description>Трамвай-12.</description>
        <styleUrl>#icon-1670-000000</styleUrl>
        <Point>
          <coordinates>
            36.2188125,50.0014976,0
          </coordinates>
        </Point>
      </Placemark>
      <Placemark>
        <name>Рогатинський проїзд</name>
        <description>Трамвай-12.</description>
        <styleUrl>#icon-1718-000000</styleUrl>
        <Point>
          <coordinates>
            36.2209253,49.9995192,0
          </coordinates>
        </Point>
      </Placemark>
      <Placemark>
        <name>Центральний ринок</name>
        <description>Трамвай-12.</description>
        <styleUrl>#icon-1626-000000</styleUrl>
        <Point>
          <coordinates>
            36.2171147,49.9949887,0
          </coordinates>
        </Point>
      </Placemark>
      <Placemark>
        <name>Зупинка пров. Рєзніковський</name>
        <description>Трамвай-12, 20.</description>
        <styleUrl>#icon-1718-000000</styleUrl>
        <Point>
          <coordinates>
            36.2105646,49.9969433,0
          </coordinates>
        </Point>
      </Placemark>
      <Placemark>
        <name>Остановка вул. Мала Панасівська</name>
        <description>Трамвай-1, 12, 20.</description>
        <styleUrl>#icon-1718-000000</styleUrl>
        <Point>
          <coordinates>
            36.2078172,49.9972219,0
          </coordinates>
        </Point>
      </Placemark>
      <Placemark>
        <name>Привокзальна площа</name>
        <description>Трамвай-1, 12, 20.</description>
        <styleUrl>#icon-1626-000000</styleUrl>
        <Point>
          <coordinates>
            36.2071819,49.9903875,0
          </coordinates>
        </Point>
      </Placemark>
    </Folder><Folder><name>Трамвай №16</name><Placemark>
        <name>Лінія маршруту</name>
        <styleUrl>#line-F57C00-3713-nodesc</styleUrl>
        <LineString>
          <tessellate>1</tessellate>
          <coordinates>
            36.3698163,50.0266449,0
            36.3700845,50.0266932,0
            36.3704707,50.026638,0
            36.3710394,50.0262796,0
            36.3717904,50.025935,0
            36.3722517,50.0259833,0
            36.3725307,50.0262383,0
            36.3725199,50.0264382,0
            36.3723161,50.0266312,0
            36.3718869,50.026831,0
            36.3714793,50.0270792,0
            36.3709857,50.0272997,0
            36.3706424,50.0272928,0
            36.3702991,50.0270447,0
            36.3695695,50.0264588,0
            36.3679817,50.0250803,0
            36.3659861,50.0234329,0
            36.3638618,50.0216683,0
            36.3618126,50.0199518,0
            36.3614263,50.0196209,0
            36.3611688,50.0195451,0
            36.3608899,50.0195589,0
            36.3605788,50.0197105,0
            36.359935,50.020007,0
            36.3596132,50.020131,0
            36.3591196,50.0202896,0
            36.3586368,50.0204344,0
            36.3579609,50.0205929,0
            36.3571884,50.0207859,0
            36.3559117,50.0209858,0
            36.3551821,50.0210892,0
            36.3546457,50.0211651,0
            36.3539376,50.0211857,0
            36.3531759,50.0212202,0
            36.3523605,50.0212409,0
            36.3519742,50.0212616,0
            36.3514056,50.0212616,0
            36.3509657,50.0212822,0
            36.3497319,50.021296,0
            36.3490882,50.0213236,0
            36.347908,50.0213443,0
            36.3468351,50.0213787,0
            36.3459124,50.0214684,0
            36.3447215,50.0216269,0
            36.343874,50.021813,0
            36.3431659,50.0219991,0
            36.3416853,50.0224541,0
            36.3407304,50.0227574,0
            36.3399794,50.0230055,0
            36.3387563,50.0233502,0
            36.3376727,50.0237017,0
            36.3370719,50.023943,0
            36.336396,50.0241705,0
            36.3358595,50.0243221,0
            36.3357522,50.0242187,0
            36.3353767,50.0237155,0
            36.3351192,50.023426,0
            36.3343467,50.0224472,0
            36.332319,50.0199932,0
            36.3314285,50.0189316,0
            36.3297012,50.0170013,0
            36.3293793,50.0167324,0
            36.3291647,50.016567,0
            36.3287785,50.016174,0
            36.3282206,50.0155605,0
            36.3276412,50.0150158,0
            36.3271799,50.0147125,0
            36.3264932,50.0143057,0
            36.3249483,50.0133405,0
            36.3236179,50.0124718,0
            36.3227381,50.0118857,0
            36.3219764,50.0113755,0
            36.3211717,50.0108929,0
            36.3198306,50.0100035,0
            36.3192191,50.0096242,0
            36.3187899,50.0093209,0
            36.3171162,50.0082383,0
            36.3159253,50.0075005,0
            36.3140049,50.0062663,0
            36.311902,50.0049078,0
            36.3109042,50.0042528,0
            36.3102605,50.0038597,0
            36.3086083,50.0027701,0
            36.3052609,50.0006461,0
            36.3035355,49.9995806,0
            36.2985232,49.9964392,0
            36.2954976,49.9945494,0
            36.2938669,49.9935011,0
            36.2927511,49.9927148,0
            36.2907769,49.9917629,0
            36.2875583,49.990273,0
            36.2859762,49.9895981,0
            36.2851121,49.9894177,0
            36.2841465,49.9896108,0
            36.2838461,49.989804,0
            36.2835886,49.990342,0
            36.2830736,49.9912111,0
            36.2827303,49.9917077,0
            36.2823012,49.9919147,0
            36.281872,49.9917353,0
            36.281357,49.991625,0
            36.2809279,49.9917905,0
            36.2806918,49.9923285,0
            36.2799837,49.9936252,0
            36.2791254,49.9947977,0
            36.2785675,49.995515,0
            36.2777307,49.9964944,0
            36.2773659,49.9968944,0
            36.2759712,49.9974737,0
            36.2729456,49.9985496,0
            36.2721946,49.9988255,0
            36.2721946,49.9998048,0
            36.27198,50.0004392,0
            36.2715294,50.0011013,0
            36.2712075,50.0014737,0
            36.2708857,50.0017357,0
            36.2701347,50.0021909,0
            36.2703922,50.0023978,0
            36.2721088,50.0029081,0
            36.2742116,50.0037632,0
            36.2751987,50.0041493,0
            36.2761214,50.0047837,0
            36.278074,50.0060249,0
            36.2797906,50.0071696,0
            36.2817218,50.0083555,0
            36.2839534,50.0098173,0
            36.2860777,50.0111963,0
            36.2885668,50.0130854,0
            36.290219,50.0145608,0
            36.2909271,50.0153329,0
            36.291485,50.0162292,0
            36.2920859,50.0175666,0
            36.2924506,50.0182836,0
            36.2929227,50.0190557,0
            36.2933304,50.0196347,0
            36.2941458,50.0204206,0
            36.2959912,50.0223231,0
            36.2969997,50.0234398,0
            36.2981155,50.0247219,0
            36.2995746,50.0263486,0
            36.30142,50.0284439,0
            36.3020195,50.0291607,0
            36.3025143,50.0294501,0
            36.3033941,50.0293812,0
            36.304939,50.0292296,0
            36.3061621,50.0291055,0
            36.309252,50.0291469,0
            36.3108828,50.0291882,0
            36.3128569,50.0292158,0
            36.3154318,50.0291882,0
            36.3176634,50.0290228,0
            36.318865,50.0288712,0
            36.3212468,50.0286093,0
            36.3227274,50.0283474,0
            36.3244011,50.0280717,0
            36.3265469,50.0274238,0
            36.3301303,50.0262658,0
            36.331568,50.025742,0
            36.3363316,50.0241567,0
          </coordinates>
        </LineString>
      </Placemark>
      <Placemark>
        <name>Зупинка Салтівська</name>
        <description>Трамвай-16, 23, 27.</description>
        <styleUrl>#icon-1499-F57C00</styleUrl>
        <Point>
          <coordinates>
            36.3715771,50.0271114,0
          </coordinates>
        </Point>
      </Placemark>
      <Placemark>
        <name>вул. Бучми</name>
        <description>Трамвай-16, 23, 27.</description>
        <styleUrl>#icon-1718-F57C00</styleUrl>
        <Point>
          <coordinates>
            36.3681868,50.025209,0
          </coordinates>
        </Point>
      </Placemark>
      <Placemark>
        <name>Остановка 11 поліклініка</name>
        <description>Трамвай-16, 23, 27.</description>
        <styleUrl>#icon-1718-F57C00</styleUrl>
        <Point>
          <coordinates>
            36.3648823,50.0228103,0
          </coordinates>
        </Point>
      </Placemark>
      <Placemark>
        <name>Володимирська церква</name>
        <description>Трамвай-16, 27.</description>
        <styleUrl>#icon-1670-F57C00</styleUrl>
        <Point>
          <coordinates>
            36.3602903,50.0198048,0
          </coordinates>
        </Point>
      </Placemark>
      <Placemark>
        <name>Остановка 531 мікрорайон</name>
        <description>Трамвай-16, 27.</description>
        <styleUrl>#icon-1718-F57C00</styleUrl>
        <Point>
          <coordinates>
            36.353853,50.0211559,0
          </coordinates>
        </Point>
      </Placemark>
      <Placemark>
        <name>вул. Гвардійців Широнінців</name>
        <description>Трамвай-16, 27.</description>
        <styleUrl>#icon-1718-F57C00</styleUrl>
        <Point>
          <coordinates>
            36.3496902,50.0211007,0
          </coordinates>
        </Point>
      </Placemark>
      <Placemark>
        <name>Салтівський ринок</name>
        <description>Трамвай-16, 27.</description>
        <styleUrl>#icon-1578-F57C00</styleUrl>
        <Point>
          <coordinates>
            36.342695,50.0221209,0
          </coordinates>
        </Point>
      </Placemark>
      <Placemark>
        <name>Станція метро Салтівська</name>
        <description>Трамвай-16, 27.</description>
        <styleUrl>#icon-1626-F57C00</styleUrl>
        <Point>
          <coordinates>
            36.3373735,50.023858,0
          </coordinates>
        </Point>
      </Placemark>
      <Placemark>
        <name>Остановка 522 мікрорайон</name>
        <description>Трамвай-16, 27.</description>
        <styleUrl>#icon-1718-F57C00</styleUrl>
        <Point>
          <coordinates>
            36.3332107,50.0210042,0
          </coordinates>
        </Point>
      </Placemark>
      <Placemark>
        <name>Станція метро Студентська</name>
        <description>Трамвай-16, 27.</description>
        <styleUrl>#icon-1626-F57C00</styleUrl>
        <Point>
          <coordinates>
            36.3298855,50.0173118,0
          </coordinates>
        </Point>
      </Placemark>
      <Placemark>
        <name>вул. Пєшкова</name>
        <description>Трамвай-16, 27.</description>
        <styleUrl>#icon-1718-F57C00</styleUrl>
        <Point>
          <coordinates>
            36.324682,50.0132267,0
          </coordinates>
        </Point>
      </Placemark>
      <Placemark>
        <name>Станція метро Академіка Павлова</name>
        <description>Трамвай-16, 27.</description>
        <styleUrl>#icon-1626-F57C00</styleUrl>
        <Point>
          <coordinates>
            36.3184056,50.0091105,0
          </coordinates>
        </Point>
      </Placemark>
      <Placemark>
        <name>Остановка пров. Муромський</name>
        <description>Трамвай-16, 27.</description>
        <styleUrl>#icon-1718-F57C00</styleUrl>
        <Point>
          <coordinates>
            36.3147149,50.0067662,0
          </coordinates>
        </Point>
      </Placemark>
      <Placemark>
        <name>Станція метро Академіка Барабашова</name>
        <description>Трамвай-16, 27.</description>
        <styleUrl>#icon-1626-F57C00</styleUrl>
        <Point>
          <coordinates>
            36.3076553,50.0022839,0
          </coordinates>
        </Point>
      </Placemark>
      <Placemark>
        <name>Остановка пров. Сонячний</name>
        <description>Трамвай-16, 27.</description>
        <styleUrl>#icon-1718-F57C00</styleUrl>
        <Point>
          <coordinates>
            36.3035355,49.9995806,0
          </coordinates>
        </Point>
      </Placemark>
      <Placemark>
        <name>вул. Камишева</name>
        <description>Трамвай-16, 27.</description>
        <styleUrl>#icon-1718-F57C00</styleUrl>
        <Point>
          <coordinates>
            36.2960897,49.9949816,0
          </coordinates>
        </Point>
      </Placemark>
      <Placemark>
        <name>Остановка пров. Салтівський</name>
        <description>Трамвай-16, 27.</description>
        <styleUrl>#icon-1718-F57C00</styleUrl>
        <Point>
          <coordinates>
            36.2915782,49.992071,0
          </coordinates>
        </Point>
      </Placemark>
      <Placemark>
        <name>Зупинка Сабурова дача</name>
        <description>Трамвай-8, 16, 27.</description>
        <styleUrl>#icon-1624-F57C00</styleUrl>
        <Point>
          <coordinates>
            36.2859762,49.9895981,0
          </coordinates>
        </Point>
      </Placemark>
      <Placemark>
        <name>вул. Тюрінська</name>
        <description>Трамвай-16.</description>
        <styleUrl>#icon-1718-F57C00</styleUrl>
        <Point>
          <coordinates>
            36.2803329,49.9933122,0
          </coordinates>
        </Point>
      </Placemark>
      <Placemark>
        <name>вул. Пестеля</name>
        <description>Трамвай-16.</description>
        <styleUrl>#icon-1718-F57C00</styleUrl>
        <Point>
          <coordinates>
            36.2779623,49.9962968,0
          </coordinates>
        </Point>
      </Placemark>
      <Placemark>
        <name>Остановка Мойсеївський міст</name>
        <description>Трамвай-16.</description>
        <styleUrl>#icon-1528-F57C00</styleUrl>
        <Point>
          <coordinates>
            36.2724444,49.9987735,0
          </coordinates>
        </Point>
      </Placemark>
      <Placemark>
        <name>Станція метро Київська</name>
        <description>Трамвай-16.</description>
        <styleUrl>#icon-1626-F57C00</styleUrl>
        <Point>
          <coordinates>
            36.2711602,50.0016071,0
          </coordinates>
        </Point>
      </Placemark>
      <Placemark>
        <name>вул. Матюшенко</name>
        <description>Трамвай-16.</description>
        <styleUrl>#icon-1499-F57C00</styleUrl>
        <Point>
          <coordinates>
            36.2708941,50.0025457,0
          </coordinates>
        </Point>
      </Placemark>
      <Placemark>
        <name>вул. Кольцовська</name>
        <description>Трамвай-16.</description>
        <styleUrl>#icon-1718-F57C00</styleUrl>
        <Point>
          <coordinates>
            36.2738928,50.0036456,0
          </coordinates>
        </Point>
      </Placemark>
      <Placemark>
        <name>Зупинка Житлово-комунальний технікум</name>
        <description>Трамвай-16.</description>
        <styleUrl>#icon-1726-F57C00</styleUrl>
        <Point>
          <coordinates>
            36.2802484,50.0073975,0
          </coordinates>
        </Point>
      </Placemark>
      <Placemark>
        <name>вул. Луганська</name>
        <description>Трамвай-16.</description>
        <styleUrl>#icon-1718-F57C00</styleUrl>
        <Point>
          <coordinates>
            36.2856235,50.010914,0
          </coordinates>
        </Point>
      </Placemark>
      <Placemark>
        <name>вул. Тахіатаська</name>
        <description>Трамвай-16.</description>
        <styleUrl>#icon-1718-F57C00</styleUrl>
        <Point>
          <coordinates>
            36.2893008,50.013852,0
          </coordinates>
        </Point>
      </Placemark>
      <Placemark>
        <name>Журавлівський гідропарк</name>
        <description>Трамвай-16.</description>
        <styleUrl>#icon-1720-F57C00</styleUrl>
        <Point>
          <coordinates>
            36.2930584,50.0192455,0
          </coordinates>
        </Point>
      </Placemark>
      <Placemark>
        <name>вул. Ковпака</name>
        <description>Трамвай-16.</description>
        <styleUrl>#icon-1718-F57C00</styleUrl>
        <Point>
          <coordinates>
            36.2969744,50.0235538,0
          </coordinates>
        </Point>
      </Placemark>
      <Placemark>
        <name>вул. Саперна</name>
        <description>Трамвай-16.</description>
        <styleUrl>#icon-1718-F57C00</styleUrl>
        <Point>
          <coordinates>
            36.3020195,50.0291607,0
          </coordinates>
        </Point>
      </Placemark>
      <Placemark>
        <name>Сосновий бір</name>
        <description>Трамвай-16.</description>
        <styleUrl>#icon-1720-F57C00</styleUrl>
        <Point>
          <coordinates>
            36.3162095,50.0291401,0
          </coordinates>
        </Point>
      </Placemark>
      <Placemark>
        <name>вул. Барабашова</name>
        <description>Трамвай-16.</description>
        <styleUrl>#icon-1718-F57C00</styleUrl>
        <Point>
          <coordinates>
            36.3254197,50.0276789,0
          </coordinates>
        </Point>
      </Placemark>
      <Placemark>
        <name>Остановка Піски</name>
        <description>Трамвай-16.</description>
        <styleUrl>#icon-1718-F57C00</styleUrl>
        <Point>
          <coordinates>
            36.3305287,50.0260433,0
          </coordinates>
        </Point>
      </Placemark>
    </Folder><Folder><name>Трамвай №20</name><Placemark>
        <name>Лінія маршруту</name>
        <styleUrl>#line-F57C00-3906-nodesc</styleUrl>
        <LineString>
          <tessellate>1</tessellate>
          <coordinates>
            36.210482,50.0678673,0
            36.2097753,50.0671933,0
            36.2088633,50.066329,0
            36.207887,50.0654027,0
            36.20646,50.0640598,0
            36.2051565,50.0628304,0
            36.2034077,50.0611843,0
            36.2020344,50.0598997,0
            36.2016643,50.0595622,0
            36.2003822,50.0583293,0
            36.198451,50.0565143,0
            36.1963696,50.0545649,0
            36.1947066,50.052977,0
            36.1935479,50.0518989,0
            36.193446,50.0518059,0
            36.1925716,50.0511515,0
            36.1905063,50.0495773,0
            36.1894227,50.0487885,0
            36.1891759,50.048599,0
            36.1890793,50.0485198,0
            36.1889935,50.0484302,0
            36.1889774,50.0483579,0
            36.1889935,50.0482752,0
            36.1890579,50.0481925,0
            36.1892617,50.0480031,0
            36.1899162,50.0474485,0
            36.1927164,50.045044,0
            36.1942989,50.0436763,0
            36.1947334,50.0432767,0
            36.1951465,50.042846,0
            36.1952484,50.0427289,0
            36.1953503,50.0424877,0
            36.195581,50.04194,0
            36.1958653,50.0412647,0
            36.1961389,50.0405825,0
            36.1966432,50.0393319,0
            36.1969114,50.0386807,0
            36.1973566,50.0375541,0
            36.1974156,50.0373542,0
            36.1974371,50.0371716,0
            36.1974317,50.0369649,0
            36.1973995,50.0367099,0
            36.197126,50.0352352,0
            36.197083,50.0349871,0
            36.1970562,50.0348183,0
            36.1970455,50.0346115,0
            36.1970884,50.0345495,0
            36.1971474,50.0344186,0
            36.1972815,50.0342601,0
            36.1976195,50.0339499,0
            36.1984993,50.0330885,0
            36.1987889,50.0328197,0
            36.1989284,50.0327026,0
            36.1991054,50.032613,0
            36.1997384,50.0323028,0
            36.2010313,50.0316481,0
            36.2012458,50.0315551,0
            36.2014872,50.0313518,0
            36.201734,50.0311691,0
            36.2018842,50.0310658,0
            36.2021417,50.0309141,0
            36.2039334,50.0300216,0
            36.2048507,50.0294978,0
            36.2052101,50.0292738,0
            36.2054515,50.0291015,0
            36.2057573,50.0288844,0
            36.2059772,50.0286708,0
            36.2065781,50.027854,0
            36.2070716,50.0271682,0
            36.2078655,50.0260689,0
            36.2086541,50.0249729,0
            36.2088097,50.0248075,0
            36.2089438,50.024649,0
            36.2095339,50.02397,0
            36.2098879,50.0235599,0
            36.2104565,50.0228913,0
            36.2110413,50.0221882,0
            36.2115562,50.0215643,0
            36.2120229,50.0209612,0
            36.2125916,50.0201994,0
            36.2131656,50.0193998,0
            36.2137557,50.018576,0
            36.2150699,50.0167767,0
            36.2155903,50.0160666,0
            36.2162126,50.0151601,0
            36.2163949,50.0148981,0
            36.216572,50.0145775,0
            36.216926,50.0137605,0
            36.2172586,50.012816,0
            36.2177307,50.0112785,0
            36.218133,50.0098478,0
            36.2182457,50.0094582,0
            36.2183315,50.0090135,0
            36.2184334,50.0084136,0
            36.218471,50.0079206,0
            36.218471,50.0075069,0
            36.2184763,50.0064933,0
            36.2184281,50.0061347,0
            36.2183422,50.0057727,0
            36.2181437,50.0046866,0
            36.2180311,50.004135,0
            36.2179775,50.0038488,0
            36.2179989,50.0035661,0
            36.2180043,50.002711,0
            36.2180204,50.0025938,0
            36.2180686,50.0024386,0
            36.2181813,50.0021766,0
            36.2183744,50.0019111,0
            36.2186695,50.0014973,0
            36.2188679,50.0012387,0
            36.2190289,50.0010697,0
            36.2192971,50.0008525,0
            36.2195439,50.0006835,0
            36.2198711,50.0005215,0
            36.2202681,50.000356,0
            36.220665,50.0001939,0
            36.2208474,50.0001077,0
            36.2210137,50.0000456,0
            36.2210942,49.9999698,0
            36.2212055,49.9998619,0
            36.2211425,49.9997215,0
            36.2209386,49.9993353,0
            36.2201071,49.9978387,0
            36.2192864,49.9963628,0
            36.2184173,49.9948938,0
            36.2182993,49.9947765,0
            36.2181598,49.9947351,0
            36.2180526,49.9947041,0
            36.2179131,49.9946903,0
            36.2177575,49.9947007,0
            36.2172479,49.9948593,0
            36.2159497,49.9953317,0
            36.2157298,49.9953938,0
            36.2155152,49.9953766,0
            36.2154133,49.9953455,0
            36.2152309,49.9952662,0
            36.214791,49.9950179,0
            36.214614,49.9949214,0
            36.214512,49.99488,0
            36.2143672,49.9948765,0
            36.2142224,49.9948972,0
            36.2141312,49.994942,0
            36.2140453,49.9950041,0
            36.2138683,49.9951524,0
            36.2127579,49.9961663,0
            36.212436,49.9964594,0
            36.2122161,49.996618,0
            36.212039,49.9966939,0
            36.2114758,49.9967973,0
            36.2099469,49.9969387,0
            36.2095607,49.9969766,0
            36.2082303,49.997118,0
            36.2073398,49.9972318,0
            36.207034,49.9972284,0
            36.2068034,49.9971422,0
            36.206739,49.9970594,0
            36.2067122,49.9969215,0
            36.206739,49.9959732,0
            36.2067658,49.9950076,0
            36.2067068,49.9939902,0
            36.2067283,49.9937592,0
            36.2068087,49.9932833,0
            36.2070448,49.9919969,0
            36.2072862,49.9904656,0
            36.2073237,49.990207,0
            36.2075651,49.9888136,0
            36.2076724,49.9881997,0
            36.2075383,49.9881514,0
            36.2072218,49.9881134,0
            36.206975,49.9880962,0
            36.2061435,49.9880272,0
            36.2060202,49.9879755,0
            36.2058968,49.98791,0
            36.2058646,49.9878272,0
            36.2058592,49.9877513,0
            36.20587,49.9876892,0
            36.205929,49.9876409,0
          </coordinates>
        </LineString>
      </Placemark>
      <Placemark>
        <name>Остановка пр. Перемоги</name>
        <description>Трамвай-20.</description>
        <styleUrl>#icon-1499-F57C00</styleUrl>
        <Point>
          <coordinates>
            36.2105343,50.0678321,0
          </coordinates>
        </Point>
      </Placemark>
      <Placemark>
        <name>Зупинка Сонячна</name>
        <description>Трамвай – 20.</description>
        <styleUrl>#icon-1700-F57C00</styleUrl>
        <Point>
          <coordinates>
            36.2086064,50.066146,0
          </coordinates>
        </Point>
      </Placemark>
      <Placemark>
        <name>Остановка Шкільна</name>
        <description>Трамвай – 20.</description>
        <styleUrl>#icon-1682-F57C00</styleUrl>
        <Point>
          <coordinates>
            36.2052083,50.0628023,0
          </coordinates>
        </Point>
      </Placemark>
      <Placemark>
        <name>Станція метро Перемога</name>
        <description>Трамвай – 20.</description>
        <styleUrl>#icon-1626-F57C00</styleUrl>
        <Point>
          <coordinates>
            36.2019489,50.0598252,0
          </coordinates>
        </Point>
      </Placemark>
      <Placemark>
        <name>Банківський інститут</name>
        <description>Трамвай-20.</description>
        <styleUrl>#icon-1726-F57C00</styleUrl>
        <Point>
          <coordinates>
            36.1962403,50.0546386,0
          </coordinates>
        </Point>
      </Placemark>
      <Placemark>
        <name>вул. Ахсарова</name>
        <description>Трамвай-20.</description>
        <styleUrl>#icon-1718-F57C00</styleUrl>
        <Point>
          <coordinates>
            36.193772,50.0520646,0
          </coordinates>
        </Point>
      </Placemark>
      <Placemark>
        <name>Зупинка Обласна дитяча лікарня</name>
        <description>Трамвай-20.</description>
        <styleUrl>#icon-1624-F57C00</styleUrl>
        <Point>
          <coordinates>
            36.1896311,50.0486381,0
          </coordinates>
        </Point>
      </Placemark>
      <Placemark>
        <name>вул. Фронтовиків</name>
        <description>Трамвай-20.</description>
        <styleUrl>#icon-1718-F57C00</styleUrl>
        <Point>
          <coordinates>
            36.1916466,50.0458967,0
          </coordinates>
        </Point>
      </Placemark>
      <Placemark>
        <name>Університет торгівлі та харчування</name>
        <description>Трамвай-20.</description>
        <styleUrl>#icon-1726-F57C00</styleUrl>
        <Point>
          <coordinates>
            36.1949923,50.0429945,0
          </coordinates>
        </Point>
      </Placemark>
      <Placemark>
        <name>вул. Олексіївська</name>
        <description>Трамвай-20.</description>
        <styleUrl>#icon-1718-F57C00</styleUrl>
        <Point>
          <coordinates>
            36.1966319,50.0390762,0
          </coordinates>
        </Point>
      </Placemark>
      <Placemark>
        <name>Остановка Олексіївська балка</name>
        <description>Трамвай-20.</description>
        <styleUrl>#icon-1720-F57C00</styleUrl>
        <Point>
          <coordinates>
            36.1974157,50.0340791,0
          </coordinates>
        </Point>
      </Placemark>
      <Placemark>
        <name>вул. Ковальська</name>
        <description>Трамвай-20.</description>
        <styleUrl>#icon-1718-F57C00</styleUrl>
        <Point>
          <coordinates>
            36.2004713,50.0318356,0
          </coordinates>
        </Point>
      </Placemark>
      <Placemark>
        <name>вул. 23 серпня</name>
        <description>Трамвай-20.</description>
        <styleUrl>#icon-1718-F57C00</styleUrl>
        <Point>
          <coordinates>
            36.2056414,50.0288548,0
          </coordinates>
        </Point>
      </Placemark>
      <Placemark>
        <name>вул. Стражів Неба</name>
        <description>Трамвай-20.</description>
        <styleUrl>#icon-1718-F57C00</styleUrl>
        <Point>
          <coordinates>
            36.2083291,50.0253263,0
          </coordinates>
        </Point>
      </Placemark>
      <Placemark>
        <name>вул. Європейська</name>
        <description>Трамвай-20.</description>
        <styleUrl>#icon-1718-F57C00</styleUrl>
        <Point>
          <coordinates>
            36.212822,50.0197423,0
          </coordinates>
        </Point>
      </Placemark>
      <Placemark>
        <name>Соснова Гірка</name>
        <description>Трамвай-20.</description>
        <styleUrl>#icon-1720-F57C00</styleUrl>
        <Point>
          <coordinates>
            36.2153137,50.0164505,0
          </coordinates>
        </Point>
      </Placemark>
      <Placemark>
        <name>Зупинка Павлівська</name>
        <description>Трамвай-20.</description>
        <styleUrl>#icon-1718-F57C00</styleUrl>
        <Point>
          <coordinates>
            36.2174813,50.0120639,0
          </coordinates>
        </Point>
      </Placemark>
      <Placemark>
        <name>вул. Херсонська</name>
        <description>Трамвай-20.</description>
        <styleUrl>#icon-1718-F57C00</styleUrl>
        <Point>
          <coordinates>
            36.218407,50.0080228,0
          </coordinates>
        </Point>
      </Placemark>
      <Placemark>
        <name>Остановка узвіз Клочківський</name>
        <description>Трамвай-20.</description>
        <styleUrl>#icon-1718-F57C00</styleUrl>
        <Point>
          <coordinates>
            36.2179577,50.0039441,0
          </coordinates>
        </Point>
      </Placemark>
      <Placemark>
        <name>Пантелеймівський храм</name>
        <description>Трамвай-20.</description>
        <styleUrl>#icon-1670-F57C00</styleUrl>
        <Point>
          <coordinates>
            36.2185558,50.0016146,0
          </coordinates>
        </Point>
      </Placemark>
      <Placemark>
        <name>Рогатинський проїзд</name>
        <description>Трамвай-20.</description>
        <styleUrl>#icon-1718-F57C00</styleUrl>
        <Point>
          <coordinates>
            36.2210303,49.9995974,0
          </coordinates>
        </Point>
      </Placemark>
      <Placemark>
        <name>Центральний ринок</name>
        <description>Трамвай-20.</description>
        <styleUrl>#icon-1626-F57C00</styleUrl>
        <Point>
          <coordinates>
            36.2170933,49.9949254,0
          </coordinates>
        </Point>
      </Placemark>
      <Placemark>
        <name>Остановка пров. Резніковський</name>
        <description>Трамвай-12, 20.</description>
        <styleUrl>#icon-1718-F57C00</styleUrl>
        <Point>
          <coordinates>
            36.2108078,49.9969906,0
          </coordinates>
        </Point>
      </Placemark>
      <Placemark>
        <name>вул. Мала Панасівська</name>
        <description>Трамвай-12, 20.</description>
        <styleUrl>#icon-1718-F57C00</styleUrl>
        <Point>
          <coordinates>
            36.2077179,49.9972113,0
          </coordinates>
        </Point>
      </Placemark>
      <Placemark>
        <name>Остановка пл. Привокзальна</name>
        <description>Трамвай-12, 20.</description>
        <styleUrl>#icon-1626-F57C00</styleUrl>
        <Point>
          <coordinates>
            36.2071722,49.9904061,0
          </coordinates>
        </Point>
      </Placemark>
    <Placemark>
        <name>Лінія маршруту</name>
        <styleUrl>#line-000000-3713-nodesc</styleUrl>
        <LineString>
          <tessellate>1</tessellate>
          <coordinates>
            36.2059705,49.9876262,0
            36.2061529,49.9875434,0
            36.2063997,49.9875917,0
            36.2065928,49.9877159,0
            36.2066679,49.9878883,0
            36.2068503,49.9880056,0
            36.2071185,49.9880677,0
            36.2075048,49.988116,0
            36.2077193,49.988178,0
            36.2076442,49.9886023,0
            36.2074779,49.9894438,0
            36.2072902,49.9907441,0
            36.2072526,49.9909234,0
            36.207022,49.9922891,0
            36.2067484,49.9939445,0
            36.2067484,49.9940686,0
            36.2068235,49.9950204,0
            36.2067591,49.9970102,0
            36.206802,49.9970861,0
            36.2069039,49.9971585,0
            36.2071024,49.9972068,0
            36.2073116,49.9972033,0
            36.207655,49.9971585,0
            36.2080197,49.9971136,0
            36.2090122,49.9969895,0
            36.2098651,49.996924,0
            36.2112008,49.996786,0
            36.2115924,49.9967516,0
            36.2118338,49.9967205,0
            36.2120216,49.9966723,0
            36.2122147,49.996586,0
            36.2123864,49.9964653,0
            36.2129014,49.9959929,0
            36.2137758,49.9951998,0
            36.213985,49.995017,0
            36.2140815,49.9949204,0
            36.2141888,49.9948721,0
            36.2143551,49.994848,0
            36.2144785,49.9948549,0
            36.2146287,49.9948928,0
            36.2149345,49.9950687,0
            36.2151705,49.9952101,0
            36.2153368,49.9952929,0
            36.2154924,49.9953549,0
            36.2157338,49.9953687,0
            36.2160556,49.9952756,0
            36.2168657,49.994979,0
            36.2174128,49.9947756,0
            36.2178098,49.9946618,0
            36.2179815,49.9946652,0
            36.2181317,49.9947032,0
            36.2183355,49.9947859,0
            36.2184589,49.9949101,0
            36.2196927,49.9970205,0
            36.2203954,49.998293,0
            36.2211357,49.9996481,0
            36.2211894,49.9997688,0
            36.2212055,49.9998619,0
            36.2211679,49.9999447,0
            36.221066,50.0000481,0
            36.2207388,50.000193,0
            36.2205027,50.000293,0
            36.2199556,50.0005171,0
            36.2196283,50.000686,0
            36.2193226,50.000886,0
            36.2190973,50.0010653,0
            36.2187808,50.0013998,0
            36.2184482,50.0018549,0
            36.2181531,50.0023411,0
            36.2180619,50.0026376,0
            36.2180351,50.0029997,0
            36.2180297,50.0036134,0
            36.2180297,50.0038927,0
            36.2180887,50.0041823,0
            36.2184267,50.0060097,0
            36.2184696,50.0062096,0
            36.2185072,50.0066268,0
            36.2185125,50.0070302,0
            36.2185179,50.0079679,0
            36.2184535,50.0085851,0
            36.2182765,50.0095125,0
            36.2181531,50.0099262,0
            36.2177132,50.0114568,0
            36.217445,50.0124014,0
            36.2169569,50.0137906,0
            36.216635,50.0145249,0
            36.2163185,50.0150764,0
            36.215605,50.0161105,0
            36.215133,50.0167413,0
            36.2140279,50.018258,0
            36.2128048,50.0199779,0
            36.2120913,50.0209258,0
            36.2114851,50.0217116,0
            36.2099617,50.0235245,0
            36.2087117,50.0249617,0
            36.2077086,50.0263436,0
            36.206287,50.0283218,0
            36.2060295,50.0286629,0
            36.2058525,50.0288594,0
            36.2056379,50.0290041,0
            36.2052302,50.0293005,0
            36.204152,50.029938,0
            36.2028645,50.0305893,0
            36.2020116,50.03102,0
            36.2017487,50.0311992,0
            36.2014859,50.0313991,0
            36.2012177,50.0315989,0
            36.2008582,50.0317678,0
            36.1998605,50.0322709,0
            36.199147,50.0326189,0
            36.1989646,50.0327223,0
            36.1987017,50.0329394,0
            36.1980473,50.0335734,0
            36.1972212,50.0343694,0
            36.1971514,50.0344969,0
            36.1970763,50.0346485,0
            36.1970924,50.0348759,0
            36.1973231,50.0360612,0
            36.1974787,50.0370294,0
            36.1974733,50.037243,0
            36.1974304,50.0374601,0
            36.1969851,50.0386074,0
            36.1967545,50.0391518,0
            36.1962073,50.0404955,0
            36.1954241,50.0424179,0
            36.1952471,50.0427728,0
            36.194952,50.0431104,0
            36.1945336,50.0435031,0
            36.1941634,50.0438338,0
            36.1925434,50.0452291,0
            36.1909019,50.0466483,0
            36.1893194,50.0479987,0
            36.1891048,50.0481951,0
            36.1890082,50.0483328,0
            36.1890512,50.0484568,0
            36.1893891,50.0487255,0
            36.1906819,50.0496763,0
            36.1920016,50.0506752,0
            36.193509,50.0518188,0
            36.193922,50.0522183,0
            36.1945121,50.052766,0
            36.1950325,50.0532516,0
            36.1961536,50.0543125,0
            36.1973445,50.0554491,0
            36.198927,50.0569197,0
            36.200869,50.058752,0
            36.2023442,50.0601605,0
            36.2034117,50.0611489,0
            36.2050371,50.0626848,0
            36.2060617,50.0636422,0
            36.2081914,50.0656566,0
            36.2097042,50.0670822,0
            36.2110667,50.0683872,0
            36.2112598,50.0685628,0
            36.2114315,50.0687212,0
            36.2116193,50.0689106,0
            36.2116944,50.069038,0
            36.2117265,50.0691585,0
            36.2116783,50.0692721,0
            36.2116085,50.0693513,0
            36.2114851,50.0694202,0
            36.2113189,50.0694546,0
            36.2111418,50.0694546,0
            36.2109809,50.0694099,0
            36.2109112,50.0693341,0
            36.2108521,50.0692584,0
            36.2108521,50.0691275,0
            36.2108897,50.0688865,0
            36.2109809,50.0686282,0
            36.210997,50.0684595,0
            36.2110077,50.0684044,0
            36.2109648,50.068339,0
            36.210482,50.0678673,0
          </coordinates>
        </LineString>
      </Placemark>
      <Placemark>
        <name>Південний вокзал</name>
        <description>Трамвай-1, 7, 12, 20.</description>
        <styleUrl>#icon-1499-000000</styleUrl>
        <Point>
          <coordinates>
            36.2057351,49.9875671,0
          </coordinates>
        </Point>
      </Placemark>
      <Placemark>
        <name>Привокзальна площа</name>
        <description>Трамвай-1, 12, 20.</description>
        <styleUrl>#icon-1626-000000</styleUrl>
        <Point>
          <coordinates>
            36.2074946,49.989871,0
          </coordinates>
        </Point>
      </Placemark>
      <Placemark>
        <name>вул. Чоботарська</name>
        <description>Трамвай-1, 12, 20.</description>
        <styleUrl>#icon-1718-000000</styleUrl>
        <Point>
          <coordinates>
            36.2068616,49.9939958,0
          </coordinates>
        </Point>
      </Placemark>
      <Placemark>
        <name>вул. Мала Панасівська</name>
        <description>Трамвай-12, 20.</description>
        <styleUrl>#icon-1718-000000</styleUrl>
        <Point>
          <coordinates>
            36.2074518,49.9970442,0
          </coordinates>
        </Point>
      </Placemark>
      <Placemark>
        <name>Остановка пров. Резніковський</name>
        <description>Трамвай-12, 20.</description>
        <styleUrl>#icon-1718-000000</styleUrl>
        <Point>
          <coordinates>
            36.2106072,49.9969041,0
          </coordinates>
        </Point>
      </Placemark>
      <Placemark>
        <name>Остановка пров. Лосевський</name>
        <description>Трамвай-12, 20.</description>
        <styleUrl>#icon-1718-000000</styleUrl>
        <Point>
          <coordinates>
            36.2135342,49.9953133,0
          </coordinates>
        </Point>
      </Placemark>
      <Placemark>
        <name>Центральний ринок</name>
        <description>Трамвай-12, 20.</description>
        <styleUrl>#icon-1626-000000</styleUrl>
        <Point>
          <coordinates>
            36.2188893,49.9953528,0
          </coordinates>
        </Point>
      </Placemark>
      <Placemark>
        <name>Зупинка проїзд Рогатинський</name>
        <description>Трамвай-12, 20.</description>
        <styleUrl>#icon-1718-000000</styleUrl>
        <Point>
          <coordinates>
            36.2212658,49.9996123,0
          </coordinates>
        </Point>
      </Placemark>
      <Placemark>
        <name>Пантелеймонівський храм</name>
        <description>Трамвай-12, 20.</description>
        <styleUrl>#icon-1670-000000</styleUrl>
        <Point>
          <coordinates>
            36.2187674,50.0014928,0
          </coordinates>
        </Point>
      </Placemark>
      <Placemark>
        <name>Остановка узвіз Клочківський</name>
        <description>Трамвай-20.</description>
        <styleUrl>#icon-1718-000000</styleUrl>
        <Point>
          <coordinates>
            36.218306,50.0038995,0
          </coordinates>
        </Point>
      </Placemark>
      <Placemark>
        <name>вул. Херсонська</name>
        <description>Трамвай-20.</description>
        <styleUrl>#icon-1718-000000</styleUrl>
        <Point>
          <coordinates>
            36.2185743,50.0074369,0
          </coordinates>
        </Point>
      </Placemark>
      <Placemark>
        <name>вул. Павлівська</name>
        <description>Трамвай-20.</description>
        <styleUrl>#icon-1718-000000</styleUrl>
        <Point>
          <coordinates>
            36.2178983,50.0113533,0
          </coordinates>
        </Point>
      </Placemark>
      <Placemark>
        <name>Соснова гірка</name>
        <description>Трамвай-20.</description>
        <styleUrl>#icon-1720-000000</styleUrl>
        <Point>
          <coordinates>
            36.2155702,50.0164,0
          </coordinates>
        </Point>
      </Placemark>
      <Placemark>
        <name>вул. Європейська</name>
        <description>Трамвай-20.</description>
        <styleUrl>#icon-1718-000000</styleUrl>
        <Point>
          <coordinates>
            36.2134673,50.0191506,0
          </coordinates>
        </Point>
      </Placemark>
      <Placemark>
        <name>вул. Стражів Неба</name>
        <description>Трамвай-20.</description>
        <styleUrl>#icon-1718-000000</styleUrl>
        <Point>
          <coordinates>
            36.2088808,50.0248375,0
          </coordinates>
        </Point>
      </Placemark>
      <Placemark>
        <name>вул. 23. Серпня</name>
        <description>Трамвай-20.</description>
        <styleUrl>#icon-1718-000000</styleUrl>
        <Point>
          <coordinates>
            36.2064328,50.0282804,0
          </coordinates>
        </Point>
      </Placemark>
      <Placemark>
        <name>вул. Ковальська</name>
        <description>Трамвай-20.</description>
        <styleUrl>#icon-1718-000000</styleUrl>
        <Point>
          <coordinates>
            36.2006016,50.0320227,0
          </coordinates>
        </Point>
      </Placemark>
      <Placemark>
        <name>Остановка Олексіївська балка</name>
        <description>Трамвай-20.</description>
        <styleUrl>#icon-1720-000000</styleUrl>
        <Point>
          <coordinates>
            36.1976083,50.0340627,0
          </coordinates>
        </Point>
      </Placemark>
      <Placemark>
        <name>вул. Олексіївська</name>
        <description>Трамвай-20.</description>
        <styleUrl>#icon-1718-000000</styleUrl>
        <Point>
          <coordinates>
            36.1968788,50.0388589,0
          </coordinates>
        </Point>
      </Placemark>
      <Placemark>
        <name>Зупинка Університет харчування та торгівлі</name>
        <description>Трамвай-20.</description>
        <styleUrl>#icon-1726-000000</styleUrl>
        <Point>
          <coordinates>
            36.1952373,50.0426693,0
          </coordinates>
        </Point>
      </Placemark>
      <Placemark>
        <name>Остановка бул. Фронтовиків</name>
        <description>Трамвай-20.</description>
        <styleUrl>#icon-1718-000000</styleUrl>
        <Point>
          <coordinates>
            36.1918306,50.045863,0
          </coordinates>
        </Point>
      </Placemark>
      <Placemark>
        <name>Зупинка Обласна дитяча лікарня</name>
        <description>Трамвай-20.</description>
        <styleUrl>#icon-1624-000000</styleUrl>
        <Point>
          <coordinates>
            36.1891596,50.048111,0
          </coordinates>
        </Point>
      </Placemark>
      <Placemark>
        <name>вул. Ахсарова</name>
        <description>Трамвай-20.</description>
        <styleUrl>#icon-1718-000000</styleUrl>
        <Point>
          <coordinates>
            36.19314,50.0514591,0
          </coordinates>
        </Point>
      </Placemark>
      <Placemark>
        <name>Банківський інститут</name>
        <description>Трамвай-20.</description>
        <styleUrl>#icon-1726-000000</styleUrl>
        <Point>
          <coordinates>
            36.1960798,50.0541802,0
          </coordinates>
        </Point>
      </Placemark>
      <Placemark>
        <name>Станція метро Перемога</name>
        <description>Трамвай-20.</description>
        <styleUrl>#icon-1626-000000</styleUrl>
        <Point>
          <coordinates>
            36.2013047,50.0589744,0
          </coordinates>
        </Point>
      </Placemark>
      <Placemark>
        <name>Остановка Шкільна</name>
        <description>Трамвай-20.</description>
        <styleUrl>#icon-1682-000000</styleUrl>
        <Point>
          <coordinates>
            36.2056069,50.0629554,0
          </coordinates>
        </Point>
      </Placemark>
      <Placemark>
        <name>Зупинка Сонячна</name>
        <description>Трамвай-20.</description>
        <styleUrl>#icon-1700-000000</styleUrl>
        <Point>
          <coordinates>
            36.2087534,50.0659463,0
          </coordinates>
        </Point>
      </Placemark>
    </Folder><Folder><name>Трамвай №23</name><Placemark>
        <name>Лінія маршруту</name>
        <styleUrl>#line-F57C00-3519-nodesc</styleUrl>
        <LineString>
          <tessellate>1</tessellate>
          <coordinates>
            36.3714369,50.0270136,0
            36.3711902,50.0271859,0
            36.3709434,50.02731,0
            36.3706752,50.0273031,0
            36.3704606,50.0271997,0
            36.3698276,50.0267035,0
            36.3665339,50.0238981,0
            36.3628002,50.02081,0
            36.3584443,50.0171702,0
            36.3543459,50.0137644,0
            36.3515886,50.0114823,0
            36.3504299,50.0104826,0
            36.3502046,50.0103171,0
            36.3500007,50.0102275,0
            36.3498934,50.0101103,0
            36.348209,50.0087451,0
            36.3457306,50.0067248,0
            36.345044,50.0060904,0
            36.3447758,50.0059318,0
            36.3444217,50.005849,0
            36.3438853,50.0056904,0
            36.343381,50.0054974,0
            36.3431664,50.005325,0
            36.3428446,50.0050629,0
            36.3425549,50.0048078,0
            36.3423618,50.0046009,0
            36.342233,50.0043734,0
            36.3421794,50.0041458,0
            36.3421687,50.0036769,0
            36.3420614,50.0032976,0
            36.3418575,50.0027391,0
            36.3414176,50.0018426,0
            36.3411172,50.0012702,0
            36.3409027,50.0006702,0
            36.3406988,50.0001875,0
            36.3406237,49.9996634,0
            36.3405915,49.9992565,0
            36.3405808,49.9987737,0
            36.3406023,49.997953,0
            36.340613,49.9963668,0
            36.3405915,49.9936562,0
            36.3406023,49.9919181,0
            36.3404628,49.9894349,0
            36.3405379,49.9893038,0
            36.341482,49.9889796,0
            36.3421365,49.9887451,0
            36.34263,49.9887244,0
            36.342909,49.9887589,0
            36.3452264,49.9890417,0
            36.3576718,49.9905799,0
            36.3592919,49.99078,0
            36.3598391,49.9908696,0
            36.3602575,49.9909386,0
            36.3603755,49.9910903,0
            36.3604613,49.9913318,0
            36.3603326,49.9914352,0
            36.3600322,49.9914421,0
            36.3596889,49.9913111,0
            36.359485,49.9912076,0
            36.3591846,49.9909524,0
          </coordinates>
        </LineString>
      </Placemark>
      <Placemark>
        <name>Зупинка Салтівська</name>
        <description>Трамвай-16, 23, 27.</description>
        <styleUrl>#icon-1499-F57C00</styleUrl>
        <Point>
          <coordinates>
            36.3715634,50.0270576,0
          </coordinates>
        </Point>
      </Placemark>
      <Placemark>
        <name>вул. Бучми</name>
        <description>Трамвай-16, 23, 27.</description>
        <styleUrl>#icon-1718-F57C00</styleUrl>
        <Point>
          <coordinates>
            36.3681268,50.0254341,0
          </coordinates>
        </Point>
      </Placemark>
      <Placemark>
        <name>Остановка 11 поліклініка</name>
        <description>Трамвай-16, 23, 27.</description>
        <styleUrl>#icon-1624-F57C00</styleUrl>
        <Point>
          <coordinates>
            36.3649923,50.0229423,0
          </coordinates>
        </Point>
      </Placemark>
      <Placemark>
        <name>Регіональний центр послуг</name>
        <description>Трамвай-23.</description>
        <styleUrl>#icon-1548-F57C00</styleUrl>
        <Point>
          <coordinates>
            36.3592846,50.0183581,0
          </coordinates>
        </Point>
      </Placemark>
      <Placemark>
        <name>Остановка 606 мікрорайон</name>
        <description>Трамвай-23.</description>
        <styleUrl>#icon-1546-F57C00</styleUrl>
        <Point>
          <coordinates>
            36.3566261,50.0158062,0
          </coordinates>
        </Point>
      </Placemark>
      <Placemark>
        <name>вул. Валентинівська</name>
        <description>Трамвай-23.</description>
        <styleUrl>#icon-1718-F57C00</styleUrl>
        <Point>
          <coordinates>
            36.3505442,50.0107539,0
          </coordinates>
        </Point>
      </Placemark>
      <Placemark>
        <name>Зупинка Сади</name>
        <description>Трамвай-23.</description>
        <styleUrl>#icon-1582-F57C00</styleUrl>
        <Point>
          <coordinates>
            36.3463062,50.0073339,0
          </coordinates>
        </Point>
      </Placemark>
      <Placemark>
        <name>Зупинка Вул. Зубенко</name>
        <description>Трамвай-23.</description>
        <styleUrl>#icon-1718-F57C00</styleUrl>
        <Point>
          <coordinates>
            36.341825,50.0029103,0
          </coordinates>
        </Point>
      </Placemark>
      <Placemark>
        <name>вул. Василя Стуса</name>
        <description>Трамвай-23.</description>
        <styleUrl>#icon-1718-F57C00</styleUrl>
        <Point>
          <coordinates>
            36.340679,50.0005788,0
          </coordinates>
        </Point>
      </Placemark>
      <Placemark>
        <name>Остановка пр. Ювілейний</name>
        <description>Трамвай-23.</description>
        <styleUrl>#icon-1718-F57C00</styleUrl>
        <Point>
          <coordinates>
            36.3403678,49.9970896,0
          </coordinates>
        </Point>
      </Placemark>
      <Placemark>
        <name>Парк Перемоги</name>
        <description>Трамвай-23.</description>
        <styleUrl>#icon-1720-F57C00</styleUrl>
        <Point>
          <coordinates>
            36.3402769,49.9932214,0
          </coordinates>
        </Point>
      </Placemark>
      <Placemark>
        <name>Остановка ш. Салтівське</name>
        <description>Трамвай-23.</description>
        <styleUrl>#icon-1718-F57C00</styleUrl>
        <Point>
          <coordinates>
            36.3412963,49.9891048,0
          </coordinates>
        </Point>
      </Placemark>
      <Placemark>
        <name>вул. Руслана Плоходько</name>
        <description>Трамвай-6, 8, 23.</description>
        <styleUrl>#icon-1718-F57C00</styleUrl>
        <Point>
          <coordinates>
            36.3511813,49.9897275,0
          </coordinates>
        </Point>
      </Placemark>
      <Placemark>
        <name>Остановка 602 м/p</name>
        <description>Трамвай-6, 8, 23.</description>
        <styleUrl>#icon-1546-F57C00</styleUrl>
        <Point>
          <coordinates>
            36.3573534,49.9904595,0
          </coordinates>
        </Point>
      </Placemark>
    <Placemark>
        <name>Лінія маршруту</name>
        <styleUrl>#line-000000-3519-nodesc</styleUrl>
        <LineString>
          <tessellate>1</tessellate>
          <coordinates>
            36.3591846,49.9909524,0
            36.3590088,49.9907635,0
            36.3537249,49.9901151,0
            36.3483337,49.9894529,0
            36.3445035,49.988977,0
            36.3430551,49.9888011,0
            36.3426581,49.9887493,0
            36.3425454,49.9887597,0
            36.342288,49.98877,0
            36.3421109,49.9887838,0
            36.3418642,49.9888631,0
            36.3408396,49.9892253,0
            36.340566,49.9893288,0
            36.3404962,49.9894288,0
            36.3405016,49.9895564,0
            36.3405606,49.9905566,0
            36.3406357,49.9919119,0
            36.3406411,49.9922534,0
            36.3406357,49.9938122,0
            36.3406518,49.9956365,0
            36.3406518,49.9979779,0
            36.340625,49.9991331,0
            36.3406572,49.9995745,0
            36.3407054,49.99994,0
            36.3407215,50.0001193,0
            36.3407913,50.0002883,0
            36.3410756,50.0010641,0
            36.3411882,50.0013468,0
            36.3413867,50.0017227,0
            36.3419285,50.0027985,0
            36.3420412,50.0031226,0
            36.3421324,50.0033984,0
            36.3422075,50.0036639,0
            36.3422128,50.0039501,0
            36.3422289,50.0041845,0
            36.3422719,50.0043362,0
            36.3423523,50.0045017,0
            36.3424864,50.0046707,0
            36.3426313,50.004812,0
            36.3429907,50.0051292,0
            36.3432643,50.0053637,0
            36.3434198,50.0054809,0
            36.3435969,50.0055499,0
            36.3439134,50.0056636,0
            36.3442138,50.0057498,0
            36.3445303,50.0058533,0
            36.3448253,50.0059119,0
            36.3449648,50.0059912,0
            36.3451257,50.0061118,0
            36.3455602,50.0065256,0
            36.3457909,50.0067255,0
            36.3459572,50.00686,0
            36.346145,50.007022,0
            36.3473037,50.0079633,0
            36.3492188,50.0095284,0
            36.3499644,50.0101317,0
            36.3500395,50.010211,0
            36.3502046,50.0103171,0
            36.3503185,50.0103662,0
            36.3504687,50.010473,0
            36.3520029,50.0117727,0
            36.3542721,50.0136618,0
            36.3568148,50.0157783,0
            36.3593897,50.0179155,0
            36.3612673,50.0194838,0
            36.3617501,50.0198905,0
            36.3626996,50.0206729,0
            36.3630375,50.0209521,0
            36.3633165,50.0211899,0
            36.3650599,50.0226306,0
            36.3667765,50.024054,0
            36.3681284,50.025212,0
            36.3698289,50.0266319,0
            36.3699683,50.0266732,0
            36.3702151,50.0266974,0
            36.3703868,50.0266767,0
            36.3706067,50.0265733,0
            36.3709125,50.0264423,0
            36.3714221,50.0261839,0
            36.3718352,50.0259736,0
            36.3721141,50.025953,0
            36.372318,50.0260253,0
            36.3724628,50.0261356,0
            36.3725325,50.0262528,0
            36.3725433,50.0263803,0
            36.3724735,50.0265044,0
            36.3723609,50.0265698,0
            36.3719639,50.0267801,0
            36.3715777,50.0269765,0
            36.3714114,50.0270385,0
          </coordinates>
        </LineString>
      </Placemark>
      <Placemark>
        <name>Остановка 602 м/р</name>
        <description>Трамвай-6, 8, 23.</description>
        <styleUrl>#icon-1499-000000</styleUrl>
        <Point>
          <coordinates>
            36.3593383,49.9910872,0
          </coordinates>
        </Point>
      </Placemark>
      <Placemark>
        <name>вул. Руслана Плоходько</name>
        <description>Трамвай-6, 8, 23.</description>
        <styleUrl>#icon-1718-000000</styleUrl>
        <Point>
          <coordinates>
            36.3515032,49.9899344,0
          </coordinates>
        </Point>
      </Placemark>
      <Placemark>
        <name>Тракторобудівників</name>
        <description>Трамвай-23.</description>
        <styleUrl>#icon-1883-000000</styleUrl>
        <Point>
          <coordinates>
            36.3416009,49.9890698,0
          </coordinates>
        </Point>
      </Placemark>
      <Placemark>
        <name>Парк Перемоги</name>
        <description>Трамвай-23.</description>
        <styleUrl>#icon-1720-000000</styleUrl>
        <Point>
          <coordinates>
            36.3406048,49.9924359,0
          </coordinates>
        </Point>
      </Placemark>
      <Placemark>
        <name>Остановка пр. Ювілейний</name>
        <description>Трамвай-23.</description>
        <styleUrl>#icon-1718-000000</styleUrl>
        <Point>
          <coordinates>
            36.3405668,49.9959684,0
          </coordinates>
        </Point>
      </Placemark>
      <Placemark>
        <name>вул. Василя Стуса</name>
        <description>Трамвай-23.</description>
        <styleUrl>#icon-1718-000000</styleUrl>
        <Point>
          <coordinates>
            36.3407638,50.0001931,0
          </coordinates>
        </Point>
      </Placemark>
      <Placemark>
        <name>вул. Владислава Зубенка</name>
        <description>Трамвай-23.</description>
        <styleUrl>#icon-1718-000000</styleUrl>
        <Point>
          <coordinates>
            36.3417724,50.0025767,0
          </coordinates>
        </Point>
      </Placemark>
      <Placemark>
        <name>Зупинка Сади</name>
        <description>Трамвай-23.</description>
        <styleUrl>#icon-1582-000000</styleUrl>
        <Point>
          <coordinates>
            36.3460345,50.0069293,0
          </coordinates>
        </Point>
      </Placemark>
      <Placemark>
        <name>вул. Валентинівська</name>
        <description>Трамвай-23.</description>
        <styleUrl>#icon-1718-000000</styleUrl>
        <Point>
          <coordinates>
            36.3508555,50.0106966,0
          </coordinates>
        </Point>
      </Placemark>
      <Placemark>
        <name>Остановка 606 м/р</name>
        <description>Трамвай-23.</description>
        <styleUrl>#icon-1546-000000</styleUrl>
        <Point>
          <coordinates>
            36.3563853,50.0154271,0
          </coordinates>
        </Point>
      </Placemark>
      <Placemark>
        <name>Регіональний центр послуг</name>
        <description>Трамвай-23.</description>
        <styleUrl>#icon-1548-000000</styleUrl>
        <Point>
          <coordinates>
            36.3594241,50.0181916,0
          </coordinates>
        </Point>
      </Placemark>
      <Placemark>
        <name>Поліклініка 11</name>
        <description>Трамвай-23.</description>
        <styleUrl>#icon-1624-000000</styleUrl>
        <Point>
          <coordinates>
            36.364822,50.0225206,0
          </coordinates>
        </Point>
      </Placemark>
      <Placemark>
        <name>вул. Бучми</name>
        <description>Трамвай-23.</description>
        <styleUrl>#icon-1718-000000</styleUrl>
        <Point>
          <coordinates>
            36.3678535,50.0250423,0
          </coordinates>
        </Point>
      </Placemark>
    </Folder><Folder><name>Трамвай №27</name><Placemark>
        <name>Лінія маршруту</name>
        <styleUrl>#line-F57C00-3325-nodesc</styleUrl>
        <LineString>
          <tessellate>1</tessellate>
          <coordinates>
            36.3713709,50.0270388,0
            36.3711777,50.0272042,0
            36.370931,50.0273076,0
            36.3705984,50.0272938,0
            36.3703087,50.027156,0
            36.3670471,50.0243437,0
            36.3635817,50.0214418,0
            36.3623479,50.0204146,0
            36.3613501,50.0196081,0
            36.3611034,50.019553,0
            36.3608137,50.019615,0
            36.3605347,50.0196701,0
            36.3600627,50.0197804,0
            36.3598803,50.0200079,0
            36.3597515,50.0201044,0
            36.3591722,50.0202906,0
            36.3578203,50.0206283,0
            36.3566724,50.0208765,0
            36.355975,50.0209799,0
            36.354945,50.0211385,0
            36.3536039,50.0212419,0
            36.3528958,50.0212419,0
            36.352059,50.0212419,0
            36.3500419,50.0212832,0
            36.3484433,50.0213315,0
            36.3470057,50.0213659,0
            36.3462225,50.0214211,0
            36.3452461,50.0215383,0
            36.3441303,50.021752,0
            36.3434115,50.0219174,0
            36.3423494,50.0222,0
            36.3399246,50.0230203,0
            36.3367918,50.0240473,0
            36.3361588,50.0242817,0
            36.3357511,50.0243162,0
            36.3355365,50.0242886,0
            36.3353649,50.0241714,0
            36.3344315,50.0230892,0
            36.3328436,50.0211109,0
            36.3313845,50.0192634,0
            36.3284448,50.0157751,0
            36.3277689,50.0151753,0
            36.3271895,50.0147824,0
            36.3259664,50.0139826,0
            36.3236812,50.0125141,0
            36.3209668,50.0107353,0
            36.3194647,50.00977,0
            36.3189927,50.0094528,0
            36.318821,50.0093149,0
            36.3178447,50.0086944,0
            36.3165036,50.0078532,0
            36.3153663,50.0071498,0
            36.3112357,50.0044744,0
            36.3086286,50.0027918,0
            36.3044658,50.0001919,0
            36.2994877,49.9970816,0
            36.294488,49.99384,0
            36.2933937,49.9931158,0
            36.2923744,49.9925433,0
            36.2912372,49.9920122,0
            36.288394,49.9907155,0
            36.2850037,49.9892186,0
            36.280959,49.9874182,0
            36.2782016,49.9861903,0
            36.277912,49.9859627,0
            36.2774506,49.9857764,0
            36.2755624,49.9848727,0
            36.2752941,49.9848865,0
            36.2751547,49.9849486,0
            36.2743822,49.9853901,0
            36.2738565,49.9857764,0
            36.2727085,49.9864594,0
            36.2715712,49.986963,0
            36.2693611,49.9877425,0
            36.2684169,49.9880736,0
            36.2663141,49.9891496,0
            36.265091,49.9898256,0
            36.2646189,49.9898463,0
            36.2642971,49.9896877,0
            36.2632886,49.9888737,0
            36.2605849,49.9865353,0
            36.2593511,49.9854936,0
            36.2589327,49.9851694,0
            36.2584928,49.984921,0
            36.2571946,49.9838173,0
            36.2554243,49.9822926,0
            36.2545767,49.9815889,0
            36.2510684,49.9786154,0
            36.2492338,49.977063,0
            36.2488797,49.9767387,0
            36.2482145,49.9765317,0
            36.247088,49.9762902,0
            36.2421528,49.9754415,0
            36.2409297,49.9752414,0
            36.2391487,49.975131,0
            36.2361768,49.9749792,0
            36.2329581,49.9747515,0
            36.2300721,49.9746756,0
            36.2294927,49.9746894,0
            36.2278727,49.9747446,0
            36.2239674,49.9748412,0
            36.2233344,49.974786,0
            36.2232056,49.9746549,0
            36.2231949,49.9741098,0
            36.2233666,49.9710185,0
            36.2232915,49.9706804,0
            36.2230662,49.9702732,0
            36.2227979,49.9698799,0
            36.2215319,49.9679684,0
            36.2204912,49.9663604,0
            36.2202981,49.9659878,0
            36.2200299,49.9657393,0
            36.2195042,49.9653528,0
            36.2181202,49.9643728,0
            36.2160066,49.9627372,0
            36.2137643,49.960991,0
            36.2131742,49.9606183,0
            36.2127343,49.9604457,0
            36.2116507,49.9599488,0
            36.2107387,49.959438,0
            36.2099877,49.9588306,0
            36.2096337,49.9584993,0
            36.2089148,49.9577194,0
            36.2081531,49.9569049,0
            36.2073699,49.9555589,0
            36.2072197,49.9554277,0
            36.2068871,49.9554829,0
            36.2066296,49.9555934,0
            36.2064579,49.9557314,0
            36.2061682,49.9557659,0
            36.2059537,49.9557314,0
            36.2058786,49.955621,0
            36.2058571,49.9554829,0
            36.2060502,49.9553449,0
            36.2062863,49.9552965,0
            36.2065974,49.9552689,0
            36.2067798,49.9553173,0
            36.2071768,49.9553518,0
            36.2073806,49.9554415,0
          </coordinates>
        </LineString>
      </Placemark>
      <Placemark>
        <name>Зупинка Салтівська</name>
        <description>Трамвай-16, 23, 27.</description>
        <styleUrl>#icon-1499-F57C00</styleUrl>
        <Point>
          <coordinates>
            36.3715771,50.0271114,0
          </coordinates>
        </Point>
      </Placemark>
      <Placemark>
        <name>вул. Бучми</name>
        <description>Трамвай-16, 23, 27.</description>
        <styleUrl>#icon-1718-F57C00</styleUrl>
        <Point>
          <coordinates>
            36.3681546,50.025464,0
          </coordinates>
        </Point>
      </Placemark>
      <Placemark>
        <name>Остановка 11 поліклініка</name>
        <description>Трамвай-16, 23, 27.</description>
        <styleUrl>#icon-1624-F57C00</styleUrl>
        <Point>
          <coordinates>
            36.3650647,50.0229482,0
          </coordinates>
        </Point>
      </Placemark>
      <Placemark>
        <name>Володимирська церква</name>
        <description>Трамвай-16, 26, 27.</description>
        <styleUrl>#icon-1670-F57C00</styleUrl>
        <Point>
          <coordinates>
            36.3601294,50.0200599,0
          </coordinates>
        </Point>
      </Placemark>
      <Placemark>
        <name>Остановка 531 мікрорайон</name>
        <description>Трамвай-16, 27.</description>
        <styleUrl>#icon-1546-F57C00</styleUrl>
        <Point>
          <coordinates>
            36.3537564,50.021342,0
          </coordinates>
        </Point>
      </Placemark>
      <Placemark>
        <name>вул. Гвардійців Широнінців</name>
        <description>Трамвай-16, 26, 27.</description>
        <styleUrl>#icon-1718-F57C00</styleUrl>
        <Point>
          <coordinates>
            36.3494756,50.0213971,0
          </coordinates>
        </Point>
      </Placemark>
      <Placemark>
        <name>Салтівський ринок</name>
        <description>Трамвай-16, 27.</description>
        <styleUrl>#icon-1578-F57C00</styleUrl>
        <Point>
          <coordinates>
            36.342695,50.0221209,0
          </coordinates>
        </Point>
      </Placemark>
      <Placemark>
        <name>Станція метро Салтівська</name>
        <description>Трамвай-16, 27.</description>
        <styleUrl>#icon-1626-F57C00</styleUrl>
        <Point>
          <coordinates>
            36.3375344,50.0238993,0
          </coordinates>
        </Point>
      </Placemark>
      <Placemark>
        <name>Остановка 522 мікрорайон</name>
        <description>Трамвай-16, 27.</description>
        <styleUrl>#icon-1546-F57C00</styleUrl>
        <Point>
          <coordinates>
            36.3327386,50.0211627,0
          </coordinates>
        </Point>
      </Placemark>
      <Placemark>
        <name>Станція метро Студентська</name>
        <description>Трамвай-16, 27.</description>
        <styleUrl>#icon-1626-F57C00</styleUrl>
        <Point>
          <coordinates>
            36.3296924,50.0174704,0
          </coordinates>
        </Point>
      </Placemark>
      <Placemark>
        <name>вул. Пєшкова</name>
        <description>Трамвай-16, 27.</description>
        <styleUrl>#icon-1718-F57C00</styleUrl>
        <Point>
          <coordinates>
            36.324682,50.0132267,0
          </coordinates>
        </Point>
      </Placemark>
      <Placemark>
        <name>Станція метро Академіка Павлова</name>
        <description>Трамвай-16, 27.</description>
        <styleUrl>#icon-1626-F57C00</styleUrl>
        <Point>
          <coordinates>
            36.3184914,50.0091381,0
          </coordinates>
        </Point>
      </Placemark>
      <Placemark>
        <name>Остановка пров. Муромський</name>
        <description>Трамвай-16, 27.</description>
        <styleUrl>#icon-1718-F57C00</styleUrl>
        <Point>
          <coordinates>
            36.3147149,50.0067662,0
          </coordinates>
        </Point>
      </Placemark>
      <Placemark>
        <name>Станція метро Академіка Барабашова</name>
        <description>Трамвай-16, 27.</description>
        <styleUrl>#icon-1626-F57C00</styleUrl>
        <Point>
          <coordinates>
            36.3076553,50.0022839,0
          </coordinates>
        </Point>
      </Placemark>
      <Placemark>
        <name>Остановка пров. Сонячний</name>
        <description>Трамвай-16, 27.</description>
        <styleUrl>#icon-1700-F57C00</styleUrl>
        <Point>
          <coordinates>
            36.303514,49.9997047,0
          </coordinates>
        </Point>
      </Placemark>
      <Placemark>
        <name>вул. Камишева</name>
        <description>Трамвай-16, 27.</description>
        <styleUrl>#icon-1718-F57C00</styleUrl>
        <Point>
          <coordinates>
            36.2957249,49.9949402,0
          </coordinates>
        </Point>
      </Placemark>
      <Placemark>
        <name>Остановка пров. Салтівський</name>
        <description>Трамвай-16, 27.</description>
        <styleUrl>#icon-1718-F57C00</styleUrl>
        <Point>
          <coordinates>
            36.2910847,49.99214,0
          </coordinates>
        </Point>
      </Placemark>
      <Placemark>
        <name>Сабурова дача</name>
        <description>Трамвай-8, 16, 27.</description>
        <styleUrl>#icon-1624-F57C00</styleUrl>
        <Point>
          <coordinates>
            36.2863839,49.990012,0
          </coordinates>
        </Point>
      </Placemark>
      <Placemark>
        <name>Остановка пров. Конюшений</name>
        <description>Трамвай-6, 8, 27.</description>
        <styleUrl>#icon-1601-F57C00</styleUrl>
        <Point>
          <coordinates>
            36.2786057,49.9865377,0
          </coordinates>
        </Point>
      </Placemark>
      <Placemark>
        <name>Універмаг Харків</name>
        <description>Трамвай-6, 8, 27.</description>
        <styleUrl>#icon-1684-F57C00</styleUrl>
        <Point>
          <coordinates>
            36.2678019,49.9885175,0
          </coordinates>
        </Point>
      </Placemark>
      <Placemark>
        <name>Станція метро Захисників України</name>
        <description>Трамвай-5, 8, 27.</description>
        <styleUrl>#icon-1626-F57C00</styleUrl>
        <Point>
          <coordinates>
            36.263757,49.9894073,0
          </coordinates>
        </Point>
      </Placemark>
      <Placemark>
        <name>Зупинка Кінний ринок</name>
        <description>Трамвай-5, 8, 27.</description>
        <styleUrl>#icon-1578-F57C00</styleUrl>
        <Point>
          <coordinates>
            36.2608409,49.9869444,0
          </coordinates>
        </Point>
      </Placemark>
      <Placemark>
        <name>вул. Георгія Тарасенка</name>
        <description>Трамвай-5, 8, 27.</description>
        <styleUrl>#icon-1718-F57C00</styleUrl>
        <Point>
          <coordinates>
            36.2548756,49.9820602,0
          </coordinates>
        </Point>
      </Placemark>
      <Placemark>
        <name>Остановка пр. Аерокосмічний</name>
        <description>Трамвай-27.</description>
        <styleUrl>#icon-1718-F57C00</styleUrl>
        <Point>
          <coordinates>
            36.2506056,49.9782932,0
          </coordinates>
        </Point>
      </Placemark>
      <Placemark>
        <name>вул. Олександра Невського</name>
        <description>Трамвай-27.</description>
        <styleUrl>#icon-1718-F57C00</styleUrl>
        <Point>
          <coordinates>
            36.2462067,49.9761543,0
          </coordinates>
        </Point>
      </Placemark>
      <Placemark>
        <name>вул. Єлизаветинська</name>
        <description>Трамвай-27.</description>
        <styleUrl>#icon-1718-F57C00</styleUrl>
        <Point>
          <coordinates>
            36.241765,49.9754368,0
          </coordinates>
        </Point>
      </Placemark>
      <Placemark>
        <name>вул. Греківська</name>
        <description>Трамвай-27.</description>
        <styleUrl>#icon-1718-F57C00</styleUrl>
        <Point>
          <coordinates>
            36.2350488,49.9749814,0
          </coordinates>
        </Point>
      </Placemark>
      <Placemark>
        <name>Зупинка Трьохсвятительська церква</name>
        <description>Трамвай-27.</description>
        <styleUrl>#icon-1670-F57C00</styleUrl>
        <Point>
          <coordinates>
            36.2299633,49.9748296,0
          </coordinates>
        </Point>
      </Placemark>
      <Placemark>
        <name>Косметологічна поліклініка</name>
        <description>Трамвай-3, 7, 27.</description>
        <styleUrl>#icon-1624-F57C00</styleUrl>
        <Point>
          <coordinates>
            36.2232041,49.9744374,0
          </coordinates>
        </Point>
      </Placemark>
      <Placemark>
        <name>вул. Валер'янівська</name>
        <description>Трамвай-3, 7, 27.</description>
        <styleUrl>#icon-1718-F57C00</styleUrl>
        <Point>
          <coordinates>
            36.2230325,49.9709735,0
          </coordinates>
        </Point>
      </Placemark>
      <Placemark>
        <name>Парк Квітки Основ'яненко</name>
        <description>Трамвай-3, 7, 27.</description>
        <styleUrl>#icon-1720-F57C00</styleUrl>
        <Point>
          <coordinates>
            36.2203503,49.9666259,0
          </coordinates>
        </Point>
      </Placemark>
      <Placemark>
        <name>Зупинка Миколи Бажана</name>
        <description>Трамвай-3, 7, 27.</description>
        <styleUrl>#icon-1718-F57C00</styleUrl>
        <Point>
          <coordinates>
            36.2166166,49.9634528,0
          </coordinates>
        </Point>
      </Placemark>
      <Placemark>
        <name>Остановка Жовтневе депо</name>
        <description>Трамвай-3, 27.</description>
        <styleUrl>#icon-1718-F57C00</styleUrl>
        <Point>
          <coordinates>
            36.2125397,49.9603747,0
          </coordinates>
        </Point>
      </Placemark>
    <Placemark>
        <name>Лінія маршруту</name>
        <styleUrl>#line-000000-3131-nodesc</styleUrl>
        <LineString>
          <tessellate>1</tessellate>
          <coordinates>
            36.2073806,49.9554415,0
            36.2075709,49.9558101,0
            36.2079572,49.9564313,0
            36.2082254,49.9569007,0
            36.2090408,49.9577911,0
            36.2097596,49.9585297,0
            36.210339,49.9590335,0
            36.2108432,49.9594546,0
            36.211326,49.9597168,0
            36.2118088,49.959986,0
            36.2123453,49.9602207,0
            36.2129783,49.9604899,0
            36.2134503,49.9607107,0
            36.2141155,49.961187,0
            36.2147807,49.9617046,0
            36.2155639,49.9623258,0
            36.2169909,49.9634231,0
            36.2183749,49.9645067,0
            36.2191688,49.9650588,0
            36.2198662,49.9655764,0
            36.2203168,49.9659215,0
            36.2205206,49.9662182,0
            36.2206816,49.966515,0
            36.2221729,49.968813,0
            36.2233316,49.9706141,0
            36.223396,49.9707935,0
            36.2234282,49.9711109,0
            36.2233852,49.9714973,0
            36.2232458,49.9743678,0
            36.2232887,49.9746369,0
            36.2233344,49.974786,0
            36.2235569,49.9747818,0
            36.2238788,49.9747887,0
            36.2242972,49.9747818,0
            36.2271189,49.9747197,0
            36.230198,49.97463,0
            36.2305736,49.9746507,0
            36.2317645,49.9746852,0
            36.2333738,49.9747197,0
            36.2347256,49.9748163,0
            36.2363135,49.9749336,0
            36.2407016,49.9751751,0
            36.2412917,49.9752303,0
            36.2417101,49.97532,0
            36.2438022,49.9756581,0
            36.2453794,49.975941,0
            36.2469136,49.9762101,0
            36.248362,49.9765137,0
            36.2488126,49.9766655,0
            36.2490272,49.9767828,0
            36.2493812,49.977114,0
            36.2514733,49.9788734,0
            36.2539839,49.9810259,0
            36.2569665,49.983544,0
            36.2585114,49.9848686,0
            36.2587797,49.9850203,0
            36.2590801,49.9852135,0
            36.259477,49.9855308,0
            36.262642,49.9882349,0
            36.2639188,49.989311,0
            36.2643157,49.9896352,0
            36.2645303,49.9897594,0
            36.2647878,49.9898146,0
            36.265056,49.9897801,0
            36.2652277,49.9896904,0
            36.2656676,49.989449,0
            36.2671267,49.9886902,0
            36.2683391,49.9880487,0
            36.2685107,49.9879797,0
            36.2700771,49.9874416,0
            36.2708067,49.9871795,0
            36.2717294,49.9868553,0
            36.272062,49.9866759,0
            36.2725984,49.9864552,0
            36.2730597,49.9861862,0
            36.2735533,49.9858964,0
            36.2738966,49.9856688,0
            36.2741863,49.9854825,0
            36.274433,49.985317,0
            36.2747871,49.9850893,0
            36.2751626,49.9848962,0
            36.2753986,49.9848341,0
            36.2756669,49.9848617,0
            36.2758385,49.9849582,0
            36.2769436,49.9854756,0
            36.2776088,49.9857999,0
            36.2780165,49.9859654,0
            36.2781452,49.9860827,0
            36.2783276,49.9861931,0
            36.2787568,49.9863862,0
            36.2809347,49.987352,0
            36.2852584,49.9892765,0
            36.289271,49.991063,0
            36.2923287,49.9924632,0
            36.2928545,49.9927391,0
            36.2932621,49.9929875,0
            36.2938737,49.9933461,0
            36.2944852,49.9937875,0
            36.2959444,49.9947118,0
            36.2983798,49.9962981,0
            36.2991845,49.9968222,0
            36.3000535,49.997374,0
            36.3009762,49.9979119,0
            36.3027679,49.9990705,0
            36.3049995,50.0004498,0
            36.3078319,50.0022152,0
            36.3091623,50.0030703,0
            36.3134216,50.0058286,0
            36.3166617,50.0078904,0
            36.3190221,50.0093728,0
            36.3192152,50.0095383,0
            36.3196122,50.0098072,0
            36.3209855,50.0106759,0
            36.3254594,50.0135993,0
            36.3276159,50.0150195,0
            36.3279163,50.0152125,0
            36.3282489,50.0155297,0
            36.3287102,50.0159847,0
            36.3291072,50.0164259,0
            36.3312637,50.0190318,0
            36.3317787,50.0196522,0
            36.3338171,50.0222441,0
            36.3353943,50.0241052,0
            36.3355365,50.0242886,0
            36.335802,50.0242568,0
            36.3359951,50.02425,0
            36.3361238,50.0242224,0
            36.3365423,50.0240983,0
            36.3388812,50.0233194,0
            36.340984,50.0226094,0
            36.342647,50.0220235,0
            36.3436018,50.0218167,0
            36.3446104,50.0216099,0
            36.3453292,50.0214651,0
            36.3459515,50.0214238,0
            36.3472282,50.0212928,0
            36.3480758,50.0212928,0
            36.3510798,50.0212101,0
            36.3525497,50.0211825,0
            36.3532042,50.0211825,0
            36.3537299,50.0211894,0
            36.3540625,50.0211481,0
            36.3548671,50.021086,0
            36.3555109,50.0209964,0
            36.3562833,50.0208654,0
            36.3576673,50.0206104,0
            36.3584398,50.0204311,0
            36.359502,50.0201347,0
            36.3598024,50.0200244,0
            36.3599526,50.0198107,0
            36.3601028,50.0197004,0
            36.3603281,50.0196591,0
            36.3608324,50.0195557,0
            36.3611864,50.0195143,0
            36.3614439,50.0195901,0
            36.3615834,50.0197349,0
            36.3654994,50.022961,0
            36.3689541,50.0259042,0
            36.3698446,50.0266486,0
            36.3701235,50.02669,0
            36.370499,50.0265935,0
            36.370896,50.0264074,0
            36.3713895,50.0262351,0
            36.3718401,50.0260283,0
            36.3721191,50.0259869,0
            36.3723337,50.026111,0
            36.3724839,50.0262557,0
            36.3725161,50.0264281,0
            36.3723551,50.0266348,0
            36.3720654,50.026752,0
            36.3716899,50.0269105,0
            36.371529,50.0269795,0
            36.3713709,50.0270388,0
          </coordinates>
        </LineString>
      </Placemark>
      <Placemark>
        <name>Остановка Новожанове</name>
        <description>Трамвай-3, 27.</description>
        <styleUrl>#icon-1499-000000</styleUrl>
        <Point>
          <coordinates>
            36.2070089,49.9553497,0
          </coordinates>
        </Point>
      </Placemark>
      <Placemark>
        <name>Остановка Жовтневе депо</name>
        <description>Трамвай-3, 7, 27.</description>
        <styleUrl>#icon-1718-000000</styleUrl>
        <Point>
          <coordinates>
            36.2120158,49.9600553,0
          </coordinates>
        </Point>
      </Placemark>
      <Placemark>
        <name>вул. Миколи Бажана</name>
        <description>Трамвай-3, 7, 27.</description>
        <styleUrl>#icon-1718-000000</styleUrl>
        <Point>
          <coordinates>
            36.2163297,49.962875,0
          </coordinates>
        </Point>
      </Placemark>
      <Placemark>
        <name>Парк Квітки Основ'яненко</name>
        <description>Трамвай-3, 7, 27.</description>
        <styleUrl>#icon-1720-000000</styleUrl>
        <Point>
          <coordinates>
            36.2206677,49.9663287,0
          </coordinates>
        </Point>
      </Placemark>
      <Placemark>
        <name>вул. Валер'янівська</name>
        <description>Трамвай-3, 7, 27.</description>
        <styleUrl>#icon-1718-000000</styleUrl>
        <Point>
          <coordinates>
            36.2232426,49.9703404,0
          </coordinates>
        </Point>
      </Placemark>
      <Placemark>
        <name>Косметологічна поліклініка</name>
        <description>Трамвай-3, 7, 27.</description>
        <styleUrl>#icon-1624-000000</styleUrl>
        <Point>
          <coordinates>
            36.2234357,49.9745772,0
          </coordinates>
        </Point>
      </Placemark>
      <Placemark>
        <name>Гольдбергіївська церква.</name>
        <description>Трамвай-3, 7, 27.</description>
        <styleUrl>#icon-1670-000000</styleUrl>
        <Point>
          <coordinates>
            36.2292508,49.9746048,0
          </coordinates>
        </Point>
      </Placemark>
      <Placemark>
        <name>вул. Греківська</name>
        <description>Трамвай-3, 7, 27.</description>
        <styleUrl>#icon-1718-000000</styleUrl>
        <Point>
          <coordinates>
            36.2337355,49.9746876,0
          </coordinates>
        </Point>
      </Placemark>
      <Placemark>
        <name>вул. Єлизаветинська</name>
        <description>Трамвай-3, 7, 27.</description>
        <styleUrl>#icon-1718-000000</styleUrl>
        <Point>
          <coordinates>
            36.2409455,49.9751292,0
          </coordinates>
        </Point>
      </Placemark>
      <Placemark>
        <name>вул. Олександра Невського</name>
        <description>Трамвай-27.</description>
        <styleUrl>#icon-1718-000000</styleUrl>
        <Point>
          <coordinates>
            36.2457183,49.9759198,0
          </coordinates>
        </Point>
      </Placemark>
      <Placemark>
        <name>Остановка пр. Аерокосмічний</name>
        <description>Трамвай-27.</description>
        <styleUrl>#icon-1718-000000</styleUrl>
        <Point>
          <coordinates>
            36.2497738,49.9773549,0
          </coordinates>
        </Point>
      </Placemark>
      <Placemark>
        <name>вул. Георгія Тарасенка</name>
        <description>Трамвай-27.</description>
        <styleUrl>#icon-1718-000000</styleUrl>
        <Point>
          <coordinates>
            36.2544729,49.9813712,0
          </coordinates>
        </Point>
      </Placemark>
      <Placemark>
        <name>Зупинка Кінний ринок</name>
        <description>Трамвай-27.</description>
        <styleUrl>#icon-1578-000000</styleUrl>
        <Point>
          <coordinates>
            36.2610804,49.9869462,0
          </coordinates>
        </Point>
      </Placemark>
      <Placemark>
        <name>Зупинка метро Захисників України</name>
        <description>Трамвай-5, 8, 27.</description>
        <styleUrl>#icon-1626-000000</styleUrl>
        <Point>
          <coordinates>
            36.2641596,49.9894912,0
          </coordinates>
        </Point>
      </Placemark>
      <Placemark>
        <name>Універмаг Харків</name>
        <description>Трамвай-6, 8, 27.</description>
        <styleUrl>#icon-1684-000000</styleUrl>
        <Point>
          <coordinates>
            36.2677967,49.9883289,0
          </coordinates>
        </Point>
      </Placemark>
      <Placemark>
        <name>Остановка пров. Конюшений</name>
        <description>Трамвай-6, 8, 27.</description>
        <styleUrl>#icon-1601-000000</styleUrl>
        <Point>
          <coordinates>
            36.278499,49.9861894,0
          </coordinates>
        </Point>
      </Placemark>
      <Placemark>
        <name>Сабурова дача</name>
        <description>Трамвай-6, 8, 27.</description>
        <styleUrl>#icon-1624-000000</styleUrl>
        <Point>
          <coordinates>
            36.2859457,49.9895554,0
          </coordinates>
        </Point>
      </Placemark>
      <Placemark>
        <name>Остановка пров. Салтівський</name>
        <description>Трамвай-6, 8, 27.</description>
        <styleUrl>#icon-1718-000000</styleUrl>
        <Point>
          <coordinates>
            36.2915997,49.9920317,0
          </coordinates>
        </Point>
      </Placemark>
      <Placemark>
        <name>вул. Івана Камишева</name>
        <description>Трамвай-6, 8, 27.</description>
        <styleUrl>#icon-1718-000000</styleUrl>
        <Point>
          <coordinates>
            36.2962395,49.9949488,0
          </coordinates>
        </Point>
      </Placemark>
      <Placemark>
        <name>Остановка пров. Сонячний</name>
        <description>Трамвай-6, 8, 27.</description>
        <styleUrl>#icon-1700-000000</styleUrl>
        <Point>
          <coordinates>
            36.304109,49.9998317,0
          </coordinates>
        </Point>
      </Placemark>
      <Placemark>
        <name>Станція метро Барабашова</name>
        <description>Трамвай-6, 8, 27.</description>
        <styleUrl>#icon-1626-000000</styleUrl>
        <Point>
          <coordinates>
            36.3071841,50.0017669,0
          </coordinates>
        </Point>
      </Placemark>
      <Placemark>
        <name>Остановка пров. Леоніда Глібова</name>
        <description>Трамвай-6, 8, 27.</description>
        <styleUrl>#icon-1718-000000</styleUrl>
        <Point>
          <coordinates>
            36.3145226,50.0064974,0
          </coordinates>
        </Point>
      </Placemark>
      <Placemark>
        <name>Станція метро Академіка Павлова</name>
        <description>Трамвай-6, 8, 27.</description>
        <styleUrl>#icon-1626-000000</styleUrl>
        <Point>
          <coordinates>
            36.3187014,50.0091383,0
          </coordinates>
        </Point>
      </Placemark>
      <Placemark>
        <name>вул. Пєшкова</name>
        <description>Трамвай-6, 8, 27.</description>
        <styleUrl>#icon-1718-000000</styleUrl>
        <Point>
          <coordinates>
            36.3243802,50.012889,0
          </coordinates>
        </Point>
      </Placemark>
      <Placemark>
        <name>Станція метро Студентська</name>
        <description>Трамвай-6, 8, 27.</description>
        <styleUrl>#icon-1626-000000</styleUrl>
        <Point>
          <coordinates>
            36.3299596,50.0173868,0
          </coordinates>
        </Point>
      </Placemark>
      <Placemark>
        <name>Зупинка 522 м/р</name>
        <description>Трамвай-16, 27.</description>
        <styleUrl>#icon-1546-000000</styleUrl>
        <Point>
          <coordinates>
            36.3328065,50.0209199,0
          </coordinates>
        </Point>
      </Placemark>
      <Placemark>
        <name>Станція метро Салтівська</name>
        <description>Трамвай-16, 27.</description>
        <styleUrl>#icon-1626-000000</styleUrl>
        <Point>
          <coordinates>
            36.3352672,50.0239109,0
          </coordinates>
        </Point>
      </Placemark>
      <Placemark>
        <name>Остановка 524 м/р</name>
        <description>Трамвай-16, 27.</description>
        <styleUrl>#icon-1546-000000</styleUrl>
        <Point>
          <coordinates>
            36.3374172,50.0237637,0
          </coordinates>
        </Point>
      </Placemark>
      <Placemark>
        <name>Салтівський ринок</name>
        <description>Трамвай-16, 27.</description>
        <styleUrl>#icon-1578-000000</styleUrl>
        <Point>
          <coordinates>
            36.3421003,50.0222152,0
          </coordinates>
        </Point>
      </Placemark>
      <Placemark>
        <name>вул. Гвардійців Широнінців</name>
        <description>Трамвай-16, 27.</description>
        <styleUrl>#icon-1718-000000</styleUrl>
        <Point>
          <coordinates>
            36.3497971,50.0211808,0
          </coordinates>
        </Point>
      </Placemark>
      <Placemark>
        <name>Остановка 531 м/р</name>
        <description>Трамвай-16, 27.</description>
        <styleUrl>#icon-1546-000000</styleUrl>
        <Point>
          <coordinates>
            36.3565102,50.0208364,0
          </coordinates>
        </Point>
      </Placemark>
      <Placemark>
        <name>Володимирська церква</name>
        <description>Трамвай-16, 27.</description>
        <styleUrl>#icon-1670-000000</styleUrl>
        <Point>
          <coordinates>
            36.360266,50.0197777,0
          </coordinates>
        </Point>
      </Placemark>
      <Placemark>
        <name>Остановка 11 поліклініка</name>
        <description>Трамвай-16, 27.</description>
        <styleUrl>#icon-1624-000000</styleUrl>
        <Point>
          <coordinates>
            36.3648731,50.0225291,0
          </coordinates>
        </Point>
      </Placemark>
      <Placemark>
        <name>вул. Бучми</name>
        <description>Трамвай-16, 27.</description>
        <styleUrl>#icon-1718-000000</styleUrl>
        <Point>
          <coordinates>
            36.367884,50.025033,0
          </coordinates>
        </Point>
      </Placemark>
    </Folder><Folder><name>Трамвай №3</name><Placemark>
        <name>Лінія маршруту</name>
        <styleUrl>#line-F57C00-3906-nodesc</styleUrl>
        <LineString>
          <tessellate>1</tessellate>
          <coordinates>
            36.148375,49.9736888,0
            36.1491373,49.9736826,0
            36.1519537,49.9736343,0
            36.1532465,49.973617,0
            36.1579296,49.9735411,0
            36.1582086,49.9735308,0
            36.1584285,49.9735515,0
            36.1591473,49.9735998,0
            36.159716,49.9736619,0
            36.160247,49.9737654,0
            36.1613736,49.9740828,0
            36.1616633,49.9742104,0
            36.1634657,49.9749867,0
            36.1644098,49.975411,0
            36.1650965,49.9757215,0
            36.1675587,49.9768565,0
            36.1695811,49.9777811,0
            36.1717966,49.9788126,0
            36.1741677,49.9799026,0
            36.1753801,49.9804477,0
            36.175718,49.9806167,0
            36.1760613,49.9807857,0
            36.1763564,49.9808858,0
            36.1769894,49.9811031,0
            36.1780462,49.981455,0
            36.1808303,49.982338,0
            36.1823806,49.982852,0
            36.1833731,49.9831762,0
            36.1860177,49.9840248,0
            36.1869511,49.9843456,0
            36.1873213,49.9844525,0
            36.1880455,49.9846422,0
            36.1886087,49.9847733,0
            36.1887697,49.9848216,0
            36.1891774,49.9849492,0
            36.1899498,49.985201,0
            36.1903253,49.9853251,0
            36.1905292,49.9853596,0
            36.1920098,49.9856287,0
            36.1928949,49.9857529,0
            36.1949924,49.9860012,0
            36.1972562,49.9861943,0
            36.200389,49.9864151,0
            36.202685,49.9865841,0
            36.2053779,49.9868014,0
            36.207234,49.9869428,0
            36.2102059,49.9872084,0
            36.2113002,49.9872946,0
            36.2117937,49.9873119,0
            36.2136123,49.9874326,0
            36.2147495,49.9875119,0
            36.2172654,49.9877189,0
            36.2195346,49.9879189,0
            36.2210635,49.9880396,0
            36.2238315,49.9882707,0
            36.226916,49.988519,0
            36.2278012,49.9885639,0
            36.2279675,49.9885018,0
            36.2280479,49.9883949,0
            36.2280747,49.9882155,0
            36.2281928,49.9879258,0
            36.2282679,49.9877775,0
            36.2283966,49.9876809,0
            36.2285468,49.987643,0
            36.2288419,49.9875636,0
            36.2290028,49.9875292,0
            36.2291315,49.987543,0
            36.2294051,49.9875636,0
            36.2296787,49.9875809,0
            36.2299362,49.9875464,0
            36.2300864,49.9874809,0
            36.230236,49.9873422,0
            36.2302473,49.9872084,0
            36.2302849,49.9869394,0
            36.2302849,49.9865565,0
            36.2303224,49.9856632,0
            36.2303814,49.9847422,0
            36.2304726,49.9834625,0
            36.230537,49.9832521,0
            36.2306389,49.9830176,0
            36.2307248,49.9828278,0
            36.2308374,49.9825726,0
            36.2308642,49.9824484,0
            36.2308642,49.9817344,0
            36.2307999,49.9815929,0
            36.2307248,49.9814756,0
            36.2306711,49.9813756,0
            36.230773,49.9807064,0
            36.2308052,49.9805546,0
            36.230934,49.9800889,0
            36.2308911,49.9799371,0
            36.2308213,49.9795577,0
            36.2303922,49.9781468,0
            36.2303385,49.9779605,0
            36.2300918,49.9769428,0
            36.2297753,49.9751902,0
            36.229727,49.975035,0
            36.2296626,49.9749073,0
            36.2293783,49.9747486,0
            36.2286809,49.9747452,0
            36.2268785,49.9747797,0
            36.2253443,49.9748211,0
            36.2234935,49.9748349,0
            36.2233004,49.9748349,0
            36.2232736,49.9747107,0
            36.2232575,49.9736136,0
            36.2232897,49.9711019,0
            36.2233374,49.9707699,0
            36.2232629,49.9706568,0
            36.2230805,49.9703324,0
            36.2222007,49.969011,0
            36.2211386,49.9673444,0
            36.2204412,49.9662644,0
            36.2203017,49.9660366,0
            36.2199959,49.9657606,0
            36.2196419,49.9654914,0
            36.218172,49.9644286,0
            36.216434,49.9631173,0
            36.2140468,49.9612435,0
            36.2135157,49.9608121,0
            36.2125662,49.96036,0
            36.2118849,49.9600701,0
            36.2115792,49.9599355,0
            36.2108442,49.9595145,0
            36.2102971,49.9591314,0
            36.2099645,49.9588381,0
            36.2088594,49.9576888,0
            36.208323,49.9571608,0
            36.2081728,49.9569951,0
            36.207529,49.9557906,0
            36.2073252,49.955549,0
            36.2071106,49.9554835,0
            36.2069121,49.9554973,0
            36.2066975,49.9555525,0
            36.2065473,49.9556664,0
            36.2064132,49.9557458,0
            36.2062308,49.9557872,0
            36.2060216,49.955763,0
            36.2058982,49.9556906,0
            36.2058231,49.9556215,0
            36.205807,49.9555352,0
            36.2058124,49.9554628,0
            36.2058982,49.9553903,0
            36.2060377,49.9553523,0
            36.2061611,49.9553316,0
            36.2063536,49.955324,0
          </coordinates>
        </LineString>
      </Placemark>
      <Placemark>
        <name>Запинка Залютине</name>
        <description>Трамвай-3.</description>
        <styleUrl>#icon-1499-F57C00</styleUrl>
        <Point>
          <coordinates>
            36.1481933,49.9737055,0
          </coordinates>
        </Point>
      </Placemark>
      <Placemark>
        <name>вул. Золочівська</name>
        <description>Трамвай-1, 12, 20.</description>
        <styleUrl>#icon-1718-F57C00</styleUrl>
        <Point>
          <coordinates>
            36.1524225,49.9736013,0
          </coordinates>
        </Point>
      </Placemark>
      <Placemark>
        <name>Остановка пров. Пластичний</name>
        <description>Трамвай-3.</description>
        <styleUrl>#icon-1718-F57C00</styleUrl>
        <Point>
          <coordinates>
            36.1580101,49.9734957,0
          </coordinates>
        </Point>
      </Placemark>
      <Placemark>
        <name>Парк Юність</name>
        <description>Трамвай-3.</description>
        <styleUrl>#icon-1720-F57C00</styleUrl>
        <Point>
          <coordinates>
            36.1630614,49.974761,0
          </coordinates>
        </Point>
      </Placemark>
      <Placemark>
        <name>вул. Кашуби</name>
        <description>Трамвай-3.</description>
        <styleUrl>#icon-1718-F57C00</styleUrl>
        <Point>
          <coordinates>
            36.1682265,49.977104,0
          </coordinates>
        </Point>
      </Placemark>
      <Placemark>
        <name>вул. Холодногірська</name>
        <description>Трамвай-3.</description>
        <styleUrl>#icon-1718-F57C00</styleUrl>
        <Point>
          <coordinates>
            36.1766559,49.9809618,0
          </coordinates>
        </Point>
      </Placemark>
      <Placemark>
        <name>Станція метро Холодна гора</name>
        <description>Трамвай-3.</description>
        <styleUrl>#icon-1626-F57C00</styleUrl>
        <Point>
          <coordinates>
            36.1805531,49.982241,0
          </coordinates>
        </Point>
      </Placemark>
      <Placemark>
        <name>вул. Клапцова</name>
        <description>Трамвай-3.</description>
        <styleUrl>#icon-1718-F57C00</styleUrl>
        <Point>
          <coordinates>
            36.1878214,49.9845941,0
          </coordinates>
        </Point>
      </Placemark>
      <Placemark>
        <name>Озерянська церква.</name>
        <description>Трамвай-3.</description>
        <styleUrl>#icon-1670-F57C00</styleUrl>
        <Point>
          <coordinates>
            36.1912237,49.9853914,0
          </coordinates>
        </Point>
      </Placemark>
      <Placemark>
        <name>вул. Євгена Котляра</name>
        <description>Трамвай-3.</description>
        <styleUrl>#icon-1718-F57C00</styleUrl>
        <Point>
          <coordinates>
            36.2071209,49.9868753,0
          </coordinates>
        </Point>
      </Placemark>
      <Placemark>
        <name>вул. Дмитрівська</name>
        <description>Трамвай-3.</description>
        <styleUrl>#icon-1718-F57C00</styleUrl>
        <Point>
          <coordinates>
            36.2158364,49.9875435,0
          </coordinates>
        </Point>
      </Placemark>
      <Placemark>
        <name>Театр дитячий</name>
        <description>Трамвай-3.</description>
        <styleUrl>#icon-1709-F57C00</styleUrl>
        <Point>
          <coordinates>
            36.2199884,49.9878884,0
          </coordinates>
        </Point>
      </Placemark>
      <Placemark>
        <name>Лопанська набережна.</name>
        <description>Трамвай-3.</description>
        <styleUrl>#icon-1720-F57C00</styleUrl>
        <Point>
          <coordinates>
            36.2255031,49.9883161,0
          </coordinates>
        </Point>
      </Placemark>
      <Placemark>
        <name>Остановка пл. Сергіївська</name>
        <description>Трамвай-3.</description>
        <styleUrl>#icon-1718-F57C00</styleUrl>
        <Point>
          <coordinates>
            36.2280607,49.9880919,0
          </coordinates>
        </Point>
      </Placemark>
      <Placemark>
        <name>Остановка пл. Рибна</name>
        <description>Трамвай-3.</description>
        <styleUrl>#icon-1573-F57C00</styleUrl>
        <Point>
          <coordinates>
            36.2302762,49.9851601,0
          </coordinates>
        </Point>
      </Placemark>
      <Placemark>
        <name>Остановка пл. Бугримової</name>
        <description>Трамвай-3.</description>
        <styleUrl>#icon-1718-F57C00</styleUrl>
        <Point>
          <coordinates>
            36.2309169,49.9823457,0
          </coordinates>
        </Point>
      </Placemark>
      <Placemark>
        <name>вул. Рибасівська</name>
        <description>Трамвай-3.</description>
        <styleUrl>#icon-1718-F57C00</styleUrl>
        <Point>
          <coordinates>
            36.2301658,49.9777687,0
          </coordinates>
        </Point>
      </Placemark>
      <Placemark>
        <name>Зупинка Трьохсвятительська церква</name>
        <description>Трамвай-3.</description>
        <styleUrl>#icon-1670-F57C00</styleUrl>
        <Point>
          <coordinates>
            36.2297041,49.9751757,0
          </coordinates>
        </Point>
      </Placemark>
      <Placemark>
        <name>Косметологічна поліклініка</name>
        <description>Трамвай-3, 7, 27.</description>
        <styleUrl>#icon-1624-F57C00</styleUrl>
        <Point>
          <coordinates>
            36.2231166,49.9744707,0
          </coordinates>
        </Point>
      </Placemark>
      <Placemark>
        <name>вул. Валер'янівська</name>
        <description>Трамвай-3, 7, 27.</description>
        <styleUrl>#icon-1718-F57C00</styleUrl>
        <Point>
          <coordinates>
            36.2231706,49.9709828,0
          </coordinates>
        </Point>
      </Placemark>
      <Placemark>
        <name>Парк Квітки Основ'яненко</name>
        <description>Трамвай-3, 7, 27.</description>
        <styleUrl>#icon-1720-F57C00</styleUrl>
        <Point>
          <coordinates>
            36.2204076,49.966618,0
          </coordinates>
        </Point>
      </Placemark>
      <Placemark>
        <name>вул. Миколи Бажана</name>
        <description>Трамвай-3, 7, 27.</description>
        <styleUrl>#icon-1718-F57C00</styleUrl>
        <Point>
          <coordinates>
            36.2166753,49.9633778,0
          </coordinates>
        </Point>
      </Placemark>
      <Placemark>
        <name>Остановка Жовтневе депо</name>
        <description>Трамвай-3, 7, 27.</description>
        <styleUrl>#icon-1718-F57C00</styleUrl>
        <Point>
          <coordinates>
            36.2125744,49.9604342,0
          </coordinates>
        </Point>
      </Placemark>
    <Placemark>
        <name>Лінія маршруту</name>
        <styleUrl>#line-000000-3713-nodesc</styleUrl>
        <LineString>
          <tessellate>1</tessellate>
          <coordinates>
            36.2063536,49.955324,0
            36.2067935,49.9553378,0
            36.2073192,49.9554897,0
            36.2075767,49.9557796,0
            36.2082419,49.957029,0
            36.2088534,49.9576295,0
            36.2096366,49.9584509,0
            36.2101516,49.9589616,0
            36.2105593,49.959286,0
            36.2111065,49.9596449,0
            36.211718,49.9599693,0
            36.2123618,49.9602316,0
            36.2131664,49.960625,0
            36.2135312,49.9607838,0
            36.2137458,49.9609701,0
            36.2146148,49.9616672,0
            36.2173292,49.9637653,0
            36.219196,49.9651594,0
            36.2196359,49.9654493,0
            36.2202153,49.965891,0
            36.2204406,49.9661256,0
            36.2208268,49.966795,0
            36.2224898,49.9693829,0
            36.222994,49.970142,0
            36.2232408,49.9704939,0
            36.2233374,49.9707699,0
            36.2233266,49.9710804,0
            36.2232837,49.9738406,0
            36.2233373,49.9748065,0
            36.2251184,49.9747997,0
            36.2277255,49.9747169,0
            36.2285623,49.9747031,0
            36.2294313,49.9747376,0
            36.2296674,49.9748687,0
            36.2297425,49.9749584,0
            36.2298498,49.9753724,0
            36.2301287,49.976911,0
            36.2304291,49.9781598,0
            36.2305686,49.9785807,0
            36.2308797,49.9796294,0
            36.2309656,49.9801124,0
            36.2308583,49.9804435,0
            36.2307295,49.9812231,0
            36.2307188,49.9814094,0
            36.2308154,49.9815267,0
            36.2308905,49.9816923,0
            36.2309119,49.9821959,0
            36.2309012,49.9825339,0
            36.2307724,49.9828444,0
            36.2305364,49.9833411,0
            36.2304828,49.9836446,0
            36.2304613,49.9839896,0
            36.2303647,49.9856728,0
            36.2303111,49.9870456,0
            36.230236,49.9873422,0
            36.2300965,49.9875147,0
            36.2298819,49.9875974,0
            36.229603,49.9876181,0
            36.229367,49.9875905,0
            36.2290344,49.987556,0
            36.2287232,49.9876181,0
            36.2283585,49.9877354,0
            36.2281975,49.987894,0
            36.2280607,49.9880919,0
            36.2280902,49.9883493,0
            36.2280044,49.988508,0
            36.2278435,49.9885908,0
            36.2265667,49.9885218,0
            36.2234661,49.9882665,0
            36.2192926,49.9879216,0
            36.2167391,49.987694,0
            36.2134454,49.9874388,0
            36.2123403,49.987356,0
            36.2112138,49.9873215,0
            36.2087461,49.9871215,0
            36.2036285,49.9866731,0
            36.2012252,49.9864937,0
            36.1975882,49.9862385,0
            36.1950132,49.9860315,0
            36.1928675,49.9857763,0
            36.1917409,49.9855693,0
            36.1903355,49.9853555,0
            36.1897025,49.9851485,0
            36.1886832,49.9848105,0
            36.1883292,49.9847484,0
            36.1870739,49.9844242,0
            36.1854431,49.9838585,0
            36.1824176,49.9828996,0
            36.1812481,49.9825063,0
            36.1781582,49.9815267,0
            36.1760447,49.9808161,0
            36.1753473,49.9804642,0
            36.1718711,49.9788774,0
            36.1694035,49.9777252,0
            36.1637709,49.9751516,0
            36.162301,49.9745099,0
            36.1612603,49.9740752,0
            36.1605522,49.9738682,0
            36.1596832,49.9736819,0
            36.1582241,49.9735577,0
            36.1540613,49.9736267,0
            36.150392,49.973675,0
            36.1479673,49.9737164,0
            36.1476883,49.9737923,0
            36.1474738,49.9739717,0
            36.147345,49.9740959,0
            36.1470983,49.974158,0
            36.1468086,49.9741511,0
            36.146712,49.97402,0
            36.1466584,49.9739096,0
            36.1467657,49.9737785,0
            36.1469695,49.9737233,0
            36.1472163,49.9736957,0
            36.1475059,49.9736888,0
            36.1478439,49.9736922,0
            36.1480209,49.9736888,0
            36.148375,49.9736888,0
          </coordinates>
        </LineString>
      </Placemark>
      <Placemark>
        <name>Остановка Новожано</name>
        <description>Трамвай-3, 7, 27.</description>
        <styleUrl>#icon-1499-000000</styleUrl>
        <Point>
          <coordinates>
            36.2068198,49.9552583,0
          </coordinates>
        </Point>
      </Placemark>
      <Placemark>
        <name>Остановка Жовтневе депо</name>
        <description>Трамвай-3, 7, 27.</description>
        <styleUrl>#icon-1718-000000</styleUrl>
        <Point>
          <coordinates>
            36.2121306,49.9599793,0
          </coordinates>
        </Point>
      </Placemark>
      <Placemark>
        <name>вул. Миколи Бажана</name>
        <description>Трамвай-3, 7, 27.</description>
        <styleUrl>#icon-1718-000000</styleUrl>
        <Point>
          <coordinates>
            36.2164863,49.9629679,0
          </coordinates>
        </Point>
      </Placemark>
      <Placemark>
        <name>Парк Квітки Основ'яненко</name>
        <description>Автобус-211е, 219е, 258е. Трамвай-3, 7, 27.</description>
        <styleUrl>#icon-1720-000000</styleUrl>
        <Point>
          <coordinates>
            36.2207028,49.9663771,0
          </coordinates>
        </Point>
      </Placemark>
      <Placemark>
        <name>вул. Валер'янівська</name>
        <description>Трамвай-3, 7, 27.</description>
        <styleUrl>#icon-1718-000000</styleUrl>
        <Point>
          <coordinates>
            36.2232537,49.9702967,0
          </coordinates>
        </Point>
      </Placemark>
      <Placemark>
        <name>Косметологічна поліклініка</name>
        <description>Трамвай-3, 7, 27.</description>
        <styleUrl>#icon-1624-000000</styleUrl>
        <Point>
          <coordinates>
            36.223412,49.9746578,0
          </coordinates>
        </Point>
      </Placemark>
      <Placemark>
        <name>Зупинка Трьохсвятительська церква</name>
        <description>Трамвай-3, 7, 27.</description>
        <styleUrl>#icon-1670-000000</styleUrl>
        <Point>
          <coordinates>
            36.2292108,49.9746785,0
          </coordinates>
        </Point>
      </Placemark>
      <Placemark>
        <name>вул. Рибасівська</name>
        <description>Трамвай-3.</description>
        <styleUrl>#icon-1718-000000</styleUrl>
        <Point>
          <coordinates>
            36.2302945,49.9774108,0
          </coordinates>
        </Point>
      </Placemark>
      <Placemark>
        <name>Остановка пров. Ващенківський</name>
        <description>Трамвай-3.</description>
        <styleUrl>#icon-1718-000000</styleUrl>
        <Point>
          <coordinates>
            36.2310402,49.9799257,0
          </coordinates>
        </Point>
      </Placemark>
      <Placemark>
        <name>Остановка пл. Бугримової</name>
        <description>Трамвай-3.</description>
        <styleUrl>#icon-1718-000000</styleUrl>
        <Point>
          <coordinates>
            36.2310406,49.9821942,0
          </coordinates>
        </Point>
      </Placemark>
      <Placemark>
        <name>Остановка пл. Рибна</name>
        <description>Трамвай-3.</description>
        <styleUrl>#icon-1573-000000</styleUrl>
        <Point>
          <coordinates>
            36.2304639,49.9854027,0
          </coordinates>
        </Point>
      </Placemark>
      <Placemark>
        <name>Остановка пл. Сергіївська</name>
        <description>Трамвай-3.</description>
        <styleUrl>#icon-1718-000000</styleUrl>
        <Point>
          <coordinates>
            36.2282209,49.9882168,0
          </coordinates>
        </Point>
      </Placemark>
      <Placemark>
        <name>Лопанська набережна.</name>
        <description>Трамвай-3.</description>
        <styleUrl>#icon-1720-000000</styleUrl>
        <Point>
          <coordinates>
            36.2258606,49.9884996,0
          </coordinates>
        </Point>
      </Placemark>
      <Placemark>
        <name>Театр для дітей та юнацтва</name>
        <description>Трамвай-3.</description>
        <styleUrl>#icon-1709-000000</styleUrl>
        <Point>
          <coordinates>
            36.2210112,49.9881271,0
          </coordinates>
        </Point>
      </Placemark>
      <Placemark>
        <name>вул. Дмитрівська</name>
        <description>Трамвай-3.</description>
        <styleUrl>#icon-1718-000000</styleUrl>
        <Point>
          <coordinates>
            36.2163119,49.9877684,0
          </coordinates>
        </Point>
      </Placemark>
      <Placemark>
        <name>вул. Євгена Котляра</name>
        <description>Трамвай-3.</description>
        <styleUrl>#icon-1718-000000</styleUrl>
        <Point>
          <coordinates>
            36.2067768,49.9870211,0
          </coordinates>
        </Point>
      </Placemark>
      <Placemark>
        <name>Озерянська церква.</name>
        <description>Трамвай-3.</description>
        <styleUrl>#icon-1670-000000</styleUrl>
        <Point>
          <coordinates>
            36.1907747,49.9855345,0
          </coordinates>
        </Point>
      </Placemark>
      <Placemark>
        <name>вул. Клапцова</name>
        <description>Трамвай-3.</description>
        <styleUrl>#icon-1718-000000</styleUrl>
        <Point>
          <coordinates>
            36.1875696,49.9846228,0
          </coordinates>
        </Point>
      </Placemark>
      <Placemark>
        <name>Станція метро Холодна гора</name>
        <description>Трамвай-3.</description>
        <styleUrl>#icon-1626-000000</styleUrl>
        <Point>
          <coordinates>
            36.1830151,49.9831424,0
          </coordinates>
        </Point>
      </Placemark>
      <Placemark>
        <name>вул. Холодногірська</name>
        <description>Трамвай-3.</description>
        <styleUrl>#icon-1718-000000</styleUrl>
        <Point>
          <coordinates>
            36.1775516,49.9814297,0
          </coordinates>
        </Point>
      </Placemark>
      <Placemark>
        <name>вул. Кашуби</name>
        <description>Трамвай-3.</description>
        <styleUrl>#icon-1718-000000</styleUrl>
        <Point>
          <coordinates>
            36.1684964,49.9773349,0
          </coordinates>
        </Point>
      </Placemark>
      <Placemark>
        <name>Парк Юність</name>
        <description>Трамвай-3.</description>
        <styleUrl>#icon-1720-000000</styleUrl>
        <Point>
          <coordinates>
            36.163148,49.9749373,0
          </coordinates>
        </Point>
      </Placemark>
      <Placemark>
        <name>Остановка пров. Пластичний</name>
        <description>Трамвай-3.</description>
        <styleUrl>#icon-1718-000000</styleUrl>
        <Point>
          <coordinates>
            36.1586365,49.9736435,0
          </coordinates>
        </Point>
      </Placemark>
      <Placemark>
        <name>вул. Золочівська</name>
        <description>Трамвай-3.</description>
        <styleUrl>#icon-1718-000000</styleUrl>
        <Point>
          <coordinates>
            36.1530764,49.9736937,0
          </coordinates>
        </Point>
      </Placemark>
    </Folder><Folder><name>Трамвай №6</name><Placemark>
        <name>Лінія маршруту</name>
        <styleUrl>#line-F57C00-3713-nodesc</styleUrl>
        <LineString>
          <tessellate>1</tessellate>
          <coordinates>
            36.3592594,49.9910117,0
            36.359121,49.9908729,0
            36.3590191,49.9907866,0
            36.358944,49.9907625,0
            36.3578765,49.990628,0
            36.3544593,49.9901969,0
            36.3496045,49.9895795,0
            36.3456509,49.9891139,0
            36.3415472,49.9886,0
            36.3398413,49.9883689,0
            36.3391224,49.9882448,0
            36.3388167,49.9881861,0
            36.3369069,49.987724,0
            36.3334523,49.986841,0
            36.3326798,49.986672,0
            36.3317625,49.9865064,0
            36.3311724,49.9864202,0
            36.3306467,49.9863512,0
            36.3302765,49.9863236,0
            36.3294021,49.9862822,0
            36.3290588,49.986296,0
            36.3280825,49.9864133,0
            36.3262478,49.9866375,0
            36.3254432,49.9867341,0
            36.322187,49.9871238,0
            36.316388,49.9878516,0
            36.3121394,49.9883931,0
            36.3080035,49.9889104,0
            36.3040016,49.989414,0
            36.3030575,49.9895209,0
            36.302285,49.9895795,0
            36.3010995,49.9896313,0
            36.2997637,49.9896175,0
            36.2933854,49.9895037,0
            36.2930743,49.9895037,0
            36.2929241,49.989483,0
            36.2927739,49.9894864,0
            36.292688,49.9895106,0
            36.2925271,49.9895864,0
            36.2918029,49.9906107,0
            36.2911002,49.9915764,0
            36.2909714,49.991635,0
            36.2908534,49.9916799,0
            36.2907569,49.9916971,0
            36.2906067,49.9916971,0
            36.2904672,49.9916592,0
            36.2899307,49.9914074,0
            36.2867496,49.990021,0
            36.2834344,49.9885586,0
            36.2820987,49.9879654,0
            36.2793146,49.9867272,0
            36.2783114,49.9862753,0
            36.2781129,49.9861408,0
            36.2779305,49.9859753,0
            36.2778866,49.9858693,0
            36.277378,49.9856786,0
            36.2755326,49.9848922,0
            36.2753771,49.9848715,0
            36.2752966,49.9848922,0
            36.2749586,49.9850785,0
            36.2734244,49.9860098,0
            36.2726305,49.9864823,0
            36.2721638,49.9867341,0
            36.2719385,49.9868169,0
            36.2697766,49.987586,0
            36.269385,49.9877309,0
            36.2686984,49.9879861,0
            36.2679634,49.9883172,0
            36.267132,49.9887449,0
            36.2655655,49.9895761,0
            36.265072,49.9898451,0
            36.2645356,49.9901555,0
            36.2641654,49.9903831,0
            36.263983,49.9904624,0
            36.2637738,49.9905418,0
            36.2635646,49.9906176,0
            36.263334,49.9906797,0
            36.2631462,49.9907211,0
            36.262996,49.9907315,0
            36.2623898,49.9907246,0
            36.2601046,49.9906176,0
            36.2583236,49.9905383,0
            36.2569288,49.9904866,0
            36.2556843,49.9904211,0
            36.2545792,49.990359,0
            36.2536887,49.990221,0
            36.2530235,49.9900658,0
            36.2515698,49.9897589,0
            36.2504647,49.9895312,0
            36.2502394,49.9895002,0
            36.2495045,49.9894726,0
            36.2489627,49.9894519,0
            36.2480615,49.9894347,0
            36.2462536,49.9893864,0
            36.2451378,49.9893795,0
            36.2438128,49.9893416,0
            36.2435285,49.989314,0
            36.2429223,49.989176,0
            36.2414847,49.9888449,0
            36.2402938,49.988569,0
            36.2401114,49.9885759,0
            36.2397681,49.9886207,0
            36.2387435,49.988838,0
            36.2361471,49.9892829,0
            36.2344197,49.9895623,0
            36.2335722,49.9896899,0
            36.2332288,49.9897382,0
            36.233084,49.9897451,0
            36.232966,49.9897175,0
            36.2328426,49.9896761,0
            36.2328094,49.9896115,0
            36.2327621,49.9895381,0
            36.2327836,49.9891553,0
            36.232789,49.988531,0
            36.2327192,49.9884138,0
            36.2325529,49.9883345,0
            36.2320862,49.9881758,0
            36.2308309,49.9878033,0
            36.2305413,49.9877205,0
            36.2302033,49.9876653,0
            36.2293665,49.9876205,0
            36.2291572,49.9875929,0
            36.2289105,49.9876171,0
            36.2285618,49.9877171,0
            36.2283579,49.9877861,0
            36.2282292,49.9879344,0
            36.2281112,49.9883172,0
            36.2280575,49.988469,0
            36.2279771,49.9885586,0
            36.2278591,49.9886207,0
            36.2276659,49.9886414,0
            36.2249301,49.9883965,0
            36.2211213,49.9880861,0
            36.2174682,49.9877792,0
            36.214625,49.9875446,0
            36.2129567,49.9874067,0
            36.2123398,49.9873687,0
            36.211916,49.9873618,0
            36.2114976,49.9873653,0
            36.2112937,49.9873687,0
            36.2104086,49.9872928,0
            36.2083165,49.9870962,0
            36.2081395,49.9871238,0
            36.2079839,49.9871721,0
            36.2078927,49.9872445,0
            36.2078498,49.9873894,0
            36.207839,49.9876033,0
            36.2077586,49.987993,0
            36.2076781,49.9880758,0
            36.2075762,49.9881206,0
            36.20697,49.988093,0
            36.2061868,49.9880413,0
            36.2059079,49.9879827,0
            36.2056879,49.9878654,0
            36.2056826,49.9876964,0
            36.2057094,49.9876136,0
            36.205762,49.9875766,0
          </coordinates>
        </LineString>
      </Placemark>
      <Placemark>
        <name>Остановка 602 м/р</name>
        <description>Трамвай – 6. 8, 23.</description>
        <styleUrl>#icon-1499-F57C00</styleUrl>
        <Point>
          <coordinates>
            36.3592184,49.9911163,0
          </coordinates>
        </Point>
      </Placemark>
      <Placemark>
        <name>вул. Руслана Плоходько</name>
        <description>Трамвай – 6, 8, 23.</description>
        <styleUrl>#icon-1718-F57C00</styleUrl>
        <Point>
          <coordinates>
            36.3514449,49.9898537,0
          </coordinates>
        </Point>
      </Placemark>
      <Placemark>
        <name>Тракторобудівників</name>
        <description>Трамвай – 6, 8.</description>
        <styleUrl>#icon-1883-F57C00</styleUrl>
        <Point>
          <coordinates>
            36.3406481,49.9885092,0
          </coordinates>
        </Point>
      </Placemark>
      <Placemark>
        <name>вул. Марії Занковецької</name>
        <description>Трамвай – 6, 8.</description>
        <styleUrl>#icon-1718-F57C00</styleUrl>
        <Point>
          <coordinates>
            36.3335636,49.9869338,0
          </coordinates>
        </Point>
      </Placemark>
      <Placemark>
        <name>вул. Балканська</name>
        <description>Трамвай – 6, 8.</description>
        <styleUrl>#icon-1718-F57C00</styleUrl>
        <Point>
          <coordinates>
            36.3268069,49.9865423,0
          </coordinates>
        </Point>
      </Placemark>
      <Placemark>
        <name>вул. Каунаська</name>
        <description>Трамвай – 6, 8.</description>
        <styleUrl>#icon-1718-F57C00</styleUrl>
        <Point>
          <coordinates>
            36.3193967,49.9875065,0
          </coordinates>
        </Point>
      </Placemark>
      <Placemark>
        <name>Остановка пр. Льва Ландау</name>
        <description>Трамвай – 6, 8.</description>
        <styleUrl>#icon-1718-F57C00</styleUrl>
        <Point>
          <coordinates>
            36.3129158,49.9884135,0
          </coordinates>
        </Point>
      </Placemark>
      <Placemark>
        <name>вул. Самсонівська</name>
        <description>Трамвай – 6, 8.</description>
        <styleUrl>#icon-1718-F57C00</styleUrl>
        <Point>
          <coordinates>
            36.3042148,49.9893925,0
          </coordinates>
        </Point>
      </Placemark>
      <Placemark>
        <name>вул. Михайлика</name>
        <description>Трамвай – 6, 8.</description>
        <styleUrl>#icon-1718-F57C00</styleUrl>
        <Point>
          <coordinates>
            36.3016186,49.9895998,0
          </coordinates>
        </Point>
      </Placemark>
      <Placemark>
        <name>вул. Халтуріна</name>
        <description>Трамвай – 6, 8.</description>
        <styleUrl>#icon-1718-F57C00</styleUrl>
        <Point>
          <coordinates>
            36.294409,49.9895363,0
          </coordinates>
        </Point>
      </Placemark>
      <Placemark>
        <name>Остановка пров. Салтівський</name>
        <description>Трамвай – 6, 8.</description>
        <styleUrl>#icon-1718-F57C00</styleUrl>
        <Point>
          <coordinates>
            36.291216,49.9915581,0
          </coordinates>
        </Point>
      </Placemark>
      <Placemark>
        <name>Сабурова Дача</name>
        <description>Трамвай – 6, 8, 16, 27.</description>
        <styleUrl>#icon-1718-F57C00</styleUrl>
        <Point>
          <coordinates>
            36.2864677,49.9899498,0
          </coordinates>
        </Point>
      </Placemark>
      <Placemark>
        <name>Остановка пров. Конюшений</name>
        <description>Трамвай – 6, 8, 16, 27.</description>
        <styleUrl>#icon-1601-F57C00</styleUrl>
        <Point>
          <coordinates>
            36.2786716,49.9864867,0
          </coordinates>
        </Point>
      </Placemark>
      <Placemark>
        <name>Універмаг Харків</name>
        <description>Трамвай – 6, 8, 27.</description>
        <styleUrl>#icon-1684-F57C00</styleUrl>
        <Point>
          <coordinates>
            36.2678196,49.9884915,0
          </coordinates>
        </Point>
      </Placemark>
      <Placemark>
        <name>вул. Ігоря Малицького</name>
        <description>Трамвай – 6.</description>
        <styleUrl>#icon-1718-F57C00</styleUrl>
        <Point>
          <coordinates>
            36.2579813,49.9906141,0
          </coordinates>
        </Point>
      </Placemark>
      <Placemark>
        <name>вул. Богдана Хмельницького</name>
        <description>Трамвай – 6.</description>
        <styleUrl>#icon-1718-F57C00</styleUrl>
        <Point>
          <coordinates>
            36.2518883,49.9900217,0
          </coordinates>
        </Point>
      </Placemark>
      <Placemark>
        <name>Остановка пл. Небесної Сотні</name>
        <description>Трамвай – 6.</description>
        <styleUrl>#icon-1718-F57C00</styleUrl>
        <Point>
          <coordinates>
            36.2462157,49.9895019,0
          </coordinates>
        </Point>
      </Placemark>
      <Placemark>
        <name>Остановка пров. Короленка</name>
        <styleUrl>#icon-1718-F57C00-nodesc</styleUrl>
        <Point>
          <coordinates>
            36.2357122,49.9894295,0
          </coordinates>
        </Point>
      </Placemark>
      <Placemark>
        <name>Остановка пл. Сергіївська</name>
        <description>Трамвай – 3, 6.</description>
        <styleUrl>#icon-1718-F57C00</styleUrl>
        <Point>
          <coordinates>
            36.2281943,49.9881911,0
          </coordinates>
        </Point>
      </Placemark>
      <Placemark>
        <name>Лопанська наб.</name>
        <description>Трамвай – 3, 6.</description>
        <styleUrl>#icon-1718-F57C00</styleUrl>
        <Point>
          <coordinates>
            36.2258906,49.9884955,0
          </coordinates>
        </Point>
      </Placemark>
      <Placemark>
        <name>Дитячий театр</name>
        <description>Трамвай – 3, 6.</description>
        <styleUrl>#icon-1709-F57C00</styleUrl>
        <Point>
          <coordinates>
            36.2208948,49.9881092,0
          </coordinates>
        </Point>
      </Placemark>
      <Placemark>
        <name>вул. Дмитрівська</name>
        <description>Трамвай – 3, 6.</description>
        <styleUrl>#icon-1718-F57C00</styleUrl>
        <Point>
          <coordinates>
            36.216227,49.987724,0
          </coordinates>
        </Point>
      </Placemark>
      <Placemark>
        <name>вул. Конєва</name>
        <description>Трамвай – 3, 6.</description>
        <styleUrl>#icon-1718-F57C00</styleUrl>
        <Point>
          <coordinates>
            36.2127257,49.9874049,0
          </coordinates>
        </Point>
      </Placemark>
    <Placemark>
        <name>Лінія маршруту</name>
        <styleUrl>#line-000000-3519-nodesc</styleUrl>
        <LineString>
          <tessellate>1</tessellate>
          <coordinates>
            36.205762,49.9875766,0
            36.2059283,49.9874973,0
            36.2061804,49.9874421,0
            36.2063252,49.9874904,0
            36.2064754,49.9875559,0
            36.206572,49.9876318,0
            36.2066471,49.9877421,0
            36.2067544,49.9879249,0
            36.206926,49.9880319,0
            36.2071514,49.9880939,0
            36.2074518,49.9881146,0
            36.2076932,49.9880422,0
            36.2077629,49.9878594,0
            36.2078219,49.9875386,0
            36.2078058,49.9874421,0
            36.2078595,49.9872213,0
            36.2079775,49.987142,0
            36.2081384,49.9870972,0
            36.2083208,49.9870696,0
            36.2085783,49.9871041,0
            36.2096297,49.9871972,0
            36.2105846,49.9872834,0
            36.2112176,49.9873386,0
            36.2116628,49.987342,0
            36.2121188,49.9873455,0
            36.2126928,49.9873593,0
            36.2131863,49.9874076,0
            36.2144201,49.987511,0
            36.2155091,49.9875973,0
            36.2179285,49.9877939,0
            36.2209111,49.9880422,0
            36.2225419,49.9881836,0
            36.2260717,49.9884699,0
            36.2269943,49.9885458,0
            36.2276166,49.9886147,0
            36.2278795,49.9885871,0
            36.227976,49.9885078,0
            36.2280404,49.9884147,0
            36.2280887,49.9882698,0
            36.2281316,49.9881353,0
            36.228196,49.9879111,0
            36.2282496,49.9878249,0
            36.2283462,49.9877594,0
            36.2286466,49.9876594,0
            36.2288558,49.9875973,0
            36.2291186,49.9875662,0
            36.2295156,49.9876076,0
            36.229816,49.9876214,0
            36.230213,49.9876421,0
            36.2305295,49.9876973,0
            36.2310445,49.9878491,0
            36.231597,49.9880181,0
            36.2320369,49.9881422,0
            36.2324499,49.9882664,0
            36.2326538,49.9883354,0
            36.2327665,49.9884078,0
            36.2328255,49.9885044,0
            36.2328362,49.9886872,0
            36.2328255,49.9890148,0
            36.2328255,49.9894149,0
            36.2328094,49.9896115,0
            36.2329274,49.9896874,0
            36.2331259,49.9897253,0
            36.233378,49.9897012,0
            36.2337106,49.9896494,0
            36.2341719,49.989577,0
            36.2357813,49.989308,0
            36.2369024,49.989139,0
            36.238737,49.9888148,0
            36.2394773,49.9886527,0
            36.2398207,49.9885837,0
            36.240223,49.9885389,0
            36.240577,49.9886009,0
            36.2410974,49.988732,0
            36.2417036,49.9888665,0
            36.2426906,49.9890941,0
            36.2432861,49.9892287,0
            36.2437367,49.9893114,0
            36.2442141,49.9893321,0
            36.2449383,49.9893494,0
            36.2470143,49.9893804,0
            36.2500774,49.9894632,0
            36.2503886,49.9894873,0
            36.2520944,49.9898426,0
            36.2527865,49.989984,0
            36.2534624,49.9901288,0
            36.2538486,49.9902116,0
            36.2541168,49.9902702,0
            36.2544226,49.9903116,0
            36.2546372,49.9903427,0
            36.2556511,49.9903909,0
            36.2562626,49.990422,0
            36.2576091,49.9904772,0
            36.2584835,49.9905254,0
            36.2594437,49.9905668,0
            36.2611764,49.9906393,0
            36.2623995,49.9907013,0
            36.2630379,49.9907082,0
            36.2634187,49.9906324,0
            36.2636655,49.9905599,0
            36.264041,49.9904151,0
            36.2645453,49.9901185,0
            36.2652051,49.9897425,0
            36.2660634,49.9892838,0
            36.2669324,49.9888217,0
            36.2675547,49.9885078,0
            36.2681233,49.9882112,0
            36.2687671,49.9879284,0
            36.2695342,49.987649,0
            36.2704569,49.9873179,0
            36.2720984,49.9867316,0
            36.2725222,49.9865143,0
            36.2737399,49.9857934,0
            36.2748986,49.9850828,0
            36.2753277,49.9848483,0
            36.2755423,49.984869,0
            36.2767976,49.9854002,0
            36.2778866,49.9858693,0
            36.27801,49.9860072,0
            36.2781709,49.9861452,0
            36.2784123,49.9862935,0
            36.2791043,49.9866039,0
            36.2800377,49.9870109,0
            36.2816792,49.9877456,0
            36.284061,49.9888113,0
            36.2862872,49.9897908,0
            36.2889641,49.9909462,0
            36.2901389,49.9914601,0
            36.2905359,49.9916532,0
            36.29067,49.9916774,0
            36.290906,49.9916394,0
            36.2910938,49.9915429,0
            36.2912332,49.9913739,0
            36.2917804,49.9905841,0
            36.2922418,49.9899012,0
            36.2925261,49.9895391,0
            36.2927406,49.9894597,0
            36.2929338,49.9894597,0
            36.2931269,49.9894839,0
            36.2943446,49.9894839,0
            36.2958198,49.9895115,0
            36.3002347,49.9896046,0
            36.3014364,49.9896046,0
            36.302182,49.9895632,0
            36.3032174,49.9894873,0
            36.3044834,49.9893356,0
            36.3050305,49.9892597,0
            36.3058352,49.9891631,0
            36.3075894,49.9889389,0
            36.3113176,49.9884802,0
            36.3141608,49.9881146,0
            36.3182485,49.9876007,0
            36.3220357,49.9871282,0
            36.325646,49.9866867,0
            36.3284999,49.9863383,0
            36.3291865,49.986259,0
            36.3300073,49.9862763,0
            36.3307046,49.9863418,0
            36.3314771,49.9864384,0
            36.3327592,49.9866591,0
            36.3339769,49.9869454,0
            36.3370776,49.9877421,0
            36.3390356,49.9882147,0
            36.3398241,49.9883388,0
            36.3410258,49.9885078,0
            36.3443893,49.9889458,0
            36.3475865,49.9893114,0
            36.3518029,49.9898322,0
            36.356486,49.9904358,0
            36.3596028,49.9908186,0
            36.3599193,49.99086,0
            36.3601231,49.9908945,0
            36.3603001,49.9909703,0
            36.3604181,49.9910704,0
            36.3604396,49.9911876,0
            36.3604289,49.9912807,0
            36.360386,49.9913601,0
            36.3603001,49.9914083,0
            36.360166,49.9914359,0
            36.3600158,49.9914359,0
            36.3598173,49.9913842,0
            36.3597208,49.9913152,0
            36.3596081,49.9912325,0
            36.3595223,49.9911773,0
            36.3593935,49.991098,0
            36.3593131,49.9910531,0
            36.3592594,49.9910117,0
          </coordinates>
        </LineString>
      </Placemark>
      <Placemark>
        <name>Станція залізничного вокзалу</name>
        <description>Трамвай – 3, 6.</description>
        <styleUrl>#icon-1499-000000</styleUrl>
        <Point>
          <coordinates>
            36.205709,49.9875428,0
          </coordinates>
        </Point>
      </Placemark>
      <Placemark>
        <name>вул. Конєва</name>
        <description>Трамвай – 3, 6.</description>
        <styleUrl>#icon-1718-000000</styleUrl>
        <Point>
          <coordinates>
            36.2128437,49.9873014,0
          </coordinates>
        </Point>
      </Placemark>
      <Placemark>
        <name>вул. Дмитрівська</name>
        <description>Трамвай – 3, 6.</description>
        <styleUrl>#icon-1718-000000</styleUrl>
        <Point>
          <coordinates>
            36.2158515,49.9874826,0
          </coordinates>
        </Point>
      </Placemark>
      <Placemark>
        <name>Дитячий театр</name>
        <description>Трамвай – 3, 6.</description>
        <styleUrl>#icon-1709-000000</styleUrl>
        <Point>
          <coordinates>
            36.2199614,49.9878609,0
          </coordinates>
        </Point>
      </Placemark>
      <Placemark>
        <name>Лопанська набережна.</name>
        <description>Трамвай – 3, 6.</description>
        <styleUrl>#icon-1718-000000</styleUrl>
        <Point>
          <coordinates>
            36.2255044,49.9883816,0
          </coordinates>
        </Point>
      </Placemark>
      <Placemark>
        <name>Остановка пров. Короленка</name>
        <description>Трамвай – 6.</description>
        <styleUrl>#icon-1718-000000</styleUrl>
        <Point>
          <coordinates>
            36.2365248,49.9891432,0
          </coordinates>
        </Point>
      </Placemark>
      <Placemark>
        <name>Остановка пл. Сергіївська</name>
        <description>Трамвай – 3, 6.</description>
        <styleUrl>#icon-1718-000000</styleUrl>
        <Point>
          <coordinates>
            36.2280763,49.9881117,0
          </coordinates>
        </Point>
      </Placemark>
      <Placemark>
        <name>Остановка пл. Небесної Сотні</name>
        <description>Трамвай – 6.</description>
        <styleUrl>#icon-1718-000000</styleUrl>
        <Point>
          <coordinates>
            36.2455506,49.9893088,0
          </coordinates>
        </Point>
      </Placemark>
      <Placemark>
        <name>вул. Богдана Хмельницького</name>
        <description>Трамвай – 6.</description>
        <styleUrl>#icon-1718-000000</styleUrl>
        <Point>
          <coordinates>
            36.2514376,49.9896906,0
          </coordinates>
        </Point>
      </Placemark>
      <Placemark>
        <name>вул. Ігоря Малицького</name>
        <description>Трамвай – 6.</description>
        <styleUrl>#icon-1718-000000</styleUrl>
        <Point>
          <coordinates>
            36.2582891,49.990483,0
          </coordinates>
        </Point>
      </Placemark>
      <Placemark>
        <name>Універмаг Харків</name>
        <description>Трамвай – 6, 8, 27.</description>
        <styleUrl>#icon-1684-000000</styleUrl>
        <Point>
          <coordinates>
            36.2678555,49.9883006,0
          </coordinates>
        </Point>
      </Placemark>
      <Placemark>
        <name>Остановка пров. Конюшений</name>
        <description>Трамвай – 6, 8, 16, 27.</description>
        <styleUrl>#icon-1601-000000</styleUrl>
        <Point>
          <coordinates>
            36.2784409,49.9862246,0
          </coordinates>
        </Point>
      </Placemark>
      <Placemark>
        <name>Сабурова Дача</name>
        <description>Трамвай – 6, 8, 16, 27.</description>
        <styleUrl>#icon-1718-000000</styleUrl>
        <Point>
          <coordinates>
            36.2859635,49.9896251,0
          </coordinates>
        </Point>
      </Placemark>
      <Placemark>
        <name>Остановка пров. Салтівський</name>
        <description>Трамвай – 6, 8.</description>
        <styleUrl>#icon-1718-000000</styleUrl>
        <Point>
          <coordinates>
            36.2915379,49.9908132,0
          </coordinates>
        </Point>
      </Placemark>
      <Placemark>
        <name>вул. Халтуріна</name>
        <description>Трамвай – 6, 8.</description>
        <styleUrl>#icon-1718-000000</styleUrl>
        <Point>
          <coordinates>
            36.2945583,49.9894277,0
          </coordinates>
        </Point>
      </Placemark>
      <Placemark>
        <name>вул. Самсонівська</name>
        <description>Трамвай – 6, 8.</description>
        <styleUrl>#icon-1718-000000</styleUrl>
        <Point>
          <coordinates>
            36.3041023,49.9893545,0
          </coordinates>
        </Point>
      </Placemark>
      <Placemark>
        <name>Остановка пр. Льва Ландау</name>
        <description>Трамвай – 6, 8.</description>
        <styleUrl>#icon-1718-000000</styleUrl>
        <Point>
          <coordinates>
            36.3116283,49.9883721,0
          </coordinates>
        </Point>
      </Placemark>
      <Placemark>
        <name>вул. Каунаська</name>
        <description>Трамвай – 6, 8.</description>
        <styleUrl>#icon-1718-000000</styleUrl>
        <Point>
          <coordinates>
            36.3187369,49.9874996,0
          </coordinates>
        </Point>
      </Placemark>
      <Placemark>
        <name>вул. Балканська</name>
        <description>Трамвай – 6, 8.</description>
        <styleUrl>#icon-1718-000000</styleUrl>
        <Point>
          <coordinates>
            36.3269625,49.9864629,0
          </coordinates>
        </Point>
      </Placemark>
      <Placemark>
        <name>вул. Марії Занковецької</name>
        <description>Трамвай – 6, 8.</description>
        <styleUrl>#icon-1718-000000</styleUrl>
        <Point>
          <coordinates>
            36.3332846,49.9867062,0
          </coordinates>
        </Point>
      </Placemark>
      <Placemark>
        <name>Тракторобудівників</name>
        <description>Трамвай – 6, 8, 23.</description>
        <styleUrl>#icon-1883-000000</styleUrl>
        <Point>
          <coordinates>
            36.339468,49.9881919,0
          </coordinates>
        </Point>
      </Placemark>
      <Placemark>
        <name>вул. Руслана Плоходько</name>
        <description>Трамвай – 6, 8, 23.</description>
        <styleUrl>#icon-1718-000000</styleUrl>
        <Point>
          <coordinates>
            36.3509943,49.9895777,0
          </coordinates>
        </Point>
      </Placemark>
      <Placemark>
        <name>Остановка 602 м/р</name>
        <description>Трамвай – 6, 8, 23.</description>
        <styleUrl>#icon-1546-000000</styleUrl>
        <Point>
          <coordinates>
            36.358639,49.9907162,0
          </coordinates>
        </Point>
      </Placemark>
    </Folder><Folder><name>Трамвай №7</name><Placemark>
        <name>Лінія маршруту</name>
        <styleUrl>#line-F57C00-3713-nodesc</styleUrl>
        <LineString>
          <tessellate>1</tessellate>
          <coordinates>
            36.2077796,49.9671678,0
            36.2080747,49.9670384,0
            36.2088874,49.9666796,0
            36.209507,49.9664242,0
            36.2102634,49.9660999,0
            36.2116071,49.9655426,0
            36.212165,49.9652993,0
            36.2124386,49.9651699,0
            36.2130421,49.9648697,0
            36.2140158,49.9643607,0
            36.2141552,49.9643021,0
            36.2143349,49.9642175,0
            36.2153113,49.9637344,0
            36.2162983,49.9632565,0
            36.2164217,49.9632271,0
            36.2165236,49.9632323,0
            36.2166256,49.9632409,0
            36.2166712,49.9632755,0
            36.2170708,49.9635757,0
            36.2179532,49.9642244,0
            36.2188303,49.9648801,0
            36.2192568,49.9652079,0
            36.2193239,49.9652545,0
            36.2193963,49.9652821,0
            36.2195036,49.9653355,0
            36.219576,49.9653839,0
            36.2201017,49.9657841,0
            36.2202975,49.9659584,0
            36.220386,49.966105,0
            36.2204289,49.9661861,0
            36.2204987,49.9662914,0
            36.2209922,49.9670712,0
            36.221475,49.9678355,0
            36.2220007,49.9686774,0
            36.2223199,49.9691829,0
            36.2225935,49.9695331,0
            36.223036,49.9701973,0
            36.2231782,49.9704078,0
            36.2232211,49.9704733,0
            36.2232613,49.9705423,0
            36.2232908,49.9706027,0
            36.223315,49.9706821,0
            36.2233418,49.9707562,0
            36.2233472,49.9708735,0
            36.2233418,49.9709719,0
            36.2233257,49.9714722,0
            36.2233177,49.9723847,0
            36.2233177,49.9733387,0
            36.2232962,49.9745807,0
            36.2232748,49.9754104,0
            36.2231514,49.9763764,0
            36.2229931,49.9772234,0
            36.222918,49.9774303,0
            36.2226417,49.977984,0
            36.2224245,49.978398,0
            36.2222662,49.9786912,0
            36.2221831,49.9788275,0
            36.2219953,49.9789707,0
            36.2218746,49.9790207,0
            36.221703,49.9790966,0
            36.2216252,49.9791293,0
            36.221483,49.979238,0
            36.2212175,49.9794622,0
            36.220445,49.9801711,0
            36.2196538,49.9808973,0
            36.2189644,49.9815303,0
            36.218766,49.9816872,0
            36.2184468,49.9818735,0
            36.2180632,49.982096,0
            36.2173766,49.9824875,0
            36.2172264,49.9825513,0
            36.2163091,49.9828911,0
            36.2158477,49.983048,0
            36.2155312,49.9831722,0
            36.2153059,49.9833153,0
            36.2148151,49.9836913,0
            36.2136537,49.9845657,0
            36.2130502,49.9849934,0
            36.2129,49.9851452,0
            36.2127873,49.9853763,0
            36.2124064,49.9866766,0
            36.2122348,49.987225,0
            36.2120685,49.9872768,0
            36.2117198,49.9873458,0
            36.2113443,49.9873527,0
            36.2108669,49.9873147,0
            36.2086353,49.9871147,0
            36.2081525,49.9870905,0
            36.2079754,49.9871423,0
            36.2078735,49.9872388,0
            36.2077769,49.987739,0
            36.2077555,49.987958,0
            36.2077206,49.9880442,0
            36.2076428,49.9880959,0
            36.2075087,49.9881339,0
            36.2073505,49.9881322,0
            36.2061515,49.9880339,0
            36.2059343,49.988008,0
            36.2058431,49.9879666,0
            36.2057331,49.987889,0
            36.2056875,49.9878183,0
            36.2056848,49.9877631,0
            36.2056956,49.9876614,0
            36.2057385,49.987601,0
            36.2057921,49.9875734,0
          </coordinates>
        </LineString>
      </Placemark>
      <Placemark>
        <name>Зупинка Новоселівка</name>
        <description>Трамвай-7.</description>
        <styleUrl>#icon-1499-F57C00</styleUrl>
        <Point>
          <coordinates>
            36.2077676,49.9671349,0
          </coordinates>
        </Point>
      </Placemark>
      <Placemark>
        <name>вул. Сущенська</name>
        <description>Трамвай-7.</description>
        <styleUrl>#icon-1718-F57C00</styleUrl>
        <Point>
          <coordinates>
            36.2108538,49.9657735,0
          </coordinates>
        </Point>
      </Placemark>
      <Placemark>
        <name>вул. Фельшерська</name>
        <description>Трамвай-7.</description>
        <styleUrl>#icon-1718-F57C00</styleUrl>
        <Point>
          <coordinates>
            36.2134662,49.9645776,0
          </coordinates>
        </Point>
      </Placemark>
      <Placemark>
        <name>вул. Миколи Бажана</name>
        <description>Трамвай-7.</description>
        <styleUrl>#icon-1718-F57C00</styleUrl>
        <Point>
          <coordinates>
            36.2167652,49.9634303,0
          </coordinates>
        </Point>
      </Placemark>
      <Placemark>
        <name>Парк Квітки Основ'яненко</name>
        <description>Трамвай-3, 7, 27.</description>
        <styleUrl>#icon-1720-F57C00</styleUrl>
        <Point>
          <coordinates>
            36.2207672,49.9663494,0
          </coordinates>
        </Point>
      </Placemark>
      <Placemark>
        <name>вул. Валер'янівська</name>
        <description>Трамвай-3, 7, 27.</description>
        <styleUrl>#icon-1718-F57C00</styleUrl>
        <Point>
          <coordinates>
            36.2233315,49.9702553,0
          </coordinates>
        </Point>
      </Placemark>
      <Placemark>
        <name>Косметологічна поліклініка</name>
        <description>Трамвай-3, 7, 27.</description>
        <styleUrl>#icon-1624-F57C00</styleUrl>
        <Point>
          <coordinates>
            36.2234924,49.9746302,0
          </coordinates>
        </Point>
      </Placemark>
      <Placemark>
        <name>вул. Катерининська</name>
        <description>Трамвай-7</description>
        <styleUrl>#icon-1718-F57C00</styleUrl>
        <Point>
          <coordinates>
            36.2206062,49.9801705,0
          </coordinates>
        </Point>
      </Placemark>
      <Placemark>
        <name>Остановка наб. Нетеченська</name>
        <description>Трамвай-7.</description>
        <styleUrl>#icon-1720-F57C00</styleUrl>
        <Point>
          <coordinates>
            36.2182568,49.9822817,0
          </coordinates>
        </Point>
      </Placemark>
      <Placemark>
        <name>вул. Полтавський шлях</name>
        <description>Трамвай-7.</description>
        <styleUrl>#icon-1718-F57C00</styleUrl>
        <Point>
          <coordinates>
            36.2126992,49.9868348,0
          </coordinates>
        </Point>
      </Placemark>
    <Placemark>
        <name>Лінія маршруту</name>
        <styleUrl>#line-000000-3519-nodesc</styleUrl>
        <LineString>
          <tessellate>1</tessellate>
          <coordinates>
            36.2057921,49.9875734,0
            36.2059048,49.9875092,0
            36.2060711,49.9874679,0
            36.2062588,49.9874679,0
            36.2064251,49.9875196,0
            36.2065217,49.9875955,0
            36.2066451,49.9877507,0
            36.2068006,49.9879818,0
            36.206924,49.988068,0
            36.2070903,49.9880921,0
            36.207321,49.9881059,0
            36.2074873,49.9881094,0
            36.2076107,49.988068,0
            36.2076911,49.9880059,0
            36.2077072,49.9879266,0
            36.2078574,49.9871919,0
            36.2079325,49.9871436,0
            36.2080559,49.9870816,0
            36.2082061,49.987054,0
            36.2084046,49.9870781,0
            36.2096599,49.9871885,0
            36.2113497,49.9873299,0
            36.2115911,49.9873299,0
            36.2117734,49.9873127,0
            36.2120524,49.9872506,0
            36.2122187,49.9871919,0
            36.2123957,49.9865883,0
            36.2127498,49.9853811,0
            36.2128034,49.9852604,0
            36.2128624,49.9851224,0
            36.2130073,49.9849914,0
            36.2138656,49.9843774,0
            36.215373,49.9832288,0
            36.2154964,49.9831598,0
            36.2157002,49.983077,0
            36.2163708,49.9828493,0
            36.2169126,49.9826458,0
            36.2173256,49.9824802,0
            36.2174275,49.9824285,0
            36.2178245,49.9822112,0
            36.2184951,49.9818214,0
            36.2187955,49.9816351,0
            36.218994,49.9814626,0
            36.2203458,49.980238,0
            36.2212202,49.979417,0
            36.2215045,49.979179,0
            36.2216225,49.9790928,0
            36.2217298,49.9790652,0
            36.2218103,49.9790238,0
            36.221939,49.9789686,0
            36.2220892,49.9788789,0
            36.2221697,49.9787961,0
            36.2223789,49.9784166,0
            36.2226686,49.9778543,0
            36.2229368,49.9772954,0
            36.222969,49.9771264,0
            36.2230387,49.9767849,0
            36.2232372,49.9754394,0
            36.2232694,49.9738593,0
            36.2232855,49.9718237,0
            36.2233123,49.970799,0
            36.2232855,49.9707128,0
            36.2232265,49.9705437,0
            36.2230548,49.970278,0
            36.2226257,49.9696294,0
            36.2223199,49.9692291,0
            36.2221751,49.9690083,0
            36.221129,49.9673486,0
            36.22026,49.9659649,0
            36.2201741,49.9658856,0
            36.2195894,49.965437,0
            36.2193963,49.9653093,0
            36.2192783,49.9652714,0
            36.2166229,49.9632768,0
            36.2165317,49.9632596,0
            36.2163976,49.9632527,0
            36.2163064,49.9632803,0
            36.2141016,49.9643638,0
            36.2136564,49.9645812,0
            36.2129751,49.964947,0
            36.2115857,49.9655888,0
            36.2110546,49.9658097,0
            36.2103894,49.9660754,0
            36.2093916,49.9664998,0
            36.208528,49.966869,0
            36.2080827,49.9670622,0
            36.2082007,49.9671657,0
            36.2085226,49.9674418,0
            36.2086514,49.9676143,0
            36.2086299,49.9677144,0
            36.2084046,49.9678317,0
            36.2077877,49.967987,0
            36.2075677,49.9680042,0
            36.2073961,49.9679283,0
            36.2072512,49.9677385,0
            36.2071869,49.9675764,0
            36.2072137,49.9674556,0
            36.2073693,49.9673486,0
            36.2078896,49.9671243,0
          </coordinates>
        </LineString>
      </Placemark>
      <Placemark>
        <name>Станція залізничного вокзалу</name>
        <description>Трамвай-1, 7, 12, 20.</description>
        <styleUrl>#icon-1499-000000</styleUrl>
        <Point>
          <coordinates>
            36.2058064,49.987644,0
          </coordinates>
        </Point>
      </Placemark>
      <Placemark>
        <name>вул. Полтавський шлях</name>
        <description>Трамвай - 7.</description>
        <styleUrl>#icon-1718-000000</styleUrl>
        <Point>
          <coordinates>
            36.2122112,49.9865695,0
          </coordinates>
        </Point>
      </Placemark>
      <Placemark>
        <name>Остановка наб. Нетеченська</name>
        <description>Трамвай – 7.</description>
        <styleUrl>#icon-1720-000000</styleUrl>
        <Point>
          <coordinates>
            36.2177842,49.9819819,0
          </coordinates>
        </Point>
      </Placemark>
      <Placemark>
        <name>вул. Катеринінська</name>
        <description>Трамвай – 7.</description>
        <styleUrl>#icon-1718-000000</styleUrl>
        <Point>
          <coordinates>
            36.2208575,49.9795293,0
          </coordinates>
        </Point>
      </Placemark>
      <Placemark>
        <name>Косметологічна поліклініка</name>
        <description>Трамвай-3, 7, 27.</description>
        <styleUrl>#icon-1624-000000</styleUrl>
        <Point>
          <coordinates>
            36.2231066,49.9744138,0
          </coordinates>
        </Point>
      </Placemark>
      <Placemark>
        <name>вул. Валеріївська</name>
        <description>Трамвай-3, 7, 27.</description>
        <styleUrl>#icon-1718-000000</styleUrl>
        <Point>
          <coordinates>
            36.2230822,49.9709833,0
          </coordinates>
        </Point>
      </Placemark>
      <Placemark>
        <name>Парк Квітки Основ'яненко</name>
        <description>Трамвай-3, 7, 27.</description>
        <styleUrl>#icon-1720-000000</styleUrl>
        <Point>
          <coordinates>
            36.2203634,49.9665026,0
          </coordinates>
        </Point>
      </Placemark>
      <Placemark>
        <name>вул. Миколи Бажана</name>
        <description>Трамвай-7.</description>
        <styleUrl>#icon-1718-000000</styleUrl>
        <Point>
          <coordinates>
            36.2161776,49.9632417,0
          </coordinates>
        </Point>
      </Placemark>
      <Placemark>
        <name>вул. Фельдшерська</name>
        <description>Трамвай-7.</description>
        <styleUrl>#icon-1718-000000</styleUrl>
        <Point>
          <coordinates>
            36.213423,49.9647115,0
          </coordinates>
        </Point>
      </Placemark>
      <Placemark>
        <name>Зупинка Новоселівка</name>
        <description>Трамвай-7.</description>
        <styleUrl>#icon-1718-000000</styleUrl>
        <Point>
          <coordinates>
            36.2080934,49.9679252,0
          </coordinates>
        </Point>
      </Placemark>
    </Folder><Folder><name>Трамвай №8</name><Placemark>
        <name>Лінія маршруту</name>
        <styleUrl>#line-F57C00-3713-nodesc</styleUrl>
        <LineString>
          <tessellate>1</tessellate>
          <coordinates>
            36.3594053,49.9911277,0
            36.3591532,49.9908967,0
            36.3589976,49.9907725,0
            36.3560364,49.9903828,0
            36.3525227,49.9899275,0
            36.3506237,49.9896861,0
            36.3481025,49.9893757,0
            36.3449804,49.989017,0
            36.3441221,49.9889066,0
            36.3399217,49.9883617,0
            36.3389883,49.9881927,0
            36.3361613,49.9874994,0
            36.3340209,49.986951,0
            36.3329158,49.9866923,0
            36.3320521,49.9865302,0
            36.3314996,49.9864475,0
            36.3306306,49.9863371,0
            36.3299171,49.9862647,0
            36.3290373,49.9862784,0
            36.3272027,49.9864923,0
            36.32179,49.9871683,0
            36.3185821,49.9875684,0
            36.3152132,49.9879927,0
            36.3100526,49.9886307,0
            36.3063888,49.9890963,0
            36.3034705,49.9894619,0
            36.3030574,49.9895171,0
            36.3021991,49.9895619,0
            36.3008634,49.9896102,0
            36.2980417,49.9895619,0
            36.2947265,49.989493,0
            36.2931065,49.9894792,0
            36.2928382,49.9894654,0
            36.2926827,49.9894757,0
            36.2925271,49.989524,0
            36.2916205,49.9908035,0
            36.2910251,49.9916209,0
            36.2908588,49.9916726,0
            36.2906335,49.9916795,0
            36.2905691,49.9916657,0
            36.2879727,49.9905069,0
            36.2858538,49.9896275,0
            36.2848184,49.9891688,0
            36.2821255,49.9879582,0
            36.2784401,49.9863026,0
            36.2781665,49.9861577,0
            36.2779359,49.9859439,0
            36.2758008,49.9849988,0
            36.2755112,49.9848574,0
            36.2753824,49.9848539,0
            36.275259,49.9848953,0
            36.275141,49.9849608,0
            36.2732527,49.9860887,0
            36.2726466,49.9864544,0
            36.2721638,49.9867096,0
            36.2714878,49.9869441,0
            36.2688271,49.9879064,0
            36.2678186,49.9883927,0
            36.2665097,49.9890549,0
            36.2651578,49.9897758,0
            36.264954,49.9898413,0
            36.2646536,49.9898482,0
            36.2643854,49.9897792,0
            36.2638167,49.9893067,0
            36.2623952,49.9880892,0
            36.2600777,49.9861129,0
            36.2590531,49.9852471,0
            36.258463,49.9848988,0
            36.258109,49.9846297,0
            36.255357,49.9822704,0
            36.2550727,49.9820461,0
            36.2549869,49.9818978,0
            36.2550137,49.981784,0
            36.2550781,49.9816943,0
            36.2553195,49.981546,0
            36.2557594,49.9813148,0
            36.256092,49.9811286,0
            36.2564567,49.9809423,0
            36.2567303,49.9807802,0
            36.2571702,49.980587,0
            36.2576262,49.9803938,0
            36.2581948,49.9802006,0
            36.2586562,49.9800764,0
            36.2591765,49.9799316,0
            36.2594447,49.9797867,0
            36.2598739,49.9794452,0
            36.2600724,49.9793831,0
            36.2603835,49.9793175,0
            36.2625346,49.9788415,0
            36.2649111,49.9783275,0
            36.2661771,49.9780342,0
            36.2666491,49.9779307,0
            36.2668744,49.97791,0
            36.2671802,49.977879,0
            36.2677113,49.9778341,0
            36.2687252,49.9776927,0
            36.2712518,49.977365,0
            36.2716541,49.9773443,0
            36.2727109,49.9771925,0
            36.2738911,49.9769855,0
            36.2743203,49.9768751,0
            36.2750176,49.9767475,0
            36.2757526,49.9766371,0
            36.2767074,49.9764646,0
            36.2782685,49.9762024,0
            36.2819646,49.9755848,0
            36.2855963,49.9749777,0
            36.28992,49.9742532,0
            36.2901399,49.9741497,0
            36.290215,49.9740013,0
            36.2901614,49.9737667,0
            36.2893728,49.9719036,0
            36.288375,49.9695643,0
            36.2882892,49.9693918,0
            36.2880156,49.9690088,0
            36.2875543,49.968336,0
            36.2870125,49.9675596,0
            36.2865458,49.9668454,0
            36.286476,49.9666935,0
            36.2863795,49.9664175,0
            36.2859074,49.9652408,0
            36.2850706,49.9631083,0
            36.2837777,49.9598368,0
            36.2832306,49.9584977,0
            36.2823508,49.9560474,0
            36.281986,49.9551707,0
            36.2813745,49.9536521,0
            36.2812135,49.9532517,0
            36.281235,49.9505249,0
            36.2813208,49.9479775,0
            36.2814067,49.9469212,0
            36.2813959,49.9448327,0
            36.2813959,49.9444875,0
            36.2814013,49.9441802,0
            36.2813101,49.9440732,0
            36.2811277,49.9440042,0
            36.2808809,49.9439765,0
            36.2803767,49.9439662,0
            36.2780485,49.9439869,0
            36.2778179,49.9439973,0
            36.2775818,49.9440421,0
            36.2774424,49.9440525,0
            36.2758169,49.944087,0
            36.2750069,49.9441077,0
            36.2739877,49.9442182,0
            36.2704847,49.9446911,0
            36.2695352,49.9448223,0
            36.268634,49.9449086,0
            36.2658016,49.9452021,0
            36.263232,49.9454955,0
            36.2627331,49.9456646,0
            36.2620197,49.945965,0
            36.2615798,49.946141,0
            36.261333,49.9462308,0
            36.2610165,49.9461928,0
            36.2609146,49.9460616,0
            36.2608663,49.945927,0
            36.2609039,49.9457475,0
          </coordinates>
        </LineString>
      </Placemark>
      <Placemark>
        <name>Остановка 602 мікрорайон</name>
        <description>Трамвай-8, 26.</description>
        <styleUrl>#icon-1499-F57C00</styleUrl>
        <Point>
          <coordinates>
            36.3592712,49.9911733,0
          </coordinates>
        </Point>
      </Placemark>
      <Placemark>
        <name>вул. Руслана Плоходько</name>
        <description>Трамвай-6, 8.</description>
        <styleUrl>#icon-1718-F57C00</styleUrl>
        <Point>
          <coordinates>
            36.3512031,49.9897834,0
          </coordinates>
        </Point>
      </Placemark>
      <Placemark>
        <name>Тракторобудівників</name>
        <description>Трамвай-6, 8.</description>
        <styleUrl>#icon-1883-F57C00</styleUrl>
        <Point>
          <coordinates>
            36.3408605,49.9885383,0
          </coordinates>
        </Point>
      </Placemark>
      <Placemark>
        <name>вул. Марії Занковецької</name>
        <description>Трамвай-6, 8.</description>
        <styleUrl>#icon-1718-F57C00</styleUrl>
        <Point>
          <coordinates>
            36.3335542,49.9868897,0
          </coordinates>
        </Point>
      </Placemark>
      <Placemark>
        <name>вул. Балканська</name>
        <description>Трамвай-6, 8.</description>
        <styleUrl>#icon-1718-F57C00</styleUrl>
        <Point>
          <coordinates>
            36.3270418,49.9866001,0
          </coordinates>
        </Point>
      </Placemark>
      <Placemark>
        <name>вул. Каунаська</name>
        <description>Трамвай-8, 26.</description>
        <styleUrl>#icon-1718-F57C00</styleUrl>
        <Point>
          <coordinates>
            36.3196722,49.9875175,0
          </coordinates>
        </Point>
      </Placemark>
      <Placemark>
        <name>Остановка пр. Льва Ландау</name>
        <description>Трамвай-6, 8.</description>
        <styleUrl>#icon-1532-F57C00</styleUrl>
        <Point>
          <coordinates>
            36.312999,49.9882693,0
          </coordinates>
        </Point>
      </Placemark>
      <Placemark>
        <name>вул. Самсонівська</name>
        <description>Трамвай-8, 26.</description>
        <styleUrl>#icon-1718-F57C00</styleUrl>
        <Point>
          <coordinates>
            36.3041772,49.9894023,0
          </coordinates>
        </Point>
      </Placemark>
      <Placemark>
        <name>вул. Михайлика</name>
        <description>Трамвай-6, 8.</description>
        <styleUrl>#icon-1718-F57C00</styleUrl>
        <Point>
          <coordinates>
            36.3015888,49.9896214,0
          </coordinates>
        </Point>
      </Placemark>
      <Placemark>
        <name>вул. Халтуріна</name>
        <description>Трамвай-6, 8.</description>
        <styleUrl>#icon-1718-F57C00</styleUrl>
        <Point>
          <coordinates>
            36.2943485,49.9895544,0
          </coordinates>
        </Point>
      </Placemark>
      <Placemark>
        <name>Остановка пров. Салтівський</name>
        <description>Трамвай-8, 26.</description>
        <styleUrl>#icon-1718-F57C00</styleUrl>
        <Point>
          <coordinates>
            36.2912049,49.9915595,0
          </coordinates>
        </Point>
      </Placemark>
      <Placemark>
        <name>Сабурова Дача</name>
        <description>Трамвай-8, 16, 26, 27.</description>
        <styleUrl>#icon-1718-F57C00</styleUrl>
        <Point>
          <coordinates>
            36.2864091,49.9899765,0
          </coordinates>
        </Point>
      </Placemark>
      <Placemark>
        <name>Остановка пров. Конюшений</name>
        <description>Трамвай-8, 27.</description>
        <styleUrl>#icon-1601-F57C00</styleUrl>
        <Point>
          <coordinates>
            36.2786093,49.9864378,0
          </coordinates>
        </Point>
      </Placemark>
      <Placemark>
        <name>Універмаг Харків</name>
        <description>Трамвай-8, 27.</description>
        <styleUrl>#icon-1684-F57C00</styleUrl>
        <Point>
          <coordinates>
            36.2678482,49.9884934,0
          </coordinates>
        </Point>
      </Placemark>
      <Placemark>
        <name>Станція метро Захисників України</name>
        <description>Трамвай-8, 27.</description>
        <styleUrl>#icon-1626-F57C00</styleUrl>
        <Point>
          <coordinates>
            36.2638693,49.9894792,0
          </coordinates>
        </Point>
      </Placemark>
      <Placemark>
        <name>Зупинка Кінний ринок</name>
        <description>Трамвай-8, 27.</description>
        <styleUrl>#icon-1578-F57C00</styleUrl>
        <Point>
          <coordinates>
            36.2608601,49.9870097,0
          </coordinates>
        </Point>
      </Placemark>
      <Placemark>
        <name>вул. Георгія Тарасенка</name>
        <description>Трамвай-8, 27.</description>
        <styleUrl>#icon-1718-F57C00</styleUrl>
        <Point>
          <coordinates>
            36.2549549,49.9820635,0
          </coordinates>
        </Point>
      </Placemark>
      <Placemark>
        <name>Станція метро Спортивна</name>
        <description>Трамвай-8.</description>
        <styleUrl>#icon-1626-F57C00</styleUrl>
        <Point>
          <coordinates>
            36.2606036,49.9792108,0
          </coordinates>
        </Point>
      </Placemark>
      <Placemark>
        <name>вул. Добровольців</name>
        <description>Трамвай-8.</description>
        <styleUrl>#icon-1718-F57C00</styleUrl>
        <Point>
          <coordinates>
            36.2669497,49.9778688,0
          </coordinates>
        </Point>
      </Placemark>
      <Placemark>
        <name>вул. Польова</name>
        <description>Трамвай-8.</description>
        <styleUrl>#icon-1718-F57C00</styleUrl>
        <Point>
          <coordinates>
            36.2731457,49.9770443,0
          </coordinates>
        </Point>
      </Placemark>
      <Placemark>
        <name>Станція метро Заводська</name>
        <description>Трамвай-8.</description>
        <styleUrl>#icon-1626-F57C00</styleUrl>
        <Point>
          <coordinates>
            36.2812835,49.9755712,0
          </coordinates>
        </Point>
      </Placemark>
      <Placemark>
        <name>Остановка парк Машинобудівників</name>
        <description>Трамвай-8.</description>
        <styleUrl>#icon-1720-F57C00</styleUrl>
        <Point>
          <coordinates>
            36.2898451,49.9736771,0
          </coordinates>
        </Point>
      </Placemark>
      <Placemark>
        <name>Остановка Алея Слави</name>
        <description>Трамвай-8.</description>
        <styleUrl>#icon-1720-F57C00</styleUrl>
        <Point>
          <coordinates>
            36.2861973,49.9670525,0
          </coordinates>
        </Point>
      </Placemark>
      <Placemark>
        <name>вул. Мухачова</name>
        <description>Трамвай-8.</description>
        <styleUrl>#icon-1718-F57C00</styleUrl>
        <Point>
          <coordinates>
            36.2845665,49.9630152,0
          </coordinates>
        </Point>
      </Placemark>
      <Placemark>
        <name>вул. Орлова</name>
        <description>Трамвай-8.</description>
        <styleUrl>#icon-1718-F57C00</styleUrl>
        <Point>
          <coordinates>
            36.2818736,49.9555885,0
          </coordinates>
        </Point>
      </Placemark>
      <Placemark>
        <name>вул. Костичева</name>
        <description>Трамвай-8.</description>
        <styleUrl>#icon-1718-F57C00</styleUrl>
        <Point>
          <coordinates>
            36.2810367,49.9493074,0
          </coordinates>
        </Point>
      </Placemark>
      <Placemark>
        <name>вул. Киргизька</name>
        <description>Трамвай-8.</description>
        <styleUrl>#icon-1718-F57C00</styleUrl>
        <Point>
          <coordinates>
            36.2811547,49.946463,0
          </coordinates>
        </Point>
      </Placemark>
      <Placemark>
        <name>Остановка пр.Байрона</name>
        <description>Трамвай-8.</description>
        <styleUrl>#icon-1718-F57C00</styleUrl>
        <Point>
          <coordinates>
            36.2812407,49.9444983,0
          </coordinates>
        </Point>
      </Placemark>
      <Placemark>
        <name>вул. Миколи Кравченка</name>
        <description>Трамвай-8.</description>
        <styleUrl>#icon-1718-F57C00</styleUrl>
        <Point>
          <coordinates>
            36.2754792,49.9440841,0
          </coordinates>
        </Point>
      </Placemark>
      <Placemark>
        <name>вул. Манюшка</name>
        <description>Трамвай-8.</description>
        <styleUrl>#icon-1718-F57C00</styleUrl>
        <Point>
          <coordinates>
            36.2687308,49.9450161,0
          </coordinates>
        </Point>
      </Placemark>
    <Placemark>
        <name>Лінія маршруту</name>
        <styleUrl>#line-000000-3519-nodesc</styleUrl>
        <LineString>
          <tessellate>1</tessellate>
          <coordinates>
            36.2609039,49.9457475,0
            36.2610555,49.9455454,0
            36.2614417,49.9454626,0
            36.2622035,49.9454764,0
            36.2631154,49.9454626,0
            36.2644458,49.9453038,0
            36.2699819,49.94471,0
            36.2717521,49.9444684,0
            36.2747347,49.9440817,0
            36.2757003,49.9440265,0
            36.2768912,49.9440058,0
            36.2774599,49.943985,0
            36.2777603,49.9439367,0
            36.2788331,49.943916,0
            36.2805068,49.9438884,0
            36.2810326,49.9439367,0
            36.2813437,49.9440127,0
            36.2815154,49.94413,0
            36.2815046,49.944275,0
            36.2814832,49.9470505,0
            36.2814403,49.9477133,0
            36.2813222,49.9500674,0
            36.2813008,49.9531118,0
            36.2813115,49.9533189,0
            36.2814295,49.9535467,0
            36.2826741,49.9567358,0
            36.2833822,49.9587375,0
            36.2844443,49.9613189,0
            36.2861288,49.9655841,0
            36.2865794,49.9667642,0
            36.2867296,49.966985,0
            36.2884247,49.9694624,0
            36.288532,49.9697592,0
            36.2898624,49.9729127,0
            36.290313,49.9739546,0
            36.2902272,49.9741616,0
            36.2901413,49.9742513,0
            36.2898302,49.974341,0
            36.2876415,49.974686,0
            36.2815583,49.9757072,0
            36.2744558,49.9768871,0
            36.2740052,49.9770112,0
            36.2736297,49.9771009,0
            36.2719023,49.9773631,0
            36.2715054,49.9773907,0
            36.2712371,49.9774183,0
            36.2673533,49.9779358,0
            36.2669027,49.9779841,0
            36.2659585,49.9781428,0
            36.2600899,49.9794261,0
            36.2598217,49.9795365,0
            36.2595963,49.9797572,0
            36.2593818,49.9798883,0
            36.2590492,49.9800263,0
            36.2583733,49.9802057,0
            36.2577617,49.980392,0
            36.2556481,49.9814337,0
            36.2554979,49.9815234,0
            36.2551439,49.9817235,0
            36.2550688,49.9818822,0
            36.2551546,49.9820546,0
            36.2572896,49.9838483,0
            36.2584162,49.9847865,0
            36.2587541,49.9850107,0
            36.2592638,49.9853591,0
            36.25943,49.9855178,0
            36.260283,49.9862387,0
            36.2610126,49.9868733,0
            36.2621176,49.9878115,0
            36.2635875,49.98906,0
            36.2642902,49.9896567,0
            36.264419,49.9897601,0
            36.2645584,49.9898015,0
            36.2646872,49.9898257,0
            36.264891,49.9898257,0
            36.2650573,49.9897912,0
            36.2652665,49.989698,0
            36.2656045,49.9895015,0
            36.266216,49.9891842,0
            36.2672514,49.9886427,0
            36.267702,49.9884254,0
            36.268056,49.9882357,0
            36.2685817,49.9879977,0
            36.2688553,49.9878735,0
            36.2694132,49.9876735,0
            36.2702394,49.9873734,0
            36.2719721,49.9867491,0
            36.2721652,49.9866732,0
            36.2724924,49.9865077,0
            36.2733668,49.9859869,0
            36.2739086,49.9856557,0
            36.2752497,49.9848555,0
            36.2753302,49.9848417,0
            36.2754053,49.9848245,0
            36.2754858,49.9848348,0
            36.2755769,49.9848624,0
            36.2756628,49.9849107,0
            36.2765104,49.9852867,0
            36.2779212,49.9859075,0
            36.2780231,49.98598,0
            36.278227,49.9861559,0
            36.2783504,49.9862249,0
            36.2805015,49.9871975,0
            36.283527,49.988553,0
            36.2855279,49.9894463,0
            36.2887251,49.9908017,0
            36.2904364,49.9915777,0
            36.2905759,49.9916432,0
            36.2906671,49.991657,0
            36.2907851,49.991657,0
            36.2908709,49.9916432,0
            36.2909782,49.9915984,0
            36.291064,49.9915225,0
            36.2916434,49.9907017,0
            36.2924695,49.9895394,0
            36.2925822,49.9894601,0
            36.2926626,49.9894463,0
            36.2927538,49.9894394,0
            36.2944758,49.9894566,0
            36.295377,49.9894773,0
            36.3007736,49.9895808,0
            36.3009882,49.9895773,0
            36.3016158,49.9895566,0
            36.3029301,49.989498,0
            36.3032091,49.9894704,0
            36.3039064,49.9893738,0
            36.306181,49.989091,0
            36.310038,49.9886013,0
            36.3137555,49.9881391,0
            36.3189912,49.9874907,0
            36.3212818,49.987201,0
            36.3226229,49.9870354,0
            36.3255733,49.9866595,0
            36.3289368,49.9862559,0
            36.3291353,49.9862525,0
            36.3294733,49.9862387,0
            36.330176,49.9862594,0
            36.3304067,49.9862869,0
            36.3321072,49.9864973,0
            36.3329494,49.9866698,0
            36.333974,49.9869043,0
            36.3361788,49.98747,0
            36.3366616,49.9875976,0
            36.3372463,49.9877459,0
            36.3380456,49.9879253,0
            36.3385981,49.9880632,0
            36.3389844,49.9881633,0
            36.3392097,49.9882046,0
            36.3395959,49.9882805,0
            36.33995,49.9883323,0
            36.340583,49.988415,0
            36.3411677,49.9884944,0
            36.3424873,49.9886668,0
            36.3436353,49.9888186,0
            36.3445795,49.9889358,0
            36.3480234,49.9893394,0
            36.3489461,49.9894463,0
            36.3546377,49.990174,0
            36.3592565,49.9907844,0
            36.3599807,49.990881,0
            36.3601524,49.9909224,0
            36.3603401,49.9910155,0
            36.3604206,49.9911293,0
            36.3604367,49.9912776,0
            36.3603401,49.991388,0
            36.360206,49.9914363,0
            36.3600343,49.9914397,0
            36.3598841,49.9913983,0
            36.35975,49.9913466,0
            36.3596052,49.9912811,0
            36.3594979,49.9912052,0
            36.3594053,49.9911277,0
          </coordinates>
        </LineString>
      </Placemark>
      <Placemark>
        <name>вул. Одеська</name>
        <description>Трамвай-8.</description>
        <styleUrl>#icon-1499-000000</styleUrl>
        <Point>
          <coordinates>
            36.2608773,49.9458654,0
          </coordinates>
        </Point>
      </Placemark>
      <Placemark>
        <name>вул. Манюшка</name>
        <description>Трамвай – 8.</description>
        <styleUrl>#icon-1718-000000</styleUrl>
        <Point>
          <coordinates>
            36.2684578,49.9448942,0
          </coordinates>
        </Point>
      </Placemark>
      <Placemark>
        <name>вул. Миколи Кравчненка</name>
        <description>Трамвай – 8.</description>
        <styleUrl>#icon-1718-000000</styleUrl>
        <Point>
          <coordinates>
            36.2751462,49.9440173,0
          </coordinates>
        </Point>
      </Placemark>
      <Placemark>
        <name>вул. Морозова</name>
        <description>Трамвай – 8.</description>
        <styleUrl>#icon-1718-000000</styleUrl>
        <Point>
          <coordinates>
            36.2806704,49.9439552,0
          </coordinates>
        </Point>
      </Placemark>
      <Placemark>
        <name>вул. Киргизька</name>
        <description>Трамвай – 8.</description>
        <styleUrl>#icon-1718-000000</styleUrl>
        <Point>
          <coordinates>
            36.281603,49.9459168,0
          </coordinates>
        </Point>
      </Placemark>
      <Placemark>
        <name>вул. Костичева</name>
        <description>Трамвай – 8.</description>
        <styleUrl>#icon-1718-000000</styleUrl>
        <Point>
          <coordinates>
            36.2815632,49.9485463,0
          </coordinates>
        </Point>
      </Placemark>
      <Placemark>
        <name>вул. Орлова</name>
        <description>Трамвай – 8.</description>
        <styleUrl>#icon-1718-000000</styleUrl>
        <Point>
          <coordinates>
            36.2825154,49.9557141,0
          </coordinates>
        </Point>
      </Placemark>
      <Placemark>
        <name>вул. Мухачова</name>
        <description>Трамвай – 8.</description>
        <styleUrl>#icon-1718-000000</styleUrl>
        <Point>
          <coordinates>
            36.2852701,49.9630693,0
          </coordinates>
        </Point>
      </Placemark>
      <Placemark>
        <name>Остановка Алея Слави</name>
        <description>Трамвай – 8.</description>
        <styleUrl>#icon-1720-000000</styleUrl>
        <Point>
          <coordinates>
            36.2865693,49.9663544,0
          </coordinates>
        </Point>
      </Placemark>
      <Placemark>
        <name>Остановка парк Машинобудівників</name>
        <description>Трамвай – 8.</description>
        <styleUrl>#icon-1720-000000</styleUrl>
        <Point>
          <coordinates>
            36.2903742,49.9736275,0
          </coordinates>
        </Point>
      </Placemark>
      <Placemark>
        <name>Станція метро Заводська</name>
        <description>Трамвай – 8.</description>
        <styleUrl>#icon-1626-000000</styleUrl>
        <Point>
          <coordinates>
            36.2804822,49.9758907,0
          </coordinates>
        </Point>
      </Placemark>
      <Placemark>
        <name>вул. Польова</name>
        <description>Трамвай – 8.</description>
        <styleUrl>#icon-1718-000000</styleUrl>
        <Point>
          <coordinates>
            36.2725686,49.9773183,0
          </coordinates>
        </Point>
      </Placemark>
      <Placemark>
        <name>вул. Добровольців</name>
        <description>Трамвай – 8.</description>
        <styleUrl>#icon-1718-000000</styleUrl>
        <Point>
          <coordinates>
            36.2683604,49.9777451,0
          </coordinates>
        </Point>
      </Placemark>
      <Placemark>
        <name>Станція метро Спортивна</name>
        <description>Трамвай – 8.</description>
        <styleUrl>#icon-1626-000000</styleUrl>
        <Point>
          <coordinates>
            36.2608937,49.9792702,0
          </coordinates>
        </Point>
      </Placemark>
      <Placemark>
        <name>вул. Молочна</name>
        <description>Трамвай – 8.</description>
        <styleUrl>#icon-1718-000000</styleUrl>
        <Point>
          <coordinates>
            36.2552772,49.9816125,0
          </coordinates>
        </Point>
      </Placemark>
      <Placemark>
        <name>Зупинка Кінний ринок</name>
        <description>Трамвай – 8.</description>
        <styleUrl>#icon-1578-000000</styleUrl>
        <Point>
          <coordinates>
            36.2610475,49.9869391,0
          </coordinates>
        </Point>
      </Placemark>
      <Placemark>
        <name>Станція метро Захисників України</name>
        <description>Трамвай – 8.</description>
        <styleUrl>#icon-1626-000000</styleUrl>
        <Point>
          <coordinates>
            36.2641282,49.9895236,0
          </coordinates>
        </Point>
      </Placemark>
      <Placemark>
        <name>Універмаг Харків</name>
        <description>Трамвай – 8.</description>
        <styleUrl>#icon-1684-000000</styleUrl>
        <Point>
          <coordinates>
            36.2677977,49.9883024,0
          </coordinates>
        </Point>
      </Placemark>
      <Placemark>
        <name>Остановка пров. Конюшений</name>
        <description>Трамвай-8, 27.</description>
        <styleUrl>#icon-1601-000000</styleUrl>
        <Point>
          <coordinates>
            36.278462,49.9861778,0
          </coordinates>
        </Point>
      </Placemark>
      <Placemark>
        <name>Сабурова Дача</name>
        <description>Трамвай-8, 27.</description>
        <styleUrl>#icon-1718-000000</styleUrl>
        <Point>
          <coordinates>
            36.2860486,49.9895911,0
          </coordinates>
        </Point>
      </Placemark>
      <Placemark>
        <name>Остановка пров. Салтівський</name>
        <description>Трамвай-8, 27.</description>
        <styleUrl>#icon-1718-000000</styleUrl>
        <Point>
          <coordinates>
            36.2915203,49.990812,0
          </coordinates>
        </Point>
      </Placemark>
      <Placemark>
        <name>вул. Халтуріна</name>
        <description>Трамвай-6, 8.</description>
        <styleUrl>#icon-1718-000000</styleUrl>
        <Point>
          <coordinates>
            36.2945407,49.9894411,0
          </coordinates>
        </Point>
      </Placemark>
      <Placemark>
        <name>вул. Михалика</name>
        <description>Трамвай-6, 8.</description>
        <styleUrl>#icon-1718-000000</styleUrl>
        <Point>
          <coordinates>
            36.3009623,49.989538,0
          </coordinates>
        </Point>
      </Placemark>
      <Placemark>
        <name>вул. Самсонівська</name>
        <description>Трамвай-6, 8.</description>
        <styleUrl>#icon-1718-000000</styleUrl>
        <Point>
          <coordinates>
            36.3041225,49.9893506,0
          </coordinates>
        </Point>
      </Placemark>
      <Placemark>
        <name>Остановка пр. Льва Ландау</name>
        <description>Трамвай-6, 8.</description>
        <styleUrl>#icon-1718-000000</styleUrl>
        <Point>
          <coordinates>
            36.311422,49.9883722,0
          </coordinates>
        </Point>
      </Placemark>
      <Placemark>
        <name>вул. Каунаська</name>
        <description>Трамвай-6, 8.</description>
        <styleUrl>#icon-1718-000000</styleUrl>
        <Point>
          <coordinates>
            36.3194353,49.9873432,0
          </coordinates>
        </Point>
      </Placemark>
      <Placemark>
        <name>вул. Балканська</name>
        <description>Трамвай-6, 8.</description>
        <styleUrl>#icon-1718-000000</styleUrl>
        <Point>
          <coordinates>
            36.3270325,49.986364,0
          </coordinates>
        </Point>
      </Placemark>
      <Placemark>
        <name>вул. Марії Занковецької</name>
        <description>Трамвай-6, 8.</description>
        <styleUrl>#icon-1718-000000</styleUrl>
        <Point>
          <coordinates>
            36.3332892,49.9867356,0
          </coordinates>
        </Point>
      </Placemark>
      <Placemark>
        <name>Тракторобудівників</name>
        <description>Трамвай-6, 8.</description>
        <styleUrl>#icon-1883-000000</styleUrl>
        <Point>
          <coordinates>
            36.3394422,49.9882327,0
          </coordinates>
        </Point>
      </Placemark>
      <Placemark>
        <name>вул. Руслана Плоходько</name>
        <description>Трамвай-6, 8.</description>
        <styleUrl>#icon-1718-000000</styleUrl>
        <Point>
          <coordinates>
            36.3509871,49.9897064,0
          </coordinates>
        </Point>
      </Placemark>
      <Placemark>
        <name>Остановка 602 м/р</name>
        <description>Трамвай-6, 8.</description>
        <styleUrl>#icon-1546-000000</styleUrl>
        <Point>
          <coordinates>
            36.3586387,49.9907177,0
          </coordinates>
        </Point>
      </Placemark>
    </Folder></Document></kml>